tool_id,g1,g2,g3,g4,g5,description,scope,returns,inputs
attestations.attestor_analytics,attestations,attestor,attestor_analytics,Attestor analytics,EAS attestations by attester,"Volume, recipients, and schema breakdown for a specific attesting address.",generic,[],"[{""key"": ""chain"", ""type"": ""chain"", ""label"": ""Chain"", ""default"": ""optimism"", ""options"": [{""label"": ""Ethereum"", ""value"": ""ethereum""}, {""label"": ""Base"", ""value"": ""base""}, {""label"": ""Optimism"", ""value"": ""optimism""}, {""label"": ""Arbitrum"", ""value"": ""arbitrum""}, {""label"": ""Polygon"", ""value"": ""polygon""}, {""label"": ""BSC"", ""value"": ""bsc""}, {""label"": ""Avalanche"", ""value"": ""avalanche""}, {""label"": ""Celo"", ""value"": ""celo""}], ""required"": true}, {""key"": ""attestor_address"", ""type"": ""address"", ""label"": ""Attestor address"", ""required"": true, ""placeholder"": ""0x...""}, {""key"": ""days"", ""type"": ""select"", ""label"": ""Time range"", ""default"": ""30"", ""options"": [{""label"": ""Last 7 days"", ""value"": ""7""}, {""label"": ""Last 30 days"", ""value"": ""30""}, {""label"": ""Last 90 days"", ""value"": ""90""}, {""label"": ""Last 180 days"", ""value"": ""180""}, {""label"": ""Last year"", ""value"": ""365""}, {""label"": ""All time"", ""value"": ""all""}], ""required"": true}]"
attestations.by_schema,attestations,schema,by_schema,Attestation analytics by schema,EAS attestations by schema,"Deep metrics for a specific EAS schema — daily check-ins, quest completions, any custom schema.",generic,[],"[{""key"": ""chain"", ""type"": ""chain"", ""label"": ""Chain"", ""default"": ""optimism"", ""options"": [{""label"": ""Ethereum"", ""value"": ""ethereum""}, {""label"": ""Base"", ""value"": ""base""}, {""label"": ""Optimism"", ""value"": ""optimism""}, {""label"": ""Arbitrum"", ""value"": ""arbitrum""}, {""label"": ""Polygon"", ""value"": ""polygon""}, {""label"": ""BSC"", ""value"": ""bsc""}, {""label"": ""Avalanche"", ""value"": ""avalanche""}, {""label"": ""Celo"", ""value"": ""celo""}], ""required"": true}, {""key"": ""schema_uid"", ""type"": ""schema_uid"", ""label"": ""Schema UID"", ""required"": true, ""placeholder"": ""0x57fe1f84...""}, {""key"": ""days"", ""type"": ""select"", ""label"": ""Time range"", ""default"": ""30"", ""options"": [{""label"": ""Last 7 days"", ""value"": ""7""}, {""label"": ""Last 30 days"", ""value"": ""30""}, {""label"": ""Last 90 days"", ""value"": ""90""}, {""label"": ""Last 180 days"", ""value"": ""180""}, {""label"": ""Last year"", ""value"": ""365""}, {""label"": ""All time"", ""value"": ""all""}], ""required"": true}]"
attestations.gitcoin_passport,attestations,passport,gitcoin_passport,Gitcoin Passport score distribution,Gitcoin Passport stamps,Score distribution and stamp breakdown for Gitcoin Passport holders.,generic,[],"[{""key"": ""chain"", ""type"": ""chain"", ""label"": ""Chain"", ""default"": ""optimism"", ""options"": [{""label"": ""Ethereum"", ""value"": ""ethereum""}, {""label"": ""Base"", ""value"": ""base""}, {""label"": ""Optimism"", ""value"": ""optimism""}, {""label"": ""Arbitrum"", ""value"": ""arbitrum""}, {""label"": ""Polygon"", ""value"": ""polygon""}, {""label"": ""BSC"", ""value"": ""bsc""}, {""label"": ""Avalanche"", ""value"": ""avalanche""}, {""label"": ""Celo"", ""value"": ""celo""}], ""required"": true}, {""key"": ""wallet"", ""type"": ""address"", ""label"": ""Wallet address (optional \u2014 leave empty for aggregate view)"", ""required"": false, ""placeholder"": ""0x...""}]"
attestations.multi_schema,attestations,schema,multi_schema,Multi-schema attestation dashboard,EAS multi-schema comparison,Compare metrics across multiple EAS schemas simultaneously.,generic,[],"[{""key"": ""chain"", ""type"": ""chain"", ""label"": ""Chain"", ""default"": ""optimism"", ""options"": [{""label"": ""Ethereum"", ""value"": ""ethereum""}, {""label"": ""Base"", ""value"": ""base""}, {""label"": ""Optimism"", ""value"": ""optimism""}, {""label"": ""Arbitrum"", ""value"": ""arbitrum""}, {""label"": ""Polygon"", ""value"": ""polygon""}, {""label"": ""BSC"", ""value"": ""bsc""}, {""label"": ""Avalanche"", ""value"": ""avalanche""}, {""label"": ""Celo"", ""value"": ""celo""}], ""required"": true}, {""key"": ""schema_uids"", ""type"": ""address[]"", ""label"": ""Schema UIDs"", ""required"": true, ""placeholder"": ""0x...""}, {""key"": ""days"", ""type"": ""select"", ""label"": ""Time range"", ""default"": ""30"", ""options"": [{""label"": ""Last 7 days"", ""value"": ""7""}, {""label"": ""Last 30 days"", ""value"": ""30""}, {""label"": ""Last 90 days"", ""value"": ""90""}, {""label"": ""Last 180 days"", ""value"": ""180""}, {""label"": ""Last year"", ""value"": ""365""}, {""label"": ""All time"", ""value"": ""all""}], ""required"": true}]"
attestations.recipient_analytics,attestations,recipient,recipient_analytics,Recipient analytics,EAS attestations by recipient,All attestations received by a wallet — schema breakdown and full timeline.,generic,[],"[{""key"": ""chain"", ""type"": ""chain"", ""label"": ""Chain"", ""default"": ""optimism"", ""options"": [{""label"": ""Ethereum"", ""value"": ""ethereum""}, {""label"": ""Base"", ""value"": ""base""}, {""label"": ""Optimism"", ""value"": ""optimism""}, {""label"": ""Arbitrum"", ""value"": ""arbitrum""}, {""label"": ""Polygon"", ""value"": ""polygon""}, {""label"": ""BSC"", ""value"": ""bsc""}, {""label"": ""Avalanche"", ""value"": ""avalanche""}, {""label"": ""Celo"", ""value"": ""celo""}], ""required"": true}, {""key"": ""recipient_address"", ""type"": ""address"", ""label"": ""Recipient address"", ""required"": true, ""placeholder"": ""0x...""}]"
attestations.volume,attestations,volume,volume,Attestation volume,EAS attestation volume,Daily attestation counts on EAS — total volume and per-schema breakdown.,generic,[],"[{""key"": ""chain"", ""type"": ""chain"", ""label"": ""Chain"", ""default"": ""optimism"", ""options"": [{""label"": ""Ethereum"", ""value"": ""ethereum""}, {""label"": ""Base"", ""value"": ""base""}, {""label"": ""Optimism"", ""value"": ""optimism""}, {""label"": ""Arbitrum"", ""value"": ""arbitrum""}, {""label"": ""Polygon"", ""value"": ""polygon""}, {""label"": ""BSC"", ""value"": ""bsc""}, {""label"": ""Avalanche"", ""value"": ""avalanche""}, {""label"": ""Celo"", ""value"": ""celo""}], ""required"": true}, {""key"": ""days"", ""type"": ""select"", ""label"": ""Time range"", ""default"": ""30"", ""options"": [{""label"": ""Last 7 days"", ""value"": ""7""}, {""label"": ""Last 30 days"", ""value"": ""30""}, {""label"": ""Last 90 days"", ""value"": ""90""}, {""label"": ""Last 180 days"", ""value"": ""180""}, {""label"": ""Last year"", ""value"": ""365""}, {""label"": ""All time"", ""value"": ""all""}], ""required"": true}]"
bridges.comparison,bridges,protocol,comparison,Bridge protocol comparison,Cross-bridge protocol comparison,"Side-by-side volume, users, and fees for all bridge protocols.",generic,[],"[{""key"": ""days"", ""type"": ""select"", ""label"": ""Time range"", ""default"": ""30"", ""options"": [{""label"": ""Last 7 days"", ""value"": ""7""}, {""label"": ""Last 30 days"", ""value"": ""30""}, {""label"": ""Last 90 days"", ""value"": ""90""}, {""label"": ""Last 180 days"", ""value"": ""180""}, {""label"": ""Last year"", ""value"": ""365""}, {""label"": ""All time"", ""value"": ""all""}], ""required"": true}]"
bridges.cross_chain_wallet,bridges,wallet,cross_chain_wallet,Cross-chain wallet tracker,Wallet bridge activity,All bridge activity for a wallet across all supported chains.,generic,[],"[{""key"": ""wallet"", ""type"": ""address"", ""label"": ""Wallet address"", ""required"": true, ""placeholder"": ""0x...""}, {""key"": ""days"", ""type"": ""select"", ""label"": ""Time range"", ""default"": ""90"", ""options"": [{""label"": ""Last 7 days"", ""value"": ""7""}, {""label"": ""Last 30 days"", ""value"": ""30""}, {""label"": ""Last 90 days"", ""value"": ""90""}, {""label"": ""Last 180 days"", ""value"": ""180""}, {""label"": ""Last year"", ""value"": ""365""}, {""label"": ""All time"", ""value"": ""all""}], ""required"": true}]"
bridges.fees,bridges,fees,fees,Bridge fee analysis,Bridge protocol fees,"Protocol fees, relayer fees, and effective fee rate on bridges.",generic,[],"[{""key"": ""protocol"", ""type"": ""select"", ""label"": ""Bridge protocol"", ""default"": ""across"", ""options"": [{""label"": ""All bridges"", ""value"": ""all""}, {""label"": ""Optimism Bridge"", ""value"": ""optimism_bridge""}, {""label"": ""Arbitrum Bridge"", ""value"": ""arbitrum_bridge""}, {""label"": ""Base Bridge"", ""value"": ""base_bridge""}, {""label"": ""Across"", ""value"": ""across""}, {""label"": ""Stargate"", ""value"": ""stargate""}, {""label"": ""Hop"", ""value"": ""hop""}, {""label"": ""Synapse"", ""value"": ""synapse""}], ""required"": true}, {""key"": ""days"", ""type"": ""select"", ""label"": ""Time range"", ""default"": ""30"", ""options"": [{""label"": ""Last 7 days"", ""value"": ""7""}, {""label"": ""Last 30 days"", ""value"": ""30""}, {""label"": ""Last 90 days"", ""value"": ""90""}, {""label"": ""Last 180 days"", ""value"": ""180""}, {""label"": ""Last year"", ""value"": ""365""}, {""label"": ""All time"", ""value"": ""all""}], ""required"": true}]"
bridges.latency,bridges,latency,latency,Bridge settlement latency,Source-to-destination confirmation time,Time from source transaction to destination confirmation by protocol.,generic,[],"[{""key"": ""protocol"", ""type"": ""select"", ""label"": ""Bridge protocol"", ""default"": ""across"", ""options"": [{""label"": ""All bridges"", ""value"": ""all""}, {""label"": ""Optimism Bridge"", ""value"": ""optimism_bridge""}, {""label"": ""Arbitrum Bridge"", ""value"": ""arbitrum_bridge""}, {""label"": ""Base Bridge"", ""value"": ""base_bridge""}, {""label"": ""Across"", ""value"": ""across""}, {""label"": ""Stargate"", ""value"": ""stargate""}, {""label"": ""Hop"", ""value"": ""hop""}, {""label"": ""Synapse"", ""value"": ""synapse""}], ""required"": true}, {""key"": ""days"", ""type"": ""select"", ""label"": ""Time range"", ""default"": ""30"", ""options"": [{""label"": ""Last 7 days"", ""value"": ""7""}, {""label"": ""Last 30 days"", ""value"": ""30""}, {""label"": ""Last 90 days"", ""value"": ""90""}, {""label"": ""Last 180 days"", ""value"": ""180""}, {""label"": ""Last year"", ""value"": ""365""}, {""label"": ""All time"", ""value"": ""all""}], ""required"": true}]"
bridges.tvl,bridges,tvl,tvl,Bridge TVL by protocol,Bridge contract TVL,Assets locked in bridge contracts — a proxy for bridge security risk.,generic,[],"[{""key"": ""chain"", ""type"": ""chain"", ""label"": ""Chain"", ""default"": ""ethereum"", ""options"": [{""label"": ""Ethereum"", ""value"": ""ethereum""}, {""label"": ""Base"", ""value"": ""base""}, {""label"": ""Optimism"", ""value"": ""optimism""}, {""label"": ""Arbitrum"", ""value"": ""arbitrum""}, {""label"": ""Polygon"", ""value"": ""polygon""}, {""label"": ""BSC"", ""value"": ""bsc""}, {""label"": ""Avalanche"", ""value"": ""avalanche""}, {""label"": ""Celo"", ""value"": ""celo""}], ""required"": true}, {""key"": ""protocol"", ""type"": ""select"", ""label"": ""Bridge protocol"", ""default"": ""all"", ""options"": [{""label"": ""All bridges"", ""value"": ""all""}, {""label"": ""Optimism Bridge"", ""value"": ""optimism_bridge""}, {""label"": ""Arbitrum Bridge"", ""value"": ""arbitrum_bridge""}, {""label"": ""Base Bridge"", ""value"": ""base_bridge""}, {""label"": ""Across"", ""value"": ""across""}, {""label"": ""Stargate"", ""value"": ""stargate""}, {""label"": ""Hop"", ""value"": ""hop""}, {""label"": ""Synapse"", ""value"": ""synapse""}], ""required"": true}, {""key"": ""days"", ""type"": ""select"", ""label"": ""Time range"", ""default"": ""90"", ""options"": [{""label"": ""Last 7 days"", ""value"": ""7""}, {""label"": ""Last 30 days"", ""value"": ""30""}, {""label"": ""Last 90 days"", ""value"": ""90""}, {""label"": ""Last 180 days"", ""value"": ""180""}, {""label"": ""Last year"", ""value"": ""365""}, {""label"": ""All time"", ""value"": ""all""}], ""required"": true}]"
bridges.user_flows,bridges,flows,user_flows,Bridge user flows,Bridge net flow by chain,Where users are bridging to and from — chain-level net flow breakdown.,generic,[],"[{""key"": ""protocol"", ""type"": ""select"", ""label"": ""Bridge protocol"", ""default"": ""all"", ""options"": [{""label"": ""All bridges"", ""value"": ""all""}, {""label"": ""Optimism Bridge"", ""value"": ""optimism_bridge""}, {""label"": ""Arbitrum Bridge"", ""value"": ""arbitrum_bridge""}, {""label"": ""Base Bridge"", ""value"": ""base_bridge""}, {""label"": ""Across"", ""value"": ""across""}, {""label"": ""Stargate"", ""value"": ""stargate""}, {""label"": ""Hop"", ""value"": ""hop""}, {""label"": ""Synapse"", ""value"": ""synapse""}], ""required"": true}, {""key"": ""days"", ""type"": ""select"", ""label"": ""Time range"", ""default"": ""30"", ""options"": [{""label"": ""Last 7 days"", ""value"": ""7""}, {""label"": ""Last 30 days"", ""value"": ""30""}, {""label"": ""Last 90 days"", ""value"": ""90""}, {""label"": ""Last 180 days"", ""value"": ""180""}, {""label"": ""Last year"", ""value"": ""365""}, {""label"": ""All time"", ""value"": ""all""}], ""required"": true}]"
bridges.volume,bridges,volume,volume,Bridge volume by token,Cross-chain bridge volume,Daily cross-chain bridge volume broken down by token and protocol.,generic,[],"[{""key"": ""source_chain"", ""type"": ""chain"", ""label"": ""Source chain"", ""default"": ""ethereum"", ""options"": [{""label"": ""Ethereum"", ""value"": ""ethereum""}, {""label"": ""Base"", ""value"": ""base""}, {""label"": ""Optimism"", ""value"": ""optimism""}, {""label"": ""Arbitrum"", ""value"": ""arbitrum""}, {""label"": ""Polygon"", ""value"": ""polygon""}, {""label"": ""BSC"", ""value"": ""bsc""}, {""label"": ""Avalanche"", ""value"": ""avalanche""}, {""label"": ""Celo"", ""value"": ""celo""}], ""required"": true}, {""key"": ""dest_chain"", ""type"": ""chain"", ""label"": ""Destination chain"", ""default"": ""base"", ""options"": [{""label"": ""Ethereum"", ""value"": ""ethereum""}, {""label"": ""Base"", ""value"": ""base""}, {""label"": ""Optimism"", ""value"": ""optimism""}, {""label"": ""Arbitrum"", ""value"": ""arbitrum""}, {""label"": ""Polygon"", ""value"": ""polygon""}, {""label"": ""BSC"", ""value"": ""bsc""}, {""label"": ""Avalanche"", ""value"": ""avalanche""}, {""label"": ""Celo"", ""value"": ""celo""}], ""required"": true}, {""key"": ""protocol"", ""type"": ""select"", ""label"": ""Bridge protocol"", ""default"": ""all"", ""options"": [{""label"": ""All bridges"", ""value"": ""all""}, {""label"": ""Optimism Bridge"", ""value"": ""optimism_bridge""}, {""label"": ""Arbitrum Bridge"", ""value"": ""arbitrum_bridge""}, {""label"": ""Base Bridge"", ""value"": ""base_bridge""}, {""label"": ""Across"", ""value"": ""across""}, {""label"": ""Stargate"", ""value"": ""stargate""}, {""label"": ""Hop"", ""value"": ""hop""}, {""label"": ""Synapse"", ""value"": ""synapse""}], ""required"": true}, {""key"": ""days"", ""type"": ""select"", ""label"": ""Time range"", ""default"": ""30"", ""options"": [{""label"": ""Last 7 days"", ""value"": ""7""}, {""label"": ""Last 30 days"", ""value"": ""30""}, {""label"": ""Last 90 days"", ""value"": ""90""}, {""label"": ""Last 180 days"", ""value"": ""180""}, {""label"": ""Last year"", ""value"": ""365""}, {""label"": ""All time"", ""value"": ""all""}], ""required"": true}]"
chains.blob_usage,chains,blob,blob_usage,Blob usage (EIP-4844),L2 blob submission (EIP-4844),"Blob transaction volume, fees saved, and L2 blob submission breakdown since Dencun.",generic,[],"[{""key"": ""chain"", ""type"": ""chain"", ""label"": ""Chain"", ""default"": ""ethereum"", ""options"": [{""label"": ""Ethereum"", ""value"": ""ethereum""}], ""required"": true}, {""key"": ""days"", ""type"": ""select"", ""label"": ""Time range"", ""default"": ""90"", ""options"": [{""label"": ""Last 7 days"", ""value"": ""7""}, {""label"": ""Last 30 days"", ""value"": ""30""}, {""label"": ""Last 90 days"", ""value"": ""90""}, {""label"": ""Last 180 days"", ""value"": ""180""}, {""label"": ""Last year"", ""value"": ""365""}, {""label"": ""All time"", ""value"": ""all""}], ""required"": true}]"
chains.cross_chain_comparison,chains,comparison,cross_chain_comparison,Cross-chain activity comparison,Multi-chain DAU/TPS comparison,"DAU, TPS, and fees side-by-side across multiple chains.",generic,[],"[{""key"": ""chains"", ""type"": ""chain[]"", ""label"": ""Chains to compare"", ""default"": [""ethereum"", ""base"", ""arbitrum""], ""options"": [{""label"": ""Ethereum"", ""value"": ""ethereum""}, {""label"": ""Base"", ""value"": ""base""}, {""label"": ""Optimism"", ""value"": ""optimism""}, {""label"": ""Arbitrum"", ""value"": ""arbitrum""}, {""label"": ""Polygon"", ""value"": ""polygon""}, {""label"": ""BSC"", ""value"": ""bsc""}, {""label"": ""Avalanche"", ""value"": ""avalanche""}, {""label"": ""Celo"", ""value"": ""celo""}], ""required"": true}, {""key"": ""days"", ""type"": ""select"", ""label"": ""Time range"", ""default"": ""30"", ""options"": [{""label"": ""Last 7 days"", ""value"": ""7""}, {""label"": ""Last 30 days"", ""value"": ""30""}, {""label"": ""Last 90 days"", ""value"": ""90""}, {""label"": ""Last 180 days"", ""value"": ""180""}, {""label"": ""Last year"", ""value"": ""365""}, {""label"": ""All time"", ""value"": ""all""}], ""required"": true}]"
chains.dau_tps,chains,dau,dau_tps,Chain DAU / TPS,Chain DAU and TPS,Daily active users and transactions per second for any supported chain.,generic,[],"[{""key"": ""chain"", ""type"": ""chain"", ""label"": ""Chain"", ""default"": ""ethereum"", ""options"": [{""label"": ""Ethereum"", ""value"": ""ethereum""}, {""label"": ""Base"", ""value"": ""base""}, {""label"": ""Optimism"", ""value"": ""optimism""}, {""label"": ""Arbitrum"", ""value"": ""arbitrum""}, {""label"": ""Polygon"", ""value"": ""polygon""}, {""label"": ""BSC"", ""value"": ""bsc""}, {""label"": ""Avalanche"", ""value"": ""avalanche""}, {""label"": ""Celo"", ""value"": ""celo""}], ""required"": true}, {""key"": ""days"", ""type"": ""select"", ""label"": ""Time range"", ""default"": ""90"", ""options"": [{""label"": ""Last 7 days"", ""value"": ""7""}, {""label"": ""Last 30 days"", ""value"": ""30""}, {""label"": ""Last 90 days"", ""value"": ""90""}, {""label"": ""Last 180 days"", ""value"": ""180""}, {""label"": ""Last year"", ""value"": ""365""}, {""label"": ""All time"", ""value"": ""all""}], ""required"": true}, {""key"": ""granularity"", ""type"": ""select"", ""label"": ""Granularity"", ""default"": ""day"", ""options"": [{""label"": ""Hourly"", ""value"": ""hour""}, {""label"": ""Daily"", ""value"": ""day""}, {""label"": ""Weekly"", ""value"": ""week""}], ""required"": true}]"
chains.gas_price_history,chains,gas,gas_price_history,Gas price history & percentiles,Base fee and gas price history,"Base fee, priority fee percentiles, and gas price distribution over time.",generic,[],"[{""key"": ""chain"", ""type"": ""chain"", ""label"": ""Chain"", ""default"": ""ethereum"", ""options"": [{""label"": ""Ethereum"", ""value"": ""ethereum""}, {""label"": ""Base"", ""value"": ""base""}, {""label"": ""Optimism"", ""value"": ""optimism""}, {""label"": ""Arbitrum"", ""value"": ""arbitrum""}, {""label"": ""Polygon"", ""value"": ""polygon""}, {""label"": ""BSC"", ""value"": ""bsc""}, {""label"": ""Avalanche"", ""value"": ""avalanche""}, {""label"": ""Celo"", ""value"": ""celo""}], ""required"": true}, {""key"": ""days"", ""type"": ""select"", ""label"": ""Time range"", ""default"": ""30"", ""options"": [{""label"": ""Last 7 days"", ""value"": ""7""}, {""label"": ""Last 30 days"", ""value"": ""30""}, {""label"": ""Last 90 days"", ""value"": ""90""}, {""label"": ""Last 180 days"", ""value"": ""180""}, {""label"": ""Last year"", ""value"": ""365""}, {""label"": ""All time"", ""value"": ""all""}], ""required"": true}, {""key"": ""granularity"", ""type"": ""select"", ""label"": ""Granularity"", ""default"": ""hour"", ""options"": [{""label"": ""Hourly"", ""value"": ""hour""}, {""label"": ""Daily"", ""value"": ""day""}, {""label"": ""Weekly"", ""value"": ""week""}], ""required"": true}]"
chains.l2_bridge_flows,chains,bridge,l2_bridge_flows,L2 bridge deposits / withdrawals,Official L2 bridge net flow,Official L2 bridge inflows and outflows — net capital movement.,generic,[],"[{""key"": ""chain"", ""type"": ""chain"", ""label"": ""L2 chain"", ""default"": ""base"", ""options"": [{""label"": ""Ethereum"", ""value"": ""ethereum""}, {""label"": ""Base"", ""value"": ""base""}, {""label"": ""Optimism"", ""value"": ""optimism""}, {""label"": ""Arbitrum"", ""value"": ""arbitrum""}, {""label"": ""Polygon"", ""value"": ""polygon""}, {""label"": ""BSC"", ""value"": ""bsc""}, {""label"": ""Avalanche"", ""value"": ""avalanche""}, {""label"": ""Celo"", ""value"": ""celo""}], ""required"": true}, {""key"": ""days"", ""type"": ""select"", ""label"": ""Time range"", ""default"": ""90"", ""options"": [{""label"": ""Last 7 days"", ""value"": ""7""}, {""label"": ""Last 30 days"", ""value"": ""30""}, {""label"": ""Last 90 days"", ""value"": ""90""}, {""label"": ""Last 180 days"", ""value"": ""180""}, {""label"": ""Last year"", ""value"": ""365""}, {""label"": ""All time"", ""value"": ""all""}], ""required"": true}]"
chains.l2_sequencer,chains,sequencer,l2_sequencer,L2 sequencer activity,L2 sequencer batch submissions,"Batch submission frequency, batch size, and compression ratio for an L2 sequencer.",generic,[],"[{""key"": ""chain"", ""type"": ""chain"", ""label"": ""L2 chain"", ""default"": ""base"", ""options"": [{""label"": ""Base"", ""value"": ""base""}, {""label"": ""Optimism"", ""value"": ""optimism""}, {""label"": ""Arbitrum"", ""value"": ""arbitrum""}, {""label"": ""Scroll"", ""value"": ""scroll""}, {""label"": ""Linea"", ""value"": ""linea""}, {""label"": ""zkSync Era"", ""value"": ""zksync""}], ""required"": true}, {""key"": ""days"", ""type"": ""select"", ""label"": ""Time range"", ""default"": ""30"", ""options"": [{""label"": ""Last 7 days"", ""value"": ""7""}, {""label"": ""Last 30 days"", ""value"": ""30""}, {""label"": ""Last 90 days"", ""value"": ""90""}, {""label"": ""Last 180 days"", ""value"": ""180""}, {""label"": ""Last year"", ""value"": ""365""}, {""label"": ""All time"", ""value"": ""all""}], ""required"": true}]"
chains.l2_user_overlap,chains,dau,l2_user_overlap,L2 ecosystem user overlap,Multi-L2 wallet overlap,Wallets active on multiple L2s — measures multi-chain user behaviour.,generic,[],"[{""key"": ""days"", ""type"": ""select"", ""label"": ""Time range"", ""default"": ""30"", ""options"": [{""label"": ""Last 7 days"", ""value"": ""7""}, {""label"": ""Last 30 days"", ""value"": ""30""}, {""label"": ""Last 90 days"", ""value"": ""90""}, {""label"": ""Last 180 days"", ""value"": ""180""}, {""label"": ""Last year"", ""value"": ""365""}, {""label"": ""All time"", ""value"": ""all""}], ""required"": true}]"
chains.l2_vs_l1_cost,chains,gas,l2_vs_l1_cost,L2 vs L1 cost comparison,L2 vs L1 cost savings,Transaction cost savings on L2 compared to Ethereum mainnet over time.,generic,[],"[{""key"": ""l2_chain"", ""type"": ""chain"", ""label"": ""L2 chain"", ""default"": ""base"", ""options"": [{""label"": ""Base"", ""value"": ""base""}, {""label"": ""Optimism"", ""value"": ""optimism""}, {""label"": ""Arbitrum"", ""value"": ""arbitrum""}], ""required"": true}, {""key"": ""days"", ""type"": ""select"", ""label"": ""Time range"", ""default"": ""30"", ""options"": [{""label"": ""Last 7 days"", ""value"": ""7""}, {""label"": ""Last 30 days"", ""value"": ""30""}, {""label"": ""Last 90 days"", ""value"": ""90""}, {""label"": ""Last 180 days"", ""value"": ""180""}, {""label"": ""Last year"", ""value"": ""365""}, {""label"": ""All time"", ""value"": ""all""}], ""required"": true}]"
chains.market_share,chains,comparison,market_share,Chain market share over time,L2 ecosystem market share,Relative share of total L2 transaction volume and TVL across the ecosystem.,generic,[],"[{""key"": ""days"", ""type"": ""select"", ""label"": ""Time range"", ""default"": ""180"", ""options"": [{""label"": ""Last 7 days"", ""value"": ""7""}, {""label"": ""Last 30 days"", ""value"": ""30""}, {""label"": ""Last 90 days"", ""value"": ""90""}, {""label"": ""Last 180 days"", ""value"": ""180""}, {""label"": ""Last year"", ""value"": ""365""}, {""label"": ""All time"", ""value"": ""all""}], ""required"": true}, {""key"": ""granularity"", ""type"": ""select"", ""label"": ""Granularity"", ""default"": ""week"", ""options"": [{""label"": ""Hourly"", ""value"": ""hour""}, {""label"": ""Daily"", ""value"": ""day""}, {""label"": ""Weekly"", ""value"": ""week""}], ""required"": true}]"
chains.sequencer_decentralization,chains,sequencer,sequencer_decentralization,Sequencer decentralization tracker,Sequencer decentralization tracking,"Tracks progress toward sequencer decentralization — forced inclusion, downtime events.",generic,[],"[{""key"": ""chain"", ""type"": ""chain"", ""label"": ""L2 chain"", ""default"": ""base"", ""options"": [{""label"": ""Base"", ""value"": ""base""}, {""label"": ""Optimism"", ""value"": ""optimism""}, {""label"": ""Arbitrum"", ""value"": ""arbitrum""}], ""required"": true}, {""key"": ""days"", ""type"": ""select"", ""label"": ""Time range"", ""default"": ""90"", ""options"": [{""label"": ""Last 7 days"", ""value"": ""7""}, {""label"": ""Last 30 days"", ""value"": ""30""}, {""label"": ""Last 90 days"", ""value"": ""90""}, {""label"": ""Last 180 days"", ""value"": ""180""}, {""label"": ""Last year"", ""value"": ""365""}, {""label"": ""All time"", ""value"": ""all""}], ""required"": true}]"
contracts.error_analysis,contracts,errors,error_analysis,Error / revert analysis,Contract revert reason analysis,"Failed transactions to a contract — revert reasons, frequency, and affected callers.",generic,[],"[{""key"": ""chain"", ""type"": ""chain"", ""label"": ""Chain"", ""default"": ""ethereum"", ""options"": [{""label"": ""Ethereum"", ""value"": ""ethereum""}, {""label"": ""Base"", ""value"": ""base""}, {""label"": ""Optimism"", ""value"": ""optimism""}, {""label"": ""Arbitrum"", ""value"": ""arbitrum""}, {""label"": ""Polygon"", ""value"": ""polygon""}, {""label"": ""BSC"", ""value"": ""bsc""}, {""label"": ""Avalanche"", ""value"": ""avalanche""}, {""label"": ""Celo"", ""value"": ""celo""}], ""required"": true}, {""key"": ""contract_address"", ""type"": ""address"", ""label"": ""Contract address"", ""required"": true, ""placeholder"": ""0x...""}, {""key"": ""days"", ""type"": ""select"", ""label"": ""Time range"", ""default"": ""7"", ""options"": [{""label"": ""Last 7 days"", ""value"": ""7""}, {""label"": ""Last 30 days"", ""value"": ""30""}, {""label"": ""Last 90 days"", ""value"": ""90""}, {""label"": ""Last 180 days"", ""value"": ""180""}, {""label"": ""Last year"", ""value"": ""365""}, {""label"": ""All time"", ""value"": ""all""}], ""required"": true}]"
contracts.event_volume,contracts,events,event_volume,Contract event volume,Contract event log volume,Daily event counts for any contract event by name — primary custom-protocol analytics tool.,generic,[],"[{""key"": ""chain"", ""type"": ""chain"", ""label"": ""Chain"", ""default"": ""ethereum"", ""options"": [{""label"": ""Ethereum"", ""value"": ""ethereum""}, {""label"": ""Base"", ""value"": ""base""}, {""label"": ""Optimism"", ""value"": ""optimism""}, {""label"": ""Arbitrum"", ""value"": ""arbitrum""}, {""label"": ""Polygon"", ""value"": ""polygon""}, {""label"": ""BSC"", ""value"": ""bsc""}, {""label"": ""Avalanche"", ""value"": ""avalanche""}, {""label"": ""Celo"", ""value"": ""celo""}], ""required"": true}, {""key"": ""contract_address"", ""type"": ""address"", ""label"": ""Contract address"", ""required"": true, ""placeholder"": ""0x...""}, {""key"": ""event_name"", ""type"": ""text"", ""label"": ""Event name"", ""required"": true, ""placeholder"": ""e.g. Transfer, Swap, QuestCompleted""}, {""key"": ""days"", ""type"": ""select"", ""label"": ""Time range"", ""default"": ""30"", ""options"": [{""label"": ""Last 7 days"", ""value"": ""7""}, {""label"": ""Last 30 days"", ""value"": ""30""}, {""label"": ""Last 90 days"", ""value"": ""90""}, {""label"": ""Last 180 days"", ""value"": ""180""}, {""label"": ""Last year"", ""value"": ""365""}, {""label"": ""All time"", ""value"": ""all""}], ""required"": true}]"
contracts.function_breakdown,contracts,events,function_breakdown,Function call breakdown,Contract function call breakdown,Which functions are called most frequently — usage distribution for any contract.,generic,[],"[{""key"": ""chain"", ""type"": ""chain"", ""label"": ""Chain"", ""default"": ""ethereum"", ""options"": [{""label"": ""Ethereum"", ""value"": ""ethereum""}, {""label"": ""Base"", ""value"": ""base""}, {""label"": ""Optimism"", ""value"": ""optimism""}, {""label"": ""Arbitrum"", ""value"": ""arbitrum""}, {""label"": ""Polygon"", ""value"": ""polygon""}, {""label"": ""BSC"", ""value"": ""bsc""}, {""label"": ""Avalanche"", ""value"": ""avalanche""}, {""label"": ""Celo"", ""value"": ""celo""}], ""required"": true}, {""key"": ""contract_address"", ""type"": ""address"", ""label"": ""Contract address"", ""required"": true, ""placeholder"": ""0x...""}, {""key"": ""days"", ""type"": ""select"", ""label"": ""Time range"", ""default"": ""30"", ""options"": [{""label"": ""Last 7 days"", ""value"": ""7""}, {""label"": ""Last 30 days"", ""value"": ""30""}, {""label"": ""Last 90 days"", ""value"": ""90""}, {""label"": ""Last 180 days"", ""value"": ""180""}, {""label"": ""Last year"", ""value"": ""365""}, {""label"": ""All time"", ""value"": ""all""}], ""required"": true}]"
contracts.interaction_graph,contracts,events,interaction_graph,Contract interaction graph,Contract-to-contract call graph,Which contracts call each other — maps the dependency graph of a protocol.,generic,[],"[{""key"": ""chain"", ""type"": ""chain"", ""label"": ""Chain"", ""default"": ""ethereum"", ""options"": [{""label"": ""Ethereum"", ""value"": ""ethereum""}, {""label"": ""Base"", ""value"": ""base""}, {""label"": ""Optimism"", ""value"": ""optimism""}, {""label"": ""Arbitrum"", ""value"": ""arbitrum""}, {""label"": ""Polygon"", ""value"": ""polygon""}, {""label"": ""BSC"", ""value"": ""bsc""}, {""label"": ""Avalanche"", ""value"": ""avalanche""}, {""label"": ""Celo"", ""value"": ""celo""}], ""required"": true}, {""key"": ""contract_address"", ""type"": ""address"", ""label"": ""Root contract address"", ""required"": true, ""placeholder"": ""0x...""}, {""key"": ""days"", ""type"": ""select"", ""label"": ""Time range"", ""default"": ""30"", ""options"": [{""label"": ""Last 7 days"", ""value"": ""7""}, {""label"": ""Last 30 days"", ""value"": ""30""}, {""label"": ""Last 90 days"", ""value"": ""90""}, {""label"": ""Last 180 days"", ""value"": ""180""}, {""label"": ""Last year"", ""value"": ""365""}, {""label"": ""All time"", ""value"": ""all""}], ""required"": true}, {""key"": ""top_n"", ""type"": ""select"", ""label"": ""Top N interacting contracts"", ""default"": ""25"", ""options"": [{""label"": ""Top 10"", ""value"": ""10""}, {""label"": ""Top 25"", ""value"": ""25""}, {""label"": ""Top 50"", ""value"": ""50""}, {""label"": ""Top 100"", ""value"": ""100""}], ""required"": true}]"
contracts.multi_contract,contracts,events,multi_contract,Multi-contract analytics,Multi-contract unified metrics,Unified metrics across multiple contracts — the P2E / quest contract use case.,generic,[],"[{""key"": ""chain"", ""type"": ""chain"", ""label"": ""Chain"", ""default"": ""ethereum"", ""options"": [{""label"": ""Ethereum"", ""value"": ""ethereum""}, {""label"": ""Base"", ""value"": ""base""}, {""label"": ""Optimism"", ""value"": ""optimism""}, {""label"": ""Arbitrum"", ""value"": ""arbitrum""}, {""label"": ""Polygon"", ""value"": ""polygon""}, {""label"": ""BSC"", ""value"": ""bsc""}, {""label"": ""Avalanche"", ""value"": ""avalanche""}, {""label"": ""Celo"", ""value"": ""celo""}], ""required"": true}, {""key"": ""contract_addresses"", ""type"": ""address[]"", ""label"": ""Contract addresses"", ""required"": true, ""placeholder"": ""0x...""}, {""key"": ""event_name"", ""type"": ""text"", ""label"": ""Event name to track"", ""required"": true, ""placeholder"": ""e.g. QuestCompleted, Transfer""}, {""key"": ""days"", ""type"": ""select"", ""label"": ""Time range"", ""default"": ""30"", ""options"": [{""label"": ""Last 7 days"", ""value"": ""7""}, {""label"": ""Last 30 days"", ""value"": ""30""}, {""label"": ""Last 90 days"", ""value"": ""90""}, {""label"": ""Last 180 days"", ""value"": ""180""}, {""label"": ""Last year"", ""value"": ""365""}, {""label"": ""All time"", ""value"": ""all""}], ""required"": true}]"
contracts.revenue,contracts,revenue,revenue,Contract revenue,Contract ETH/token revenue inflows,ETH and token inflows to a contract — protocol revenue tracking.,generic,[],"[{""key"": ""chain"", ""type"": ""chain"", ""label"": ""Chain"", ""default"": ""ethereum"", ""options"": [{""label"": ""Ethereum"", ""value"": ""ethereum""}, {""label"": ""Base"", ""value"": ""base""}, {""label"": ""Optimism"", ""value"": ""optimism""}, {""label"": ""Arbitrum"", ""value"": ""arbitrum""}, {""label"": ""Polygon"", ""value"": ""polygon""}, {""label"": ""BSC"", ""value"": ""bsc""}, {""label"": ""Avalanche"", ""value"": ""avalanche""}, {""label"": ""Celo"", ""value"": ""celo""}], ""required"": true}, {""key"": ""contract_address"", ""type"": ""address"", ""label"": ""Contract address"", ""required"": true, ""placeholder"": ""0x...""}, {""key"": ""days"", ""type"": ""select"", ""label"": ""Time range"", ""default"": ""30"", ""options"": [{""label"": ""Last 7 days"", ""value"": ""7""}, {""label"": ""Last 30 days"", ""value"": ""30""}, {""label"": ""Last 90 days"", ""value"": ""90""}, {""label"": ""Last 180 days"", ""value"": ""180""}, {""label"": ""Last year"", ""value"": ""365""}, {""label"": ""All time"", ""value"": ""all""}], ""required"": true}]"
contracts.tvl,contracts,revenue,tvl,Contract TVL tracker,Contract balance TVL,ETH and ERC20 token balances held by a contract over time.,generic,[],"[{""key"": ""chain"", ""type"": ""chain"", ""label"": ""Chain"", ""default"": ""ethereum"", ""options"": [{""label"": ""Ethereum"", ""value"": ""ethereum""}, {""label"": ""Base"", ""value"": ""base""}, {""label"": ""Optimism"", ""value"": ""optimism""}, {""label"": ""Arbitrum"", ""value"": ""arbitrum""}, {""label"": ""Polygon"", ""value"": ""polygon""}, {""label"": ""BSC"", ""value"": ""bsc""}, {""label"": ""Avalanche"", ""value"": ""avalanche""}, {""label"": ""Celo"", ""value"": ""celo""}], ""required"": true}, {""key"": ""contract_address"", ""type"": ""address"", ""label"": ""Contract address"", ""required"": true, ""placeholder"": ""0x...""}, {""key"": ""days"", ""type"": ""select"", ""label"": ""Time range"", ""default"": ""90"", ""options"": [{""label"": ""Last 7 days"", ""value"": ""7""}, {""label"": ""Last 30 days"", ""value"": ""30""}, {""label"": ""Last 90 days"", ""value"": ""90""}, {""label"": ""Last 180 days"", ""value"": ""180""}, {""label"": ""Last year"", ""value"": ""365""}, {""label"": ""All time"", ""value"": ""all""}], ""required"": true}]"
contracts.unique_wallets,contracts,users,unique_wallets,Unique wallet interactions,Contract daily unique callers,Daily unique wallets calling a contract — core adoption metric.,generic,[],"[{""key"": ""chain"", ""type"": ""chain"", ""label"": ""Chain"", ""default"": ""ethereum"", ""options"": [{""label"": ""Ethereum"", ""value"": ""ethereum""}, {""label"": ""Base"", ""value"": ""base""}, {""label"": ""Optimism"", ""value"": ""optimism""}, {""label"": ""Arbitrum"", ""value"": ""arbitrum""}, {""label"": ""Polygon"", ""value"": ""polygon""}, {""label"": ""BSC"", ""value"": ""bsc""}, {""label"": ""Avalanche"", ""value"": ""avalanche""}, {""label"": ""Celo"", ""value"": ""celo""}], ""required"": true}, {""key"": ""contract_address"", ""type"": ""address"", ""label"": ""Contract address"", ""required"": true, ""placeholder"": ""0x...""}, {""key"": ""days"", ""type"": ""select"", ""label"": ""Time range"", ""default"": ""30"", ""options"": [{""label"": ""Last 7 days"", ""value"": ""7""}, {""label"": ""Last 30 days"", ""value"": ""30""}, {""label"": ""Last 90 days"", ""value"": ""90""}, {""label"": ""Last 180 days"", ""value"": ""180""}, {""label"": ""Last year"", ""value"": ""365""}, {""label"": ""All time"", ""value"": ""all""}], ""required"": true}]"
defi.activation_rate_calculator,defi,dex,activation_rate_calculator,User Activation %,Multi-trade cohorts,Measures users with multiple trades in first 30 days.,generic,"[""activation_date:date"", ""activation_rate:number"", ""multi_trade_users:number""]","[{""key"": ""protocol"", ""type"": ""text"", ""label"": ""Protocol"", ""default"": null, ""required"": true}]"
defi.active_loans_per_token,defi,lending,active_loans_per_token,Active Loans,loopscale instructions,Aggregates active loan IDs concatenated per borrow token.,protocol:loopscale,"[""borrow_token:string"",""loan_ids:string""]","[{""key"": ""date_from"", ""type"": ""date"", ""label"": ""Start Date"", ""default"": null, ""required"": true}]"
defi.active_wallet_pnl_calculator,defi,wallet,active_wallet_pnl_calculator,PNL for Active Traders,dex_solana.trades multi-CTE PNL,Calculates realized PNL for wallets with minimum trades in lookback period.,protocol:pumpdotfun,"[""wallet:string"",""total_pnl:number"",""buy_usd:number"",""sell_usd:number"",""trade_count:number""]","[{""key"": ""lookback_days"", ""type"": ""number"", ""label"": ""Lookback Days"", ""default"": ""30"", ""required"": true}, {""key"": ""min_trades"", ""type"": ""number"", ""label"": ""Min Trades"", ""default"": ""10"", ""required"": false}]"
defi.aggregator_dex_marketshare,defi,dex,aggregator_dex_marketshare,Aggregator vs DEX Share,dex.trades category join,Calculates daily marketshare of aggregators vs DEX volume.,generic,"[""time:date"",""marketshare:number""]","[{""key"": ""date_from"", ""type"": ""date"", ""label"": ""Start Date"", ""default"": null, ""required"": true}]"
defi.aggregator_dex_routing,defi,dex,aggregator_dex_routing,Aggregator DEX Flows,Solana Transactions,Detects transactions where aggregator routes to specific DEX via inner instructions.,generic,"[""day:date"", ""user:string"", ""tx_id:string""]","[{""key"": ""aggregator_address"", ""type"": ""address"", ""label"": ""Aggregator Address"", ""default"": null, ""required"": true}, {""key"": ""dex_programs"", ""type"": ""text"", ""label"": ""DEX Programs"", ""default"": null, ""required"": true}, {""key"": ""date_from"", ""type"": ""date"", ""label"": ""Start Date"", ""default"": null, ""required"": true}]"
defi.aggregator_dex_share,defi,dex,aggregator_dex_share,Aggregator volume ratio,Dune dex.trades volumes,Calculates aggregator share of total DEX volume over time.,generic,"[""day:date"", ""agg_share:number"", ""agg_vol:number"", ""dex_vol:number""]","[{""key"": ""lookback_days"", ""type"": ""number"", ""label"": ""Lookback Days"", ""default"": ""30"", ""required"": false}]"
defi.aggregator_dex_users,defi,dex,aggregator_dex_users,Aggregator DEX Users,Dune queries 1276544,Counts unique users driving volume on target DEX via aggregators.,generic,"[""date:date"", ""users:number""]","[{""key"": ""protocol"", ""type"": ""text"", ""label"": ""Protocol"", ""default"": null, ""required"": true}, {""key"": ""date_from"", ""type"": ""date"", ""label"": ""Start Date"", ""default"": null, ""required"": false}, {""key"": ""lookback_days"", ""type"": ""number"", ""label"": ""Lookback Days"", ""default"": ""365"", ""required"": false}]"
defi.aggregator_dex_volume_share,defi,dex,aggregator_dex_volume_share,Aggregator Share,Dune dex.trades,Computes aggregator-routed share of DEX volume.,generic,"[""period:string"",""dex:string"",""agg_share:number"",""direct_share:number""]","[{""key"": ""chain"", ""type"": ""chain"", ""label"": ""Chain"", ""default"": ""ethereum"", ""required"": false, ""options"": [{""label"": ""Ethereum"", ""value"": ""ethereum""}, {""label"": ""Base"", ""value"": ""base""}, {""label"": ""Optimism"", ""value"": ""optimism""}, {""label"": ""Arbitrum"", ""value"": ""arbitrum""}, {""label"": ""Polygon"", ""value"": ""polygon""}, {""label"": ""BSC"", ""value"": ""bsc""}, {""label"": ""Avalanche"", ""value"": ""avalanche""}, {""label"": ""Celo"", ""value"": ""celo""}]}, {""key"": ""lookback_days"", ""type"": ""number"", ""label"": ""Lookback Days"", ""default"": null, ""required"": true}]"
defi.aggregator_multi_route_stats,defi,dex,aggregator_multi_route_stats,Multi-route swap metrics,Dune dex.trades,Analyzes multi-DEX aggregator swaps with route count and cost.,generic,"[""tx_hash:string"",""routes:number"",""avg_cost:number"",""rank:number""]","[{""key"": ""router_address"", ""type"": ""address"", ""label"": ""Router Address"", ""default"": null, ""required"": true}, {""key"": ""chain"", ""type"": ""chain"", ""label"": ""Chain"", ""default"": ""ethereum"", ""required"": false, ""options"": [{""label"": ""Ethereum"", ""value"": ""ethereum""}, {""label"": ""Base"", ""value"": ""base""}, {""label"": ""Optimism"", ""value"": ""optimism""}, {""label"": ""Arbitrum"", ""value"": ""arbitrum""}, {""label"": ""Polygon"", ""value"": ""polygon""}, {""label"": ""BSC"", ""value"": ""bsc""}, {""label"": ""Avalanche"", ""value"": ""avalanche""}, {""label"": ""Celo"", ""value"": ""celo""}]}, {""key"": ""lookback_days"", ""type"": ""number"", ""label"": ""Lookback Days"", ""default"": ""90"", ""required"": false}]"
defi.aggregator_protocol_share,defi,dex,aggregator_protocol_share,Aggregator Share,Dune dex.trades,Measures aggregator volume as share of protocol's total.,protocol:uniswap,"[""period:string"",""dex_vol:number"",""agg_vol:number"",""agg_share:number""]","[{""key"": ""protocol"", ""type"": ""text"", ""label"": ""Protocol"", ""default"": ""Uniswap"", ""required"": true}, {""key"": ""frequency"", ""type"": ""select"", ""label"": ""Frequency"", ""default"": ""day"", ""required"": true, ""options"": [{""label"": ""Day"", ""value"": ""day""}, {""label"": ""Week"", ""value"": ""week""}, {""label"": ""Month"", ""value"": ""month""}]}, {""key"": ""history_length"", ""type"": ""number"", ""label"": ""History Length"", ""default"": ""30"", ""required"": true}]"
defi.aggregator_routed_volume,defi,dex,aggregator_routed_volume,Routed DEX Volume,Dune dex.trades self-join,Measures volume of aggregator trades executed on underlying DEXes.,generic,"[""time:timestamp"", ""dex:string"", ""volume:number""]","[{""key"": ""aggregator"", ""type"": ""text"", ""label"": ""Aggregator Protocol"", ""default"": ""1inch"", ""required"": true}, {""key"": ""interval"", ""type"": ""select"", ""label"": ""Interval"", ""default"": ""month"", ""options"": [{""label"": ""Minute"", ""value"": ""minute""}, {""label"": ""Hour"", ""value"": ""hour""}, {""label"": ""Day"", ""value"": ""day""}, {""label"": ""Week"", ""value"": ""week""}, {""label"": ""Month"", ""value"": ""month""}], ""required"": false}, {""key"": ""date_from"", ""type"": ""date"", ""label"": ""Start Date"", ""default"": null, ""required"": true}]"
defi.aggregator_routing_paths,defi,aggregator,aggregator_routing_paths,DEX Route Sequences,Dune dex.trades,Aggregates DEX routes used in aggregator transactions by tx_hash.,generic,"[""dex_route:string"",""route_count:number"",""example_tx:string""]","[{""key"": ""protocol"", ""type"": ""text"", ""label"": ""Protocol"", ""default"": ""1inch"", ""required"": true}, {""key"": ""date_from"", ""type"": ""date"", ""label"": ""Start Date"", ""default"": null, ""required"": false}]"
defi.aggregator_user_overlap,defi,aggregator,aggregator_user_overlap,User Overlap Metrics,1inch vs Matcha users,Classifies users by overlap between aggregators with multi-period metrics.,protocol:1inch,"[""type_users:string"",""users:number"",""trades_matcha:number"",""volume_matcha:number"",""trades_1inch:number""]","[{""key"": ""date_from"", ""type"": ""date"", ""label"": ""Start Date"", ""default"": ""2021-05-11"", ""required"": false}]"
defi.aggregator_volume_by_underlying_dex,defi,aggregator,aggregator_volume_by_underlying_dex,Routed DEX Breakdown,dex.trades tx_hash join,Attributes aggregator trades to underlying DEXes via shared tx_hash.,generic,"[""day:date"", ""project:string"", ""swaps:number"", ""volume:number""]","[{""key"": ""protocol"", ""type"": ""text"", ""label"": ""Protocol"", ""default"": null, ""required"": true}, {""key"": ""lookback_days"", ""type"": ""number"", ""label"": ""Lookback Days"", ""default"": ""30"", ""required"": true}]"
defi.aggregator_volume_share,defi,dex,aggregator_volume_share,Aggregator Share,dex.trades subquery,Computes aggregator-routed percentage of protocol trades.,protocol:uniswap,"[""time:timestamp"", ""aggregator_volume:number"", ""total_volume:number"", ""share:number""]","[{""key"": ""protocol"", ""type"": ""text"", ""label"": ""Protocol"", ""default"": ""uniswap"", ""required"": true}, {""key"": ""lookback_days"", ""type"": ""number"", ""label"": ""Lookback Days"", ""default"": ""30"", ""required"": true}]"
defi.airdrop_potential_scorer,defi,protocol,airdrop_potential_scorer,Airdrop Potential,Ethereum Transactions,Ranks protocols by 30d users and tx volume.,generic,"[""contract_address:string"",""total_users_30d:number"",""total_tx_30d:number"",""airdrop_potential:number""]","[{""key"": ""date_from"", ""type"": ""date"", ""label"": ""Start Date"", ""default"": ""30"", ""required"": false}, {""key"": ""min_users"", ""type"": ""number"", ""label"": ""Min Users"", ""default"": ""500"", ""required"": false}]"
defi.amm_pool_tvl_timeseries,defi,amm,amm_pool_tvl_timeseries,AMM pool TVL,CoW AMM metrics,"Computes TVL, LP supply, and LP price for AMM pools over daily intervals.",protocol:CoW,"[""day:date"", ""tvl:number"", ""lp_supply:number"", ""lp_price:number""]","[{""key"": ""token_a"", ""type"": ""text"", ""label"": ""Token A symbol"", ""default"": null, ""required"": true}, {""key"": ""token_b"", ""type"": ""text"", ""label"": ""Token B symbol"", ""default"": null, ""required"": true}, {""key"": ""start"", ""type"": ""date"", ""label"": ""Start date"", ""default"": null, ""required"": true}]"
defi.approval_spender_ranking,defi,wallet,approval_spender_ranking,Top Spenders by Approvals,Approval Event Analysis,Ranks spenders by unique users approving specific tokens.,generic,"[""token:string"",""spender:string"",""user_count:number"",""rank:number""]","[{""key"": ""date_from"", ""type"": ""date"", ""label"": ""Start Date"", ""default"": ""2023-12-01"", ""required"": true}, {""key"": ""top_n"", ""type"": ""number"", ""label"": ""Top N"", ""default"": ""100"", ""required"": false}]"
defi.arbitrage_profit_calculator,defi,arb,arbitrage_profit_calculator,Arb Profit Detection,dex.trades self-join,Detects arbitrage profits from circular trades in same transaction.,generic,"[""tx_hash:string"",""profit:number"",""block_time:timestamp""]","[{""key"": ""chain"", ""type"": ""chain"", ""label"": ""Chain"", ""default"": null, ""required"": true, ""options"": [{""label"": ""Ethereum"", ""value"": ""ethereum""}, {""label"": ""Base"", ""value"": ""base""}, {""label"": ""Optimism"", ""value"": ""optimism""}, {""label"": ""Arbitrum"", ""value"": ""arbitrum""}, {""label"": ""Polygon"", ""value"": ""polygon""}, {""label"": ""BSC"", ""value"": ""bsc""}, {""label"": ""Avalanche"", ""value"": ""avalanche""}, {""label"": ""Celo"", ""value"": ""celo""}]}, {""key"": ""date_from"", ""type"": ""date"", ""label"": ""Start Date"", ""default"": null, ""required"": false}, {""key"": ""min_profit"", ""type"": ""number"", ""label"": ""Min Profit USD"", ""default"": ""0"", ""required"": false}]"
defi.arbitrage_txn_detector,defi,dex,arbitrage_txn_detector,Arb Txn Stats,dex.trades CTEs,Detects arbitrage transactions via multi-trade txs.,generic,"[""tx_hash:string"",""trade_count:number"",""profit_usd:number"",""projects:string""]","[{""key"": ""chain"", ""type"": ""chain"", ""label"": ""Chain"", ""default"": null, ""required"": true, ""options"": [{""label"": ""Ethereum"", ""value"": ""ethereum""}, {""label"": ""Base"", ""value"": ""base""}, {""label"": ""Optimism"", ""value"": ""optimism""}, {""label"": ""Arbitrum"", ""value"": ""arbitrum""}, {""label"": ""Polygon"", ""value"": ""polygon""}, {""label"": ""BSC"", ""value"": ""bsc""}, {""label"": ""Avalanche"", ""value"": ""avalanche""}, {""label"": ""Celo"", ""value"": ""celo""}]}, {""key"": ""min_trades"", ""type"": ""number"", ""label"": ""Min Trades"", ""default"": ""2"", ""required"": false}, {""key"": ""date_from"", ""type"": ""date"", ""label"": ""Start Date"", ""default"": null, ""required"": true}]"
defi.arbitrage_volume_split,defi,dex,arbitrage_volume_split,Arb vs Speculator Volume,Dune raw_swaps + prices,Splits DEX volume between arbitrageurs and speculators using trader classification.,generic,"[""day:date"", ""trader_type:string"", ""num_traders:number"", ""volume:number""]","[{""key"": ""protocol"", ""type"": ""text"", ""label"": ""Protocol"", ""default"": null, ""required"": true}, {""key"": ""date_from"", ""type"": ""date"", ""label"": ""Start Date"", ""default"": null, ""required"": true}]"
defi.avg_stake_duration,defi,staking,avg_stake_duration,Average stake time,ERC20 transfers,Calculates average staking duration across users.,generic,"[""avg_duration_days:number"",""median_duration_days:number"",""user_count:number""]","[{""key"": ""staking_contract"", ""type"": ""address"", ""label"": ""Staking Contract"", ""default"": null, ""required"": true}, {""key"": ""contract_address"", ""type"": ""address"", ""label"": ""Contract Address"", ""default"": null, ""required"": true}]"
defi.avg_transactions_per_user,defi,wallet,avg_transactions_per_user,User tx frequency,Dune dex.trades users,Averages transactions per unique user by project.,generic,"[""project:string"",""avg_tx:number""]","[{""key"": ""lookback_days"", ""type"": ""number"", ""label"": ""Lookback Days"", ""default"": ""30"", ""required"": true}, {""key"": ""protocol"", ""type"": ""text"", ""label"": ""Protocol"", ""default"": null, ""required"": false}]"
defi.backing_asset_ratio,defi,token,backing_asset_ratio,Mint vs deposit ratio,ERC20 transfers + mint logs,Calculates price ratio from deposits to backing asset vs minted tokens.,protocol:openeden,"[""datetime:timestamp"",""backing_deposit:number"",""minted:number"",""price_ratio:number""]","[{""key"": ""deposit_address"", ""type"": ""address"", ""label"": ""Deposit address"", ""default"": null, ""required"": true}, {""key"": ""mint_contract"", ""type"": ""address"", ""label"": ""Mint contract"", ""default"": null, ""required"": true}, {""key"": ""backing_token"", ""type"": ""address"", ""label"": ""Backing token"", ""default"": null, ""required"": true}]"
defi.balancer_gauge_vote_shares,defi,gauge,balancer_gauge_vote_shares,Gauge Vote Shares,Balancer vebal votes,Ranks gauges by vote share from veBAL votes.,protocol:balancer,"[""end_date:date"", ""gauge:string"", ""symbol:string"", ""votes:number"", ""vote_share:number""]","[{""key"": ""date_from"", ""type"": ""date"", ""label"": ""Start Date"", ""default"": null, ""required"": true}]"
defi.borrower_fund_flow,defi,lending,borrower_fund_flow,Borrower USDC Flows,Morpho Blue Logs,Tracks USDC transfers following borrow events.,protocol:morpho,"[""block_time:timestamp"", ""tx_hash:string"", ""borrower:string"", ""usdc_amount:number""]","[{""key"": ""date_from"", ""type"": ""date"", ""label"": ""Start Date"", ""default"": ""30"", ""required"": true}]"
defi.borrow_repay_summary,defi,borrow,borrow_repay_summary,Borrow Repay,Angle logs,Summarizes borrow and repay events across vaults.,protocol:angle,"[""vault_id:number"",""debt_amount:number"",""is_increase:boolean""]","[{""key"": ""date_from"", ""type"": ""date"", ""label"": ""Start Date"", ""default"": null, ""required"": false}]"
defi.bot_classifier,defi,wallet,bot_classifier,Bot vs Human Traders,Dune dex.trades,Classifies wallets as bots based on high swap frequency threshold.,generic,"[""wallet:string"",""swaps:number"",""is_bot:boolean"",""bot_score:number""]","[{""key"": ""protocol"", ""type"": ""text"", ""label"": ""Protocol"", ""default"": null, ""required"": true}, {""key"": ""threshold_swaps"", ""type"": ""number"", ""label"": ""Bot Threshold"", ""default"": ""300"", ""required"": true}, {""key"": ""date_range"", ""type"": ""date_range"", ""label"": ""Date Range"", ""default"": {""to"": """", ""from"": """"}, ""required"": true}]"
defi.bot_multi_swap_detector,defi,wallet,bot_multi_swap_detector,Consecutive swap patterns,Dune dex.trades,Detects wallets with high transaction counts performing rapid consecutive swaps across different pairs indicating bot or multi-swap activity.,generic,"[""wallet:string"",""swap_count:number"",""consecutive_swaps:number"",""signals:string""]","[{""key"": ""protocol"", ""type"": ""text"", ""label"": ""Protocol"", ""default"": null, ""required"": true}, {""key"": ""chain"", ""type"": ""chain"", ""label"": ""Chain"", ""default"": null, ""required"": true, ""options"": [{""label"": ""Ethereum"", ""value"": ""ethereum""}, {""label"": ""Base"", ""value"": ""base""}, {""label"": ""Optimism"", ""value"": ""optimism""}, {""label"": ""Arbitrum"", ""value"": ""arbitrum""}, {""label"": ""Polygon"", ""value"": ""polygon""}, {""label"": ""BSC"", ""value"": ""bsc""}, {""label"": ""Avalanche"", ""value"": ""avalanche""}, {""label"": ""Celo"", ""value"": ""celo""}]}, {""key"": ""bot_threshold"", ""type"": ""number"", ""label"": ""Min tx count"", ""default"": ""100"", ""required"": true}, {""key"": ""lookback_days"", ""type"": ""number"", ""label"": ""Lookback Days"", ""default"": ""30"", ""required"": true}]"
defi.bot_trading_volume_share,defi,bot,bot_trading_volume_share,Bot vs Human Volume,Polygon Uniswap Trades,Classifies trading volume as bot or non-bot based on monthly swap thresholds.,protocol:uniswap,"[""day:date"", ""bot_volume:number"", ""human_volume:number"", ""bot_share:number""]","[{""key"": ""chain"", ""type"": ""chain"", ""label"": ""Chain"", ""default"": null, ""required"": true, ""options"": [{""label"": ""Ethereum"", ""value"": ""ethereum""}, {""label"": ""Base"", ""value"": ""base""}, {""label"": ""Optimism"", ""value"": ""optimism""}, {""label"": ""Arbitrum"", ""value"": ""arbitrum""}, {""label"": ""Polygon"", ""value"": ""polygon""}, {""label"": ""BSC"", ""value"": ""bsc""}, {""label"": ""Avalanche"", ""value"": ""avalanche""}, {""label"": ""Celo"", ""value"": ""celo""}]}, {""key"": ""protocol"", ""type"": ""text"", ""label"": ""Protocol"", ""default"": ""uniswap"", ""required"": true}, {""key"": ""threshold"", ""type"": ""number"", ""label"": ""Bot Threshold"", ""default"": ""300"", ""required"": true}, {""key"": ""date_from"", ""type"": ""date"", ""label"": ""Start Date"", ""default"": null, ""required"": false}]"
defi.bot_wallet_classifier,defi,wallet,bot_wallet_classifier,Bot Detection Score,Cumulative tx analysis,Classifies wallets as bots by average daily transactions.,generic,"[""wallet:string"",""avg_daily_txs:number"",""tx_count:number"",""is_bot:boolean""]","[{""key"": ""protocol"", ""type"": ""text"", ""label"": ""Protocol"", ""default"": null, ""required"": true}, {""key"": ""lookback_days"", ""type"": ""number"", ""label"": ""Lookback Days"", ""default"": ""365"", ""required"": true}, {""key"": ""threshold"", ""type"": ""number"", ""label"": ""Bot Threshold"", ""default"": ""20"", ""required"": false}]"
defi.bot_wallets_classifier,defi,wallet,bot_wallets_classifier,Bot vs Human,Monthly swap threshold,Classifies trader wallets as bots if exceeding monthly swap threshold.,protocol:uniswap,"[""wallet:string"",""label:string"",""swaps:number""]","[{""key"": ""chain"", ""type"": ""chain"", ""label"": ""Chain"", ""default"": null, ""required"": true, ""options"": [{""label"": ""Ethereum"", ""value"": ""ethereum""}, {""label"": ""Base"", ""value"": ""base""}, {""label"": ""Optimism"", ""value"": ""optimism""}, {""label"": ""Arbitrum"", ""value"": ""arbitrum""}, {""label"": ""Polygon"", ""value"": ""polygon""}, {""label"": ""BSC"", ""value"": ""bsc""}, {""label"": ""Avalanche"", ""value"": ""avalanche""}, {""label"": ""Celo"", ""value"": ""celo""}]}, {""key"": ""protocol"", ""type"": ""text"", ""label"": ""Protocol"", ""default"": null, ""required"": true}, {""key"": ""threshold"", ""type"": ""number"", ""label"": ""Bot Threshold"", ""default"": ""300"", ""required"": false}]"
defi.bot_wallets_detector,defi,wallet,bot_wallets_detector,Bot Classification,Dune dex.trades,Detects bots by average daily transaction frequency.,generic,"[""wallet:string"",""avg_daily_txs:number"",""is_bot:boolean""]","[{""key"": ""chain"", ""type"": ""chain"", ""label"": ""Chain"", ""default"": null, ""required"": true, ""options"": [{""label"": ""Ethereum"", ""value"": ""ethereum""}, {""label"": ""Base"", ""value"": ""base""}, {""label"": ""Optimism"", ""value"": ""optimism""}, {""label"": ""Arbitrum"", ""value"": ""arbitrum""}, {""label"": ""Polygon"", ""value"": ""polygon""}, {""label"": ""BSC"", ""value"": ""bsc""}, {""label"": ""Avalanche"", ""value"": ""avalanche""}, {""label"": ""Celo"", ""value"": ""celo""}]}, {""key"": ""protocol"", ""type"": ""text"", ""label"": ""Protocol"", ""default"": null, ""required"": false}, {""key"": ""bot_threshold"", ""type"": ""number"", ""label"": ""Bot Threshold"", ""default"": ""20"", ""required"": true}]"
defi.bridge_depositor_distribution,defi,bridge,bridge_depositor_distribution,Depositor Buckets,Ethereum Transactions,Buckets depositors by total bridged amount.,generic,"[""bucket:string"",""depositors:number""]","[{""key"": ""contract_address"", ""type"": ""address"", ""label"": ""Contract Address"", ""default"": null, ""required"": true}, {""key"": ""min_usd"", ""type"": ""number"", ""label"": ""Min USD"", ""default"": null, ""required"": false}]"
defi.bridge_depositor_whale_distribution,defi,bridge,bridge_depositor_whale_distribution,Depositor Value Buckets,Ethereum Bridge Txs,Buckets depositors by total bridged value.,generic,"[""bucket:string"",""wallet_count:number"",""total_value:number""]","[{""key"": ""bridge_address"", ""type"": ""address"", ""label"": ""Bridge Contract"", ""default"": null, ""required"": true}, {""key"": ""date_from"", ""type"": ""date"", ""label"": ""Start Date"", ""default"": null, ""required"": false}, {""key"": ""min_usd"", ""type"": ""number"", ""label"": ""Min USD"", ""default"": ""0"", ""required"": false}]"
defi.bridge_net_flow,defi,bridge,bridge_net_flow,Bridge TVL Tracker,Cumulative net token flow,Computes daily net inflows/outflows and cumulative TVL for bridge.,generic,"[""date:date"", ""net_flow:number"", ""cumulative:number""]","[{""key"": ""contract_address"", ""type"": ""address"", ""label"": ""Contract Address"", ""default"": null, ""required"": true}, {""key"": ""bridge_address"", ""type"": ""address"", ""label"": ""Bridge Address"", ""default"": null, ""required"": true}, {""key"": ""interval"", ""type"": ""select"", ""label"": ""Interval"", ""default"": ""day"", ""options"": [{""label"": ""Minute"", ""value"": ""minute""}, {""label"": ""Hour"", ""value"": ""hour""}, {""label"": ""Day"", ""value"": ""day""}, {""label"": ""Week"", ""value"": ""week""}, {""label"": ""Month"", ""value"": ""month""}], ""required"": false}]"
defi.bridge_netflow_timeseries,defi,bridge,bridge_netflow_timeseries,Bridge Flows,ERC20 Transfers,Computes cumulative bridge deposits/withdrawals.,generic,"[""day:date"", ""netflow:number"", ""deposited:number"", ""withdrawn:number""]","[{""key"": ""contract_address"", ""type"": ""address"", ""label"": ""Contract Address"", ""default"": null, ""required"": true}, {""key"": ""bridge_address"", ""type"": ""address"", ""label"": ""Bridge Address"", ""default"": null, ""required"": true}, {""key"": ""interval"", ""type"": ""select"", ""label"": ""Interval"", ""default"": ""day"", ""options"": [{""label"": ""Minute"", ""value"": ""minute""}, {""label"": ""Hour"", ""value"": ""hour""}, {""label"": ""Day"", ""value"": ""day""}, {""label"": ""Week"", ""value"": ""week""}, {""label"": ""Month"", ""value"": ""month""}], ""required"": false}]"
defi.bridge_tvl_timeseries,defi,bridge,bridge_tvl_timeseries,Bridge TVL,Bridge Deposit/Withdraw Flows,Tracks cumulative net USD stablecoin TVL bridged via deposit/withdrawal flows.,generic,"[""date:date"", ""deposits:number"", ""withdrawals:number"", ""net_tvl:number""]","[{""key"": ""bridge_address"", ""type"": ""address"", ""label"": ""Bridge Address"", ""default"": null, ""required"": true}, {""key"": ""contract_address"", ""type"": ""address"", ""label"": ""Contract Address"", ""default"": ""USDC"", ""required"": false}, {""key"": ""interval"", ""type"": ""select"", ""label"": ""Interval"", ""default"": ""day"", ""options"": [{""label"": ""Minute"", ""value"": ""minute""}, {""label"": ""Hour"", ""value"": ""hour""}, {""label"": ""Day"", ""value"": ""day""}, {""label"": ""Week"", ""value"": ""week""}, {""label"": ""Month"", ""value"": ""month""}], ""required"": false}]"
defi.bridge_user_classifier,defi,bridge,bridge_user_classifier,User Activity Buckets,Nonce Value Segments,Classifies bridge users into activity tiers by nonce and value.,protocol:zksync,"[""wallet:string"",""tier:string"",""max_nonce:number"",""total_value:number""]","[{""key"": ""contract_address"", ""type"": ""address"", ""label"": ""Contract Address"", ""default"": null, ""required"": true}]"
defi.capital_stickiness_classifier,defi,wallet,capital_stickiness_classifier,wallet retention score,shards lp logs,Classifies wallet stickiness by size and net position.,protocol:shards,"[""wallet:string"",""size_category:string"",""stickiness_score:number""]","[{""key"": ""date_range"", ""type"": ""date_range"", ""label"": ""Date Range"", ""default"": {""to"": """", ""from"": """"}, ""required"": true}]"
defi.cex_netflow_sma,defi,cex,cex_netflow_sma,CEX Netflow SMA,Exchange flows smoothed,Computes netflows to/from CEXes with 30-day SMA for exchange accumulation.,generic,"[""day:date"", ""netflow:number"", ""sma_30:number""]","[{""key"": ""contract_address"", ""type"": ""address"", ""label"": ""Contract Address"", ""default"": null, ""required"": true}]"
defi.cex_withdrawal_first_swaps,defi,dex,cex_withdrawal_first_swaps,Post-CEX Swaps,Labeled Transactions,Identifies tokens swapped immediately after CEX withdrawals.,generic,"[""user_address:string"",""first_swap_token:string"",""amount_usd:number""]","[{""key"": ""min_usd"", ""type"": ""number"", ""label"": ""Min USD"", ""default"": ""100"", ""required"": true}, {""key"": ""lookback_days"", ""type"": ""number"", ""label"": ""Lookback Days"", ""default"": ""30"", ""required"": true}]"
defi.churned_traders,defi,dex,churned_traders,Lost User Detection,dex.trades CTE joins,Identifies traders inactive for specified period post-last trade.,protocol:1inch,"[""project:string"",""lost_trader:string"",""last_trade:string""]","[{""key"": ""protocol"", ""type"": ""text"", ""label"": ""Protocol"", ""default"": ""1inch"", ""required"": true}, {""key"": ""inactive_days"", ""type"": ""number"", ""label"": ""Inactive Days"", ""default"": ""90"", ""required"": true}]"
defi.closed_loop_arbitrage_ratio,defi,dex,closed_loop_arbitrage_ratio,Pool arb ratio,Dune dex.trades,Detects multi-hop closed-loop arbitrage ratio in pool.,protocol:uniswap,"[""tx_hash:string"",""cnt:number"",""ratio:number""]","[{""key"": ""chain"", ""type"": ""chain"", ""label"": ""Chain"", ""default"": ""ethereum"", ""required"": true, ""options"": [{""label"": ""Ethereum"", ""value"": ""ethereum""}, {""label"": ""Base"", ""value"": ""base""}, {""label"": ""Optimism"", ""value"": ""optimism""}, {""label"": ""Arbitrum"", ""value"": ""arbitrum""}, {""label"": ""Polygon"", ""value"": ""polygon""}, {""label"": ""BSC"", ""value"": ""bsc""}, {""label"": ""Avalanche"", ""value"": ""avalanche""}, {""label"": ""Celo"", ""value"": ""celo""}]}, {""key"": ""pool_address"", ""type"": ""address"", ""label"": ""Pool Address"", ""default"": null, ""required"": true}, {""key"": ""period_days"", ""type"": ""number"", ""label"": ""Period days"", ""default"": ""30"", ""required"": true}]"
defi.closed_loop_arb_ratio,defi,arb,closed_loop_arb_ratio,Arb ratio specific pool,Dune dex.trades,Measures closed-loop arbitrage ratio on targeted DEX trades.,protocol:uniswap,"[""tx_hash:string"",""cnt:number"",""arb_ratio:number""]","[{""key"": ""chain"", ""type"": ""chain"", ""label"": ""Chain"", ""default"": ""ethereum"", ""required"": true, ""options"": [{""label"": ""Ethereum"", ""value"": ""ethereum""}, {""label"": ""Base"", ""value"": ""base""}, {""label"": ""Optimism"", ""value"": ""optimism""}, {""label"": ""Arbitrum"", ""value"": ""arbitrum""}, {""label"": ""Polygon"", ""value"": ""polygon""}, {""label"": ""BSC"", ""value"": ""bsc""}, {""label"": ""Avalanche"", ""value"": ""avalanche""}, {""label"": ""Celo"", ""value"": ""celo""}]}, {""key"": ""pool_address"", ""type"": ""address"", ""label"": ""Pool Address"", ""default"": null, ""required"": true}, {""key"": ""interval"", ""type"": ""select"", ""label"": ""Interval"", ""default"": ""day"", ""options"": [{""label"": ""Minute"", ""value"": ""minute""}, {""label"": ""Hour"", ""value"": ""hour""}, {""label"": ""Day"", ""value"": ""day""}, {""label"": ""Week"", ""value"": ""week""}, {""label"": ""Month"", ""value"": ""month""}], ""required"": true}]"
defi.cohort_dex_preference,defi,dex,cohort_dex_preference,Cohort DEX Usage,Dune dex.trades + holders,Ranks DEXes used by specific holder cohort (e.g. imBTC depositors).,generic,"[""project:string"",""trade_count:number""]","[{""key"": ""cohort_query"", ""type"": ""text"", ""label"": ""Cohort query ID"", ""default"": ""3987882"", ""required"": true}, {""key"": ""lookback_days"", ""type"": ""number"", ""label"": ""Lookback Days"", ""default"": ""60"", ""required"": false}]"
defi.cohort_retention_churn,defi,dex,cohort_retention_churn,Monthly churn rate,Dune dex.trades cohorts,Calculates cohort retention and churn rates for DEX users.,protocol:0x,"[""cohort:month"",""retention_rate:number"",""churn_rate:number"",""cohort_size:number""]","[{""key"": ""protocol"", ""type"": ""text"", ""label"": ""Protocol"", ""default"": ""0x"", ""required"": true}, {""key"": ""chain"", ""type"": ""chain"", ""label"": ""Chain"", ""default"": ""ethereum"", ""required"": true, ""options"": [{""label"": ""Ethereum"", ""value"": ""ethereum""}, {""label"": ""Base"", ""value"": ""base""}, {""label"": ""Optimism"", ""value"": ""optimism""}, {""label"": ""Arbitrum"", ""value"": ""arbitrum""}, {""label"": ""Polygon"", ""value"": ""polygon""}, {""label"": ""BSC"", ""value"": ""bsc""}, {""label"": ""Avalanche"", ""value"": ""avalanche""}, {""label"": ""Celo"", ""value"": ""celo""}]}, {""key"": ""lookback_days"", ""type"": ""number"", ""label"": ""Lookback Days"", ""default"": ""365"", ""required"": false}]"
defi.cohort_volume_retention,defi,dex,cohort_volume_retention,Cohort Volume Trends,Dune dex.trades,Tracks volume retention by user cohort month over time for DEX.,protocol:1inch,"[""cohort:string"",""period:string"",""volume:number"",""retention:number""]","[{""key"": ""protocol"", ""type"": ""text"", ""label"": ""Protocol"", ""default"": ""1inch"", ""required"": true}, {""key"": ""lookback_months"", ""type"": ""number"", ""label"": ""Lookback Months"", ""default"": ""12"", ""required"": false}]"
defi.competitor_user_inflow,defi,dex,competitor_user_inflow,New vs Imported Users,ZKEVM PancakeSwap analysis,Identifies new protocol users from prior competitor activity.,protocol:pancakeswap,"[""tx_from:string"", ""first_trade_date:date"", ""prev_project:string"", ""prev_tx_count:number""]","[{""key"": ""protocol"", ""type"": ""text"", ""label"": ""Protocol"", ""default"": null, ""required"": true}, {""key"": ""lookback_days"", ""type"": ""number"", ""label"": ""Lookback Days"", ""default"": ""90"", ""required"": true}]"
defi.consecutive_high_volume_streaks,defi,dex,consecutive_high_volume_streaks,Consecutive High Vol Weeks,Dune dex.trades,Detects streaks of consecutive weeks exceeding volume threshold per chain.,generic,"[""chain:string"",""max_streak:number"",""threshold:number"",""periods:string""]","[{""key"": ""chain"", ""type"": ""chain"", ""label"": ""Chain"", ""default"": null, ""required"": true, ""options"": [{""label"": ""Ethereum"", ""value"": ""ethereum""}, {""label"": ""Base"", ""value"": ""base""}, {""label"": ""Optimism"", ""value"": ""optimism""}, {""label"": ""Arbitrum"", ""value"": ""arbitrum""}, {""label"": ""Polygon"", ""value"": ""polygon""}, {""label"": ""BSC"", ""value"": ""bsc""}, {""label"": ""Avalanche"", ""value"": ""avalanche""}, {""label"": ""Celo"", ""value"": ""celo""}]}, {""key"": ""threshold_usd"", ""type"": ""number"", ""label"": ""Min USD Threshold"", ""default"": ""500000000"", ""required"": true}, {""key"": ""lookback_days"", ""type"": ""number"", ""label"": ""Lookback Days"", ""default"": ""365"", ""required"": false}]"
defi.contract_labels_lookup,defi,contracts,contract_labels_lookup,Contract Labels,Dune labels.contracts,Retrieves labeled names for contract addresses.,generic,"[""address:string"",""name:string""]","[{""key"": ""contract_addresses"", ""type"": ""address[]"", ""label"": ""Contract Addresses"", ""default"": [], ""required"": true}]"
defi.contract_retention_cohort,defi,wallet,contract_retention_cohort,User Retention Rates,Transaction cohorts,Tracks cohort retention for contract-interacting users over periods.,generic,"[""cohort_date:date"", ""retention_rate:number"", ""retained_users:number"", ""total_cohort:number""]","[{""key"": ""contract_address"", ""type"": ""address"", ""label"": ""Contract Address"", ""default"": null, ""required"": true}, {""key"": ""lookback_days"", ""type"": ""number"", ""label"": ""Lookback Days"", ""default"": ""90"", ""required"": true}]"
defi.copy_trade_detector,defi,dex,copy_trade_detector,Copycat Patterns,Ethereum new tokens,Detects copycat trades on new tokens.,generic,"[""leader_wallet:string"",""copycats:number"",""avg_delay:number""]","[{""key"": ""chain"", ""type"": ""chain"", ""label"": ""Chain"", ""default"": ""ethereum"", ""required"": true, ""options"": [{""label"": ""Ethereum"", ""value"": ""ethereum""}, {""label"": ""Base"", ""value"": ""base""}, {""label"": ""Optimism"", ""value"": ""optimism""}, {""label"": ""Arbitrum"", ""value"": ""arbitrum""}, {""label"": ""Polygon"", ""value"": ""polygon""}, {""label"": ""BSC"", ""value"": ""bsc""}, {""label"": ""Avalanche"", ""value"": ""avalanche""}, {""label"": ""Celo"", ""value"": ""celo""}]}, {""key"": ""lookback_days"", ""type"": ""number"", ""label"": ""Lookback Days"", ""default"": ""1"", ""required"": true}, {""key"": ""min_trades"", ""type"": ""number"", ""label"": ""Min Copies"", ""default"": ""5"", ""required"": false}]"
defi.credit_utilization_ratio,defi,lending,credit_utilization_ratio,Credit Utilization,Compound Borrow Logs,Calculates latest credit utilization per borrower-lender pair using windowed balances.,generic,"[""borrower:string"",""lender:string"",""utilization:number""]","[{""key"": ""contract_address"", ""type"": ""address"", ""label"": ""Contract Address"", ""default"": null, ""required"": true}]"
defi.cross_chain_user_overlap,defi,dex,cross_chain_user_overlap,Multi-Chain Users,Dune dex.trades join,Counts users trading on primary chain also on others.,protocol:uniswap,"[""chain_combination:string"",""total_users:number""]","[{""key"": ""primary_chain"", ""type"": ""chain"", ""label"": ""Primary Chain"", ""default"": ""ethereum"", ""required"": true, ""options"": [{""label"": ""Ethereum"", ""value"": ""ethereum""}, {""label"": ""Base"", ""value"": ""base""}, {""label"": ""Optimism"", ""value"": ""optimism""}, {""label"": ""Arbitrum"", ""value"": ""arbitrum""}, {""label"": ""Polygon"", ""value"": ""polygon""}, {""label"": ""BSC"", ""value"": ""bsc""}, {""label"": ""Avalanche"", ""value"": ""avalanche""}, {""label"": ""Celo"", ""value"": ""celo""}]}, {""key"": ""lookback_days"", ""type"": ""number"", ""label"": ""Lookback Days"", ""default"": ""30"", ""required"": true}]"
defi.cross_chain_user_pairs,defi,dex,cross_chain_user_pairs,Multi-Chain Activity,Dune dex.trades unnest,Counts users active across chain pairs.,protocol:uniswap,"[""chain_pair:string"",""user_count:number""]","[{""key"": ""protocol"", ""type"": ""text"", ""label"": ""Protocol"", ""default"": ""uniswap"", ""required"": true}, {""key"": ""date_from"", ""type"": ""date"", ""label"": ""Start Date"", ""default"": null, ""required"": true}, {""key"": ""chain"", ""type"": ""chain"", ""label"": ""Chain"", ""default"": null, ""required"": false, ""options"": [{""label"": ""Ethereum"", ""value"": ""ethereum""}, {""label"": ""Base"", ""value"": ""base""}, {""label"": ""Optimism"", ""value"": ""optimism""}, {""label"": ""Arbitrum"", ""value"": ""arbitrum""}, {""label"": ""Polygon"", ""value"": ""polygon""}, {""label"": ""BSC"", ""value"": ""bsc""}, {""label"": ""Avalanche"", ""value"": ""avalanche""}, {""label"": ""Celo"", ""value"": ""celo""}]}]"
defi.cross_protocol_wallet_segmentation,defi,wallet,cross_protocol_wallet_segmentation,Multi-DEX Activity,Dune dex_solana.trades,"Segments wallets by trades, days active, and volume split across protocols.",generic,"[""wallet:string"",""trade_count:number"",""days_active:number"",""pumpfun_volume:number"",""pumpswap_volume:number"",""activity_density:number""]","[{""key"": ""protocols"", ""type"": ""text"", ""label"": ""Protocols"", ""default"": ""pumpdotfun,pumpswap"", ""required"": true}, {""key"": ""lookback_days"", ""type"": ""number"", ""label"": ""Lookback Days"", ""default"": ""30"", ""required"": true}]"
defi.cumulative_protocol_users,defi,wallet,cumulative_protocol_users,User Growth Cohort,New and cumulative users,Computes daily new users and running cumulative total.,protocol,"[""day:date"", ""new_users:number"", ""cumulative_users:number""]","[{""key"": ""lookback_days"", ""type"": ""number"", ""label"": ""Lookback Days"", ""default"": ""30"", ""required"": false}]"
defi.cumulative_staker_count,defi,staking,cumulative_staker_count,Unique stakers,Beacon deposit traces,Counts first-time depositors to beacon chain and cumulative total.,protocol:BeaconChain,"[""time:timestamp"", ""unique_stakers:number"", ""cum_validators:number""]","[{""key"": ""interval"", ""type"": ""select"", ""label"": ""Interval"", ""default"": ""day"", ""options"": [{""label"": ""Minute"", ""value"": ""minute""}, {""label"": ""Hour"", ""value"": ""hour""}, {""label"": ""Day"", ""value"": ""day""}, {""label"": ""Week"", ""value"": ""week""}, {""label"": ""Month"", ""value"": ""month""}], ""required"": true}]"
defi.cumulative_traders_by_version,defi,dex,cumulative_traders_by_version,Cumulative Traders,Dune dex.trades,Computes cumulative unique traders by DEX version over time.,protocol:uniswap,"[""month:date"", ""version:string"", ""total_traders:number""]","[{""key"": ""protocol"", ""type"": ""text"", ""label"": ""Protocol"", ""default"": ""uniswap"", ""required"": true}, {""key"": ""chain"", ""type"": ""chain"", ""label"": ""Chain"", ""default"": ""ethereum"", ""required"": true, ""options"": [{""label"": ""Ethereum"", ""value"": ""ethereum""}, {""label"": ""Base"", ""value"": ""base""}, {""label"": ""Optimism"", ""value"": ""optimism""}, {""label"": ""Arbitrum"", ""value"": ""arbitrum""}, {""label"": ""Polygon"", ""value"": ""polygon""}, {""label"": ""BSC"", ""value"": ""bsc""}, {""label"": ""Avalanche"", ""value"": ""avalanche""}, {""label"": ""Celo"", ""value"": ""celo""}]}]"
defi.daily_net_flow,defi,wallet,daily_net_flow,Daily Net SOL Flow,Deposits minus withdrawals,Computes daily net SOL inflow/outflow for protocol.,generic,"[""day:date"",""net_sol:number"",""deposits:number"",""withdrawals:number""]","[{""key"": ""contract_address"", ""type"": ""address"", ""label"": ""Contract Address"", ""default"": null, ""required"": true}, {""key"": ""lookback_days"", ""type"": ""number"", ""label"": ""Lookback Days"", ""default"": ""30"", ""required"": true}]"
defi.daily_new_depositors,defi,bridge,daily_new_depositors,New depositor count,ethereum.transactions,Counts daily first-time depositors to bridges.,generic,"[""day:date"", ""new_wallets:number"", ""cumulative:number""]","[{""key"": ""contract_address"", ""type"": ""address"", ""label"": ""Contract Address"", ""default"": null, ""required"": true}, {""key"": ""date_from"", ""type"": ""date"", ""label"": ""Start Date"", ""default"": null, ""required"": false}]"
defi.daily_new_returning_users,defi,wallet,daily_new_returning_users,New vs Returning Users,Dune dex.trades,Computes daily new and returning unique users.,generic,"[""time:timestamp"", ""new:number"", ""returning:number""]","[{""key"": ""protocol"", ""type"": ""text"", ""label"": ""Protocol"", ""default"": null, ""required"": true}, {""key"": ""interval"", ""type"": ""select"", ""label"": ""Interval"", ""default"": ""day"", ""options"": [{""label"": ""Minute"", ""value"": ""minute""}, {""label"": ""Hour"", ""value"": ""hour""}, {""label"": ""Day"", ""value"": ""day""}, {""label"": ""Week"", ""value"": ""week""}, {""label"": ""Month"", ""value"": ""month""}], ""required"": false}]"
defi.daily_new_users,defi,protocol,daily_new_users,New Users Daily,First deposit cohort,Counts daily new users by first deposit to contract.,protocol,"[""date:date"", ""new_users:number"", ""cumulative_users:number""]","[{""key"": ""contract_address"", ""type"": ""address"", ""label"": ""Contract Address"", ""default"": null, ""required"": true}, {""key"": ""date_from"", ""type"": ""date"", ""label"": ""Start Date"", ""default"": null, ""required"": true}]"
defi.daily_whale_transaction_count,defi,dex,daily_whale_transaction_count,Whale Tx/Day,Dune dex.trades,Counts daily DEX trades exceeding USD threshold.,generic,"[""date:date"", ""number_of_transactions:number""]","[{""key"": ""usd_threshold"", ""type"": ""number"", ""label"": ""\""Min USD/Trade\"""", ""default"": null, ""required"": true}, {""key"": ""date_range"", ""type"": ""date_range"", ""label"": ""Date Range"", ""default"": {""to"": """", ""from"": """"}, ""required"": true}]"
defi.dao_app_events_count,defi,dao,dao_app_events_count,App Events Monthly,Aragon Client Polygon,Counts DAO app events by app name and month.,protocol:aragon,"[""dao_address:string"",""app_name:string"",""month:date"",""event_count:number""]","[{""key"": ""chain"", ""type"": ""chain"", ""label"": ""Chain"", ""default"": ""polygon"", ""required"": true, ""options"": [{""label"": ""Ethereum"", ""value"": ""ethereum""}, {""label"": ""Base"", ""value"": ""base""}, {""label"": ""Optimism"", ""value"": ""optimism""}, {""label"": ""Arbitrum"", ""value"": ""arbitrum""}, {""label"": ""Polygon"", ""value"": ""polygon""}, {""label"": ""BSC"", ""value"": ""bsc""}, {""label"": ""Avalanche"", ""value"": ""avalanche""}, {""label"": ""Celo"", ""value"": ""celo""}]}, {""key"": ""dao_address"", ""type"": ""address"", ""label"": ""DAO Address"", ""default"": null, ""required"": false}, {""key"": ""app_name"", ""type"": ""text"", ""label"": ""App Name"", ""default"": null, ""required"": false}, {""key"": ""date_from"", ""type"": ""date"", ""label"": ""Start Date"", ""default"": null, ""required"": false}]"
defi.dao_cap_table,defi,holders,dao_cap_table,DAO Governance Cap Table,Delegator/delegate holder analysis,Generates DAO governance cap tables with holder/delegator metrics.,protocol:MakerDAO,"[""period:string"",""holder_type:string"",""balance:number""]","[{""key"": ""protocol"", ""type"": ""text"", ""label"": ""Protocol"", ""default"": ""maker"", ""required"": true}]"
defi.dao_stablecoin_flows,defi,dao,dao_stablecoin_flows,DAO Stablecoin Inflows,DAO addresses + ERC20 transfers,Measures stablecoin (USDC/USDT/DAI) inflows to DAO addresses.,protocol:dao,"[""dao:string"",""total_volume:number"",""avg_tx:number""]","[{""key"": ""stablecoins"", ""type"": ""text"", ""label"": ""Stablecoins"", ""default"": ""USDC,USDT,DAI"", ""required"": false}, {""key"": ""date_from"", ""type"": ""date"", ""label"": ""Start Date"", ""default"": null, ""required"": true}]"
defi.defi_protocol_dau_leaderboard,defi,lending,defi_protocol_dau_leaderboard,Protocol DAU Leaderboard,Solana Instructions,Ranks daily active users across DeFi protocols.,generic,"[""date:date"", ""protocol:string"", ""dau:number""]","[{""key"": ""date_range"", ""type"": ""date_range"", ""label"": ""Date Range"", ""default"": {""to"": """", ""from"": """"}, ""required"": true}]"
defi.defi_user_classifier,defi,wallet,defi_user_classifier,User Activity Segments,Dune dex.trades,Classifies wallets as defi_user or normal based on volume and tx count.,generic,"[""label:string"",""total_volume:number"",""tx_cnt:number"",""bot_score:number""]","[{""key"": ""chain"", ""type"": ""chain"", ""label"": ""Chain"", ""default"": ""ethereum"", ""required"": true, ""options"": [{""label"": ""Ethereum"", ""value"": ""ethereum""}, {""label"": ""Base"", ""value"": ""base""}, {""label"": ""Optimism"", ""value"": ""optimism""}, {""label"": ""Arbitrum"", ""value"": ""arbitrum""}, {""label"": ""Polygon"", ""value"": ""polygon""}, {""label"": ""BSC"", ""value"": ""bsc""}, {""label"": ""Avalanche"", ""value"": ""avalanche""}, {""label"": ""Celo"", ""value"": ""celo""}]}, {""key"": ""date_from"", ""type"": ""date"", ""label"": ""Start Date"", ""default"": ""2024-01-01"", ""required"": true}, {""key"": ""volume_threshold"", ""type"": ""number"", ""label"": ""Volume Threshold USD"", ""default"": ""100000"", ""required"": false}]"
defi.deposit_frequency_cohorts,defi,bridge,deposit_frequency_cohorts,User Frequency,Ethereum Transactions,Buckets users by deposit frequency to bridge.,protocol:Aztec,"[""frequency_bucket:string"",""depositor_count:number""]","[{""key"": ""contract_address"", ""type"": ""address"", ""label"": ""Contract Address"", ""default"": null, ""required"": true}]"
defi.depositor_amount_buckets,defi,bridge,depositor_amount_buckets,Depositor distribution buckets,ethereum.transactions,Buckets depositors by total deposit amount ranges.,generic,"[""bucket:string"",""depositor_count:number""]","[{""key"": ""contract_address"", ""type"": ""address"", ""label"": ""Contract Address"", ""default"": null, ""required"": true}]"
defi.depositor_amount_distribution,defi,holders,depositor_amount_distribution,Depositor Cohort Sizes,Transaction Deposits,Bins wallets by total deposit amounts to a contract.,generic,"[""cohort:string"",""wallet_count:number"",""total_deposits:number""]","[{""key"": ""contract_address"", ""type"": ""address"", ""label"": ""Contract Address"", ""default"": null, ""required"": true}, {""key"": ""date_range"", ""type"": ""date_range"", ""label"": ""Date Range"", ""default"": {""to"": """", ""from"": """"}, ""required"": true}]"
defi.depositor_common_swaps,defi,wallet,depositor_common_swaps,Group Common Swap Pairs,Dune dex.trades,Identifies most common swap pairs used by a wallet group (e.g. depositors).,generic,"[""bought_token:string"",""sold_token:string"",""pair:string"",""swap_count:number""]","[{""key"": ""group_query_id"", ""type"": ""number"", ""label"": ""Group Query ID"", ""default"": null, ""required"": true}, {""key"": ""lookback_days"", ""type"": ""number"", ""label"": ""Lookback Days"", ""default"": ""60"", ""required"": true}]"
defi.depositor_frequency_distribution,defi,bridge,depositor_frequency_distribution,Depositor Frequency Bins,ethereum.transactions,Categorizes bridge depositors by interaction frequency buckets.,protocol:zk.money,"[""frequency_bin:string"",""wallet_count:number""]","[{""key"": ""contract_address"", ""type"": ""address"", ""label"": ""Contract Address"", ""default"": null, ""required"": true}]"
defi.depositor_whale_distribution,defi,bridge,depositor_whale_distribution,Bridge Whale Buckets,Depositor Size Ranges,Distributes bridge depositors into ETH value buckets for whale analysis.,protocol:bridge,"[""bucket:string"",""wallet_count:number"",""total_eth:number""]","[{""key"": ""contract_address"", ""type"": ""address"", ""label"": ""Contract Address"", ""default"": null, ""required"": true}, {""key"": ""min_usd"", ""type"": ""number"", ""label"": ""Min USD"", ""default"": ""100"", ""required"": false}]"
defi.deposit_wallet_distribution,defi,holders,deposit_wallet_distribution,Deposits per Wallet,Decoded Deposit Logs,Buckets wallets by deposit count revealing power users.,generic,"[""wallet:string"",""deposit_count:number"",""bucket:string""]","[{""key"": ""contract_address"", ""type"": ""address"", ""label"": ""Contract Address"", ""default"": null, ""required"": true}]"
defi.dex_active_user_share,defi,dex,dex_active_user_share,Active User Market Share,Dune dex.trades CTEs,Calculates protocol market share of monthly active traders vs total DEX.,generic,"[""month:date"", ""protocol_users:number"", ""total_users:number"", ""market_share:number""]","[{""key"": ""protocol"", ""type"": ""text"", ""label"": ""Protocol"", ""default"": null, ""required"": true}, {""key"": ""interval"", ""type"": ""select"", ""label"": ""Interval"", ""default"": ""month"", ""options"": [{""label"": ""Minute"", ""value"": ""minute""}, {""label"": ""Hour"", ""value"": ""hour""}, {""label"": ""Day"", ""value"": ""day""}, {""label"": ""Week"", ""value"": ""week""}, {""label"": ""Month"", ""value"": ""month""}], ""required"": true}, {""key"": ""chain"", ""type"": ""chain"", ""label"": ""Chain"", ""default"": ""ethereum"", ""required"": true, ""options"": [{""label"": ""Ethereum"", ""value"": ""ethereum""}, {""label"": ""Base"", ""value"": ""base""}, {""label"": ""Optimism"", ""value"": ""optimism""}, {""label"": ""Arbitrum"", ""value"": ""arbitrum""}, {""label"": ""Polygon"", ""value"": ""polygon""}, {""label"": ""BSC"", ""value"": ""bsc""}, {""label"": ""Avalanche"", ""value"": ""avalanche""}, {""label"": ""Celo"", ""value"": ""celo""}]}]"
defi.dex_aggregator_dex_volume,defi,aggregator,dex_aggregator_dex_volume,Aggregator Routed Volume,Dune dex.trades,Volume routed from aggregators to target DEX.,generic,"[""aggregator:string"",""dex_volume:number""]","[{""key"": ""dex_protocol"", ""type"": ""text"", ""label"": ""Target DEX"", ""default"": ""Uniswap"", ""required"": true}, {""key"": ""dex_version"", ""type"": ""text"", ""label"": ""DEX Version"", ""default"": ""3"", ""required"": false}, {""key"": ""date_from"", ""type"": ""date"", ""label"": ""Start Date"", ""default"": null, ""required"": true}]"
defi.dex_aggregator_share,defi,dex,dex_aggregator_share,Aggregator vs DEX Share,Dune dex.trades,Computes aggregator volume share of total DEX volume over time.,generic,"[""day:date"", ""agg_share:number"", ""dex_only_share:number""]","[{""key"": ""date_range"", ""type"": ""date_range"", ""label"": ""Date Range"", ""default"": {""to"": """", ""from"": """"}, ""required"": true}]"
defi.dex_arb_detector,defi,mev,dex_arb_detector,Arbitrage Profits,Dune dex.trades,Detects arbitrage trades within same block/tx.,generic,"[""tx_hash:string"",""token_pair:string"",""profit_usd:number"",""block_number:number""]","[{""key"": ""chain"", ""type"": ""chain"", ""label"": ""Chain"", ""default"": ""ethereum"", ""required"": true, ""options"": [{""label"": ""Ethereum"", ""value"": ""ethereum""}, {""label"": ""Base"", ""value"": ""base""}, {""label"": ""Optimism"", ""value"": ""optimism""}, {""label"": ""Arbitrum"", ""value"": ""arbitrum""}, {""label"": ""Polygon"", ""value"": ""polygon""}, {""label"": ""BSC"", ""value"": ""bsc""}, {""label"": ""Avalanche"", ""value"": ""avalanche""}, {""label"": ""Celo"", ""value"": ""celo""}]}, {""key"": ""min_profit_usd"", ""type"": ""number"", ""label"": ""Min Profit USD"", ""default"": ""100"", ""required"": false}]"
defi.dex_bot_classifier,defi,wallet,dex_bot_classifier,Bot Detection Score,dex.trades lifespan analysis,Classifies bots via average daily tx over wallet lifespan.,generic,"[""address:string"",""avg_daily_txs:number"",""total_txs:number"",""lifespan:number"",""is_bot:boolean""]","[{""key"": ""min_txns_per_day"", ""type"": ""number"", ""label"": ""Min Tx/Day Threshold"", ""default"": ""20"", ""required"": true}]"
defi.dex_bot_detector,defi,wallet,dex_bot_detector,Bot Activity Score,Dune dex.trades,Classifies high-frequency traders as potential bots using z-score on trade counts.,generic,"[""wallet:string"",""trades:number"",""bot_score:number""]","[{""key"": ""lookback_days"", ""type"": ""number"", ""label"": ""Lookback Days"", ""default"": ""30"", ""required"": false}]"
defi.dex_bot_vs_organic_classifier,defi,dex,dex_bot_vs_organic_classifier,Bot vs Organic Volume,Dune dex.trades + bot labels,Classifies trades as bot or organic with volume and count breakdown.,generic,"[""label:string"",""number_of_trades:number"",""total_trade_volume_usd:number""]","[{""key"": ""chain"", ""type"": ""chain"", ""label"": ""Chain"", ""default"": null, ""required"": true, ""options"": [{""label"": ""Ethereum"", ""value"": ""ethereum""}, {""label"": ""Base"", ""value"": ""base""}, {""label"": ""Optimism"", ""value"": ""optimism""}, {""label"": ""Arbitrum"", ""value"": ""arbitrum""}, {""label"": ""Polygon"", ""value"": ""polygon""}, {""label"": ""BSC"", ""value"": ""bsc""}, {""label"": ""Avalanche"", ""value"": ""avalanche""}, {""label"": ""Celo"", ""value"": ""celo""}]}, {""key"": ""pool_address"", ""type"": ""address"", ""label"": ""Pool Address"", ""default"": null, ""required"": false}, {""key"": ""lookback_days"", ""type"": ""number"", ""label"": ""Lookback Days"", ""default"": ""30"", ""required"": true}]"
defi.dex_buy_sell_netflow,defi,dex,dex_buy_sell_netflow,Buy/Sell netflow,Dune dex.trades,Aggregates daily buy/sell volumes and net flow across DEXes.,generic,"[""day:date"", ""buy_usd:number"", ""sell_usd:number"", ""net_usd:number""]","[{""key"": ""contract_address"", ""type"": ""address"", ""label"": ""Contract Address"", ""default"": null, ""required"": true}, {""key"": ""date_to"", ""type"": ""date"", ""label"": ""End Date"", ""default"": null, ""required"": false}]"
defi.dex_chain_market_share,defi,dex,dex_chain_market_share,Chain Volume Share,Dune dex.trades,Computes monthly DEX volume market share by chain.,generic,"[""month:date"", ""chain:string"", ""market_share:number""]","[{""key"": ""lookback_days"", ""type"": ""number"", ""label"": ""Lookback Days"", ""default"": ""365"", ""required"": false}]"
defi.dex_chain_volume_rank,defi,dex,dex_chain_volume_rank,Chain Volume Leaderboard,dex.trades chain partitioning,Ranks chains by volume per DEX with cumulative totals.,generic,"[""dex:string"",""chain:string"",""dex_volume:number"",""dex_chain_rank:number"",""dex_chain_volume:number""]","[{""key"": ""date_from"", ""type"": ""date"", ""label"": ""Start Date"", ""default"": null, ""required"": true}]"
defi.dex_churn_rate,defi,dex,dex_churn_rate,Monthly Churn Rate,dex.trades multi-chain,Computes monthly user churn rate across DEX protocols using daily active users and LAG.,generic,"[""month:date"", ""project:string"", ""churn_rate:number"", ""avg_daily_users:number""]","[{""key"": ""date_range"", ""type"": ""date_range"", ""label"": ""Date Range"", ""default"": {""to"": """", ""from"": """"}, ""required"": true}]"
defi.dex_cohort_new_returning,defi,dex,dex_cohort_new_returning,New vs returning traders,Dune dex.trades,Computes monthly new and returning traders.,generic,"[""time:timestamp"", ""new:number"", ""returning:number""]","[{""key"": ""protocol"", ""type"": ""text"", ""label"": ""Protocol"", ""default"": null, ""required"": true}, {""key"": ""version"", ""type"": ""text"", ""label"": ""Version"", ""default"": null, ""required"": false}, {""key"": ""date_from"", ""type"": ""date"", ""label"": ""Start Date"", ""default"": null, ""required"": false}]"
defi.dex_cohort_retention,defi,dex,dex_cohort_retention,Cohort Retention Rate,Dune dex.trades,Computes monthly churn and retention by user cohort.,protocol:Curve,"[""cohort:string"",""retention:number"",""churn:number""]","[{""key"": ""protocol"", ""type"": ""text"", ""label"": ""Protocol"", ""default"": ""Curve"", ""required"": true}, {""key"": ""interval"", ""type"": ""select"", ""label"": ""Interval"", ""default"": ""month"", ""options"": [{""label"": ""Minute"", ""value"": ""minute""}, {""label"": ""Hour"", ""value"": ""hour""}, {""label"": ""Day"", ""value"": ""day""}, {""label"": ""Week"", ""value"": ""week""}, {""label"": ""Month"", ""value"": ""month""}], ""required"": true}]"
defi.dex_daily_active_wallets,defi,dex,dex_daily_active_wallets,DEX Daily Active Wallets,Protocol DAU breakdown,Counts daily active wallets per DEX protocol.,generic,"[""day:date"",""protocol:string"",""dau:number""]","[{""key"": ""date_from"", ""type"": ""date"", ""label"": ""Start Date"", ""default"": null, ""required"": true}]"
defi.dex_dau_leaderboard,defi,dex,dex_dau_leaderboard,DEX Daily Active Users,Dune Solana Transactions,Computes daily active users across major DEX protocols using instruction executing accounts.,generic,"[""day:date"", ""dex:string"", ""dau:number""]","[{""key"": ""date_range"", ""type"": ""date_range"", ""label"": ""Date Range"", ""default"": {""to"": """", ""from"": """"}, ""required"": true}, {""key"": ""top_n"", ""type"": ""number"", ""label"": ""Top N"", ""default"": ""10"", ""required"": false}]"
defi.dex_dau_thresholds,defi,dex,dex_dau_thresholds,Tiered DAU,USD threshold users,Counts daily active users by trade size thresholds.,generic,"[""day:date"", ""dau:number"", ""dau_10:number"", ""dau_50:number"", ""dau_100:number"", ""dau_1000:number""]","[{""key"": ""protocol"", ""type"": ""text"", ""label"": ""Protocol"", ""default"": ""uniswap"", ""required"": true}, {""key"": ""chain"", ""type"": ""chain"", ""label"": ""Chain"", ""default"": ""base"", ""required"": true, ""options"": [{""label"": ""Ethereum"", ""value"": ""ethereum""}, {""label"": ""Base"", ""value"": ""base""}, {""label"": ""Optimism"", ""value"": ""optimism""}, {""label"": ""Arbitrum"", ""value"": ""arbitrum""}, {""label"": ""Polygon"", ""value"": ""polygon""}, {""label"": ""BSC"", ""value"": ""bsc""}, {""label"": ""Avalanche"", ""value"": ""avalanche""}, {""label"": ""Celo"", ""value"": ""celo""}]}]"
defi.dex_exclusive_user_ratio,defi,dex,dex_exclusive_user_ratio,Exclusive user ratio,dex.trades subquery,Computes ratio of users exclusive to a DEX.,generic,"[""exclusive_swappers:number"",""total_swappers:number"",""ratio:number""]","[{""key"": ""lookback_days"", ""type"": ""number"", ""label"": ""Lookback Days"", ""default"": ""30"", ""required"": false}]"
defi.dex_fee_estimator,defi,dex,dex_fee_estimator,Protocol fee estimation,Dune dex.trades,Estimates daily fees for DEX protocols by applying known fee rates to trade volumes.,generic,"[""block_date:date"",""project:string"",""total_daily_fees_usd:number""]","[{""key"": ""protocol"", ""type"": ""text"", ""label"": ""Protocol"", ""default"": null, ""required"": true}, {""key"": ""date_from"", ""type"": ""date"", ""label"": ""Start Date"", ""default"": null, ""required"": true}, {""key"": ""days_back"", ""type"": ""number"", ""label"": ""Days back"", ""default"": ""7"", ""required"": false}]"
defi.dex_gas_leaderboard,defi,dex,dex_gas_leaderboard,DEX Gas Usage,Ethereum Transactions,Ranks DEX routers by total gas used over time intervals.,generic,"[""label:string"", ""total_gas:number"", ""tx_count:number"", ""date:date""]","[{""key"": ""protocol"", ""type"": ""text"", ""label"": ""Protocol"", ""default"": null, ""required"": false}, {""key"": ""date_range"", ""type"": ""date_range"", ""label"": ""Date Range"", ""default"": {""to"": """", ""from"": """"}, ""required"": true}, {""key"": ""top_n"", ""type"": ""number"", ""label"": ""Top N"", ""default"": ""10"", ""required"": false}]"
defi.dex_high_turnover_median_trades,defi,dex,dex_high_turnover_median_trades,High Turnover Medians,Dune dex.trades,Median trade sizes for wallets exceeding turnover threshold.,generic,"[""wallet:string"",""median_usd:number"",""bucket:string""]","[{""key"": ""pool_address"", ""type"": ""address"", ""label"": ""Pool Address"", ""default"": null, ""required"": true}, {""key"": ""threshold_usd"", ""type"": ""number"", ""label"": ""Min USD Threshold"", ""default"": ""10000"", ""required"": true}, {""key"": ""lookback_days"", ""type"": ""number"", ""label"": ""Lookback Days"", ""default"": ""7"", ""required"": true}]"
defi.dex_internalization_rate,defi,dex,dex_internalization_rate,Internal vs External Volume,dex.trades pool ranking,Ranks top pools by volume and computes internalization ratios.,generic,"[""pool_address:string"",""total_volume:number"",""internalization_rate:number""]","[{""key"": ""protocol"", ""type"": ""text"", ""label"": ""Protocol"", ""default"": null, ""required"": true}, {""key"": ""chain"", ""type"": ""chain"", ""label"": ""Chain"", ""default"": null, ""required"": true, ""options"": [{""label"": ""Ethereum"", ""value"": ""ethereum""}, {""label"": ""Base"", ""value"": ""base""}, {""label"": ""Optimism"", ""value"": ""optimism""}, {""label"": ""Arbitrum"", ""value"": ""arbitrum""}, {""label"": ""Polygon"", ""value"": ""polygon""}, {""label"": ""BSC"", ""value"": ""bsc""}, {""label"": ""Avalanche"", ""value"": ""avalanche""}, {""label"": ""Celo"", ""value"": ""celo""}]}, {""key"": ""min_date"", ""type"": ""date"", ""label"": ""Start Date"", ""default"": null, ""required"": false}]"
defi.dex_low_activity_cohort,defi,dex,dex_low_activity_cohort,Low Activity Wallets,Dune dex.trades,Measures % of first-week wallets with <5 trades per token.,generic,"[""token_name:string"",""low_activity_pct:number""]","[{""key"": ""lookback_days"", ""type"": ""number"", ""label"": ""Lookback Days"", ""default"": ""30"", ""required"": false}]"
defi.dex_lp_activity,defi,dex,dex_lp_activity,LP Events,Balancer Curve logs,Aggregates LP mint/burn events across DEX protocols.,generic,"[""date:date"", ""lp_mints:number"", ""lp_burns:number"", ""unique_lpers:number""]","[{""key"": ""protocol"", ""type"": ""text"", ""label"": ""Protocol"", ""default"": ""balancer"", ""required"": true}, {""key"": ""date_from"", ""type"": ""date"", ""label"": ""Start Date"", ""default"": null, ""required"": false}]"
defi.dex_market_share,defi,dex,dex_market_share,Monthly market share,dex.trades aggregation,Computes market share percentages for DEXes.,generic,"[""decentralized_exchange:string"",""market_share_percent:number"",""volume_usd_in_billion:number""]","[{""key"": ""lookback_days"", ""type"": ""number"", ""label"": ""Lookback Days"", ""default"": ""30"", ""required"": false}]"
defi.dex_market_share_ranker,defi,dex,dex_market_share_ranker,Market Share,dex_solana.trades,Ranks DEXes by volume share with trader metrics.,generic,"[""project:string"",""total_volume:number"",""market_share:number"",""unique_traders:number""]","[{""key"": ""lookback_days"", ""type"": ""number"", ""label"": ""Lookback Days"", ""default"": ""30"", ""required"": true}]"
defi.dex_multi_protocol_overlap,defi,dex,dex_multi_protocol_overlap,Multi-DEX User Overlap,Dune dex.trades,Counts unique traders across multiple DEX protocols with overlaps.,generic,"[""total_traders:number"",""protocol1_traders:number"",""protocol2_traders:number"",""protocol3_traders:number"",""protocol4_traders:number""]","[{""key"": ""protocols"", ""type"": ""text"", ""label"": ""Protocols"", ""default"": null, ""required"": true}, {""key"": ""date_from"", ""type"": ""date"", ""label"": ""Start Date"", ""default"": null, ""required"": true}, {""key"": ""chain"", ""type"": ""chain"", ""label"": ""Chain"", ""default"": ""ethereum"", ""required"": false, ""options"": [{""label"": ""Ethereum"", ""value"": ""ethereum""}, {""label"": ""Base"", ""value"": ""base""}, {""label"": ""Optimism"", ""value"": ""optimism""}, {""label"": ""Arbitrum"", ""value"": ""arbitrum""}, {""label"": ""Polygon"", ""value"": ""polygon""}, {""label"": ""BSC"", ""value"": ""bsc""}, {""label"": ""Avalanche"", ""value"": ""avalanche""}, {""label"": ""Celo"", ""value"": ""celo""}]}]"
defi.dex_new_returning_daily_users,defi,dex,dex_new_returning_daily_users,New/Returning Users,Dune dex.trades,Computes daily new and returning traders.,generic,"[""time:timestamp"", ""new_users:number"", ""returning_users:number""]","[{""key"": ""chain"", ""type"": ""chain"", ""label"": ""Chain"", ""default"": null, ""required"": true, ""options"": [{""label"": ""Ethereum"", ""value"": ""ethereum""}, {""label"": ""Base"", ""value"": ""base""}, {""label"": ""Optimism"", ""value"": ""optimism""}, {""label"": ""Arbitrum"", ""value"": ""arbitrum""}, {""label"": ""Polygon"", ""value"": ""polygon""}, {""label"": ""BSC"", ""value"": ""bsc""}, {""label"": ""Avalanche"", ""value"": ""avalanche""}, {""label"": ""Celo"", ""value"": ""celo""}]}, {""key"": ""protocol"", ""type"": ""text"", ""label"": ""Protocol"", ""default"": null, ""required"": false}, {""key"": ""contract_address"", ""type"": ""address"", ""label"": ""Contract Address"", ""default"": null, ""required"": false}, {""key"": ""interval"", ""type"": ""select"", ""label"": ""Interval"", ""default"": ""day"", ""options"": [{""label"": ""Minute"", ""value"": ""minute""}, {""label"": ""Hour"", ""value"": ""hour""}, {""label"": ""Day"", ""value"": ""day""}, {""label"": ""Week"", ""value"": ""week""}, {""label"": ""Month"", ""value"": ""month""}], ""required"": true}]"
defi.dex_new_returning_dau,defi,wallet,dex_new_returning_dau,New vs Returning DAU,Dune dex.trades,Breaks down daily/weekly/monthly active users into new and returning cohorts.,generic,"[""period:string"",""new_users:number"",""returning_users:number"",""total_users:number""]","[{""key"": ""contract_address"", ""type"": ""address"", ""label"": ""Contract Address"", ""default"": null, ""required"": true}, {""key"": ""interval"", ""type"": ""select"", ""label"": ""Interval"", ""default"": ""day"", ""options"": [{""label"": ""Minute"", ""value"": ""minute""}, {""label"": ""Hour"", ""value"": ""hour""}, {""label"": ""Day"", ""value"": ""day""}, {""label"": ""Week"", ""value"": ""week""}, {""label"": ""Month"", ""value"": ""month""}], ""required"": true}, {""key"": ""chain"", ""type"": ""chain"", ""label"": ""Chain"", ""default"": ""ethereum"", ""required"": false, ""options"": [{""label"": ""Ethereum"", ""value"": ""ethereum""}, {""label"": ""Base"", ""value"": ""base""}, {""label"": ""Optimism"", ""value"": ""optimism""}, {""label"": ""Arbitrum"", ""value"": ""arbitrum""}, {""label"": ""Polygon"", ""value"": ""polygon""}, {""label"": ""BSC"", ""value"": ""bsc""}, {""label"": ""Avalanche"", ""value"": ""avalanche""}, {""label"": ""Celo"", ""value"": ""celo""}]}]"
defi.dex_new_returning_mau,defi,dex,dex_new_returning_mau,New Returning MAU,Cohort user analysis,Classifies monthly new vs returning active users for DEX.,generic,"[""month:date"", ""new_users:number"", ""returning_users:number""]","[{""key"": ""protocol"", ""type"": ""text"", ""label"": ""Protocol"", ""default"": ""uniswap"", ""required"": true}, {""key"": ""chain"", ""type"": ""chain"", ""label"": ""Chain"", ""default"": ""ethereum"", ""required"": true, ""options"": [{""label"": ""Ethereum"", ""value"": ""ethereum""}, {""label"": ""Base"", ""value"": ""base""}, {""label"": ""Optimism"", ""value"": ""optimism""}, {""label"": ""Arbitrum"", ""value"": ""arbitrum""}, {""label"": ""Polygon"", ""value"": ""polygon""}, {""label"": ""BSC"", ""value"": ""bsc""}, {""label"": ""Avalanche"", ""value"": ""avalanche""}, {""label"": ""Celo"", ""value"": ""celo""}]}]"
defi.dex_new_returning_traders,defi,dex,dex_new_returning_traders,New vs Returning,dex.trades CTEs,Computes daily new and returning traders.,generic,"[""time:timestamp"", ""new:number"", ""returning:number""]","[{""key"": ""chain"", ""type"": ""chain"", ""label"": ""Chain"", ""default"": null, ""required"": true, ""options"": [{""label"": ""Ethereum"", ""value"": ""ethereum""}, {""label"": ""Base"", ""value"": ""base""}, {""label"": ""Optimism"", ""value"": ""optimism""}, {""label"": ""Arbitrum"", ""value"": ""arbitrum""}, {""label"": ""Polygon"", ""value"": ""polygon""}, {""label"": ""BSC"", ""value"": ""bsc""}, {""label"": ""Avalanche"", ""value"": ""avalanche""}, {""label"": ""Celo"", ""value"": ""celo""}]}, {""key"": ""contract_address"", ""type"": ""address"", ""label"": ""Contract Address"", ""default"": null, ""required"": false}, {""key"": ""date_from"", ""type"": ""date"", ""label"": ""Start Date"", ""default"": null, ""required"": true}]"
defi.dex_new_returning_users,defi,wallet,dex_new_returning_users,User Cohort Breakdown,Dune query 626817,Computes new versus returning users over time.,generic,"[""period:string"",""new_users:number"",""returning_users:number""]","[{""key"": ""chain"", ""type"": ""chain"", ""label"": ""Chain"", ""default"": null, ""required"": true, ""options"": [{""label"": ""Ethereum"", ""value"": ""ethereum""}, {""label"": ""Base"", ""value"": ""base""}, {""label"": ""Optimism"", ""value"": ""optimism""}, {""label"": ""Arbitrum"", ""value"": ""arbitrum""}, {""label"": ""Polygon"", ""value"": ""polygon""}, {""label"": ""BSC"", ""value"": ""bsc""}, {""label"": ""Avalanche"", ""value"": ""avalanche""}, {""label"": ""Celo"", ""value"": ""celo""}]}, {""key"": ""interval"", ""type"": ""select"", ""label"": ""Interval"", ""default"": ""week"", ""options"": [{""label"": ""Minute"", ""value"": ""minute""}, {""label"": ""Hour"", ""value"": ""hour""}, {""label"": ""Day"", ""value"": ""day""}, {""label"": ""Week"", ""value"": ""week""}, {""label"": ""Month"", ""value"": ""month""}], ""required"": true}, {""key"": ""contract_address"", ""type"": ""address"", ""label"": ""Contract Address"", ""default"": null, ""required"": false}]"
defi.dex_new_returning_wau,defi,dex,dex_new_returning_wau,New Returning Users,Dune dex.trades,Calculates weekly new and returning active users.,generic,"[""time:timestamp"", ""new_users:number"", ""returning_users:number""]","[{""key"": ""lookback_days"", ""type"": ""number"", ""label"": ""Lookback Days"", ""default"": ""30"", ""required"": false}]"
defi.dex_new_traders_daily,defi,dex,dex_new_traders_daily,New traders by DEX,Dune dex.trades,Counts daily new traders by DEX using first trade detection.,generic,"[""day:date"", ""project:string"", ""new_traders:number""]","[{""key"": ""chain"", ""type"": ""chain"", ""label"": ""Chain"", ""default"": null, ""required"": true, ""options"": [{""label"": ""Ethereum"", ""value"": ""ethereum""}, {""label"": ""Base"", ""value"": ""base""}, {""label"": ""Optimism"", ""value"": ""optimism""}, {""label"": ""Arbitrum"", ""value"": ""arbitrum""}, {""label"": ""Polygon"", ""value"": ""polygon""}, {""label"": ""BSC"", ""value"": ""bsc""}, {""label"": ""Avalanche"", ""value"": ""avalanche""}, {""label"": ""Celo"", ""value"": ""celo""}]}, {""key"": ""protocol"", ""type"": ""text"", ""label"": ""Protocol"", ""default"": null, ""required"": false}, {""key"": ""date_from"", ""type"": ""date"", ""label"": ""Start Date"", ""default"": null, ""required"": true}, {""key"": ""lookback_days"", ""type"": ""number"", ""label"": ""Lookback Days"", ""default"": ""180"", ""required"": true}]"
defi.dex_new_user_cohort,defi,dex,dex_new_user_cohort,New User Onboarding,Dune dex.trades CTEs,Counts new users per period by first trade date and protocol.,generic,"[""time:timestamp"", ""protocol:string"", ""new_user_count:number""]","[{""key"": ""interval"", ""type"": ""select"", ""label"": ""Interval"", ""default"": ""day"", ""options"": [{""label"": ""Minute"", ""value"": ""minute""}, {""label"": ""Hour"", ""value"": ""hour""}, {""label"": ""Day"", ""value"": ""day""}, {""label"": ""Week"", ""value"": ""week""}, {""label"": ""Month"", ""value"": ""month""}], ""required"": false}, {""key"": ""protocol"", ""type"": ""text"", ""label"": ""Protocol"", ""default"": null, ""required"": false}, {""key"": ""date_from"", ""type"": ""date"", ""label"": ""Start Date"", ""default"": null, ""required"": true}]"
defi.dex_new_user_cohorts,defi,dex,dex_new_user_cohorts,New Users,dex.trades CTEs,Counts new and returning users per period per DEX.,generic,"[""period:string"",""project:string"",""new:number"",""returning:number""]","[{""key"": ""interval"", ""type"": ""select"", ""label"": ""Interval"", ""default"": ""day"", ""options"": [{""label"": ""Minute"", ""value"": ""minute""}, {""label"": ""Hour"", ""value"": ""hour""}, {""label"": ""Day"", ""value"": ""day""}, {""label"": ""Week"", ""value"": ""week""}, {""label"": ""Month"", ""value"": ""month""}], ""required"": true}, {""key"": ""lookback_days"", ""type"": ""number"", ""label"": ""Lookback Days"", ""default"": ""90"", ""required"": true}]"
defi.dex_new_users_daily,defi,dex,dex_new_users_daily,Daily New Traders,Dune dex.trades,Counts daily first-time traders distinguishing new vs returning.,generic,"[""day:date"", ""daily_new_users:number"", ""blockchain:string"", ""project:string""]","[{""key"": ""chain"", ""type"": ""chain"", ""label"": ""Chain"", ""default"": null, ""required"": true, ""options"": [{""label"": ""Ethereum"", ""value"": ""ethereum""}, {""label"": ""Base"", ""value"": ""base""}, {""label"": ""Optimism"", ""value"": ""optimism""}, {""label"": ""Arbitrum"", ""value"": ""arbitrum""}, {""label"": ""Polygon"", ""value"": ""polygon""}, {""label"": ""BSC"", ""value"": ""bsc""}, {""label"": ""Avalanche"", ""value"": ""avalanche""}, {""label"": ""Celo"", ""value"": ""celo""}]}, {""key"": ""protocol"", ""type"": ""text"", ""label"": ""Protocol"", ""default"": null, ""required"": true}, {""key"": ""date_from"", ""type"": ""date"", ""label"": ""Start Date"", ""default"": null, ""required"": false}]"
defi.dex_new_vs_recurring_traders,defi,dex,dex_new_vs_recurring_traders,New vs Recurring Traders,Dune dex.trades,Classifies token traders as new or recurring by first trade day.,generic,"[""day:date"", ""new_users:number"", ""recurring_users:number"", ""new_vol:number"", ""recurring_vol:number""]","[{""key"": ""chain"", ""type"": ""chain"", ""label"": ""Chain"", ""default"": null, ""required"": true, ""options"": [{""label"": ""Ethereum"", ""value"": ""ethereum""}, {""label"": ""Base"", ""value"": ""base""}, {""label"": ""Optimism"", ""value"": ""optimism""}, {""label"": ""Arbitrum"", ""value"": ""arbitrum""}, {""label"": ""Polygon"", ""value"": ""polygon""}, {""label"": ""BSC"", ""value"": ""bsc""}, {""label"": ""Avalanche"", ""value"": ""avalanche""}, {""label"": ""Celo"", ""value"": ""celo""}]}, {""key"": ""contract_address"", ""type"": ""address"", ""label"": ""Contract Address"", ""default"": null, ""required"": true}, {""key"": ""date_from"", ""type"": ""date"", ""label"": ""Start Date"", ""default"": null, ""required"": false}]"
defi.dex_onboarding_pairs,defi,dex,dex_onboarding_pairs,First Trade Pairs,Dune dex.trades,Identifies pairs used in users' first trades.,generic,"[""token_pair:string"",""num_users:number"",""avg_size:number""]","[{""key"": ""protocol"", ""type"": ""text"", ""label"": ""Protocol"", ""default"": null, ""required"": true}, {""key"": ""chain"", ""type"": ""chain"", ""label"": ""Chain"", ""default"": ""ethereum"", ""required"": true, ""options"": [{""label"": ""Ethereum"", ""value"": ""ethereum""}, {""label"": ""Base"", ""value"": ""base""}, {""label"": ""Optimism"", ""value"": ""optimism""}, {""label"": ""Arbitrum"", ""value"": ""arbitrum""}, {""label"": ""Polygon"", ""value"": ""polygon""}, {""label"": ""BSC"", ""value"": ""bsc""}, {""label"": ""Avalanche"", ""value"": ""avalanche""}, {""label"": ""Celo"", ""value"": ""celo""}]}, {""key"": ""lookback_days"", ""type"": ""number"", ""label"": ""Lookback Days"", ""default"": ""90"", ""required"": true}]"
defi.dex_pair_buy_sell_volumes,defi,dex,dex_pair_buy_sell_volumes,Pair buy/sell volumes,Dune dex.trades pairs,Aggregates buy and sell volumes for top token pairs.,generic,"[""pair:string"",""buy_vol:number"",""sell_vol:number"",""total_vol:number""]","[{""key"": ""protocol"", ""type"": ""text"", ""label"": ""Protocol"", ""default"": null, ""required"": false}, {""key"": ""top_n"", ""type"": ""number"", ""label"": ""Top N"", ""default"": ""10"", ""required"": false}, {""key"": ""date_from"", ""type"": ""date"", ""label"": ""Start Date"", ""default"": null, ""required"": false}]"
defi.dex_pair_competition,defi,dex,dex_pair_competition,DEX Pair Competition,Dune query 1873031,Ranks winning DEX per token pair by volume share.,generic,"[""blockchain:string"",""token_pair:string"",""winning_dex:string"",""volume:number""]","[{""key"": ""min_usd"", ""type"": ""number"", ""label"": ""Min USD"", ""default"": ""10000000"", ""required"": true}, {""key"": ""lookback_days"", ""type"": ""number"", ""label"": ""Lookback Days"", ""default"": ""90"", ""required"": true}]"
defi.dex_performance_leaderboard,defi,dex,dex_performance_leaderboard,DEX metrics,dex.trades aggregation,"Compares DEX volume, trades, avg size, pairs.",generic,"[""project:string"",""num_trades:number"",""total_volume_usd:number"",""avg_trade_volume_usd:number"",""num_token_pairs:number""]","[{""key"": ""chain"", ""type"": ""chain"", ""label"": ""Chain"", ""default"": ""ethereum"", ""required"": true, ""options"": [{""label"": ""Ethereum"", ""value"": ""ethereum""}, {""label"": ""Base"", ""value"": ""base""}, {""label"": ""Optimism"", ""value"": ""optimism""}, {""label"": ""Arbitrum"", ""value"": ""arbitrum""}, {""label"": ""Polygon"", ""value"": ""polygon""}, {""label"": ""BSC"", ""value"": ""bsc""}, {""label"": ""Avalanche"", ""value"": ""avalanche""}, {""label"": ""Celo"", ""value"": ""celo""}]}, {""key"": ""date_from"", ""type"": ""date"", ""label"": ""Start Date"", ""default"": null, ""required"": false}, {""key"": ""top_n"", ""type"": ""number"", ""label"": ""Top N"", ""default"": ""10"", ""required"": false}]"
defi.dex_performance_metrics,defi,dex,dex_performance_metrics,DEX Metrics Comparison,Multi-metric leaderboard,"Compares DEXes by trades, volume, average size, and token pairs.",generic,"[""project:string"",""num_trades:number"",""total_volume_usd:number"",""avg_trade_volume_usd:number"",""num_token_pairs:number""]","[{""key"": ""chain"", ""type"": ""chain"", ""label"": ""Chain"", ""default"": null, ""required"": true, ""options"": [{""label"": ""Ethereum"", ""value"": ""ethereum""}, {""label"": ""Base"", ""value"": ""base""}, {""label"": ""Optimism"", ""value"": ""optimism""}, {""label"": ""Arbitrum"", ""value"": ""arbitrum""}, {""label"": ""Polygon"", ""value"": ""polygon""}, {""label"": ""BSC"", ""value"": ""bsc""}, {""label"": ""Avalanche"", ""value"": ""avalanche""}, {""label"": ""Celo"", ""value"": ""celo""}]}, {""key"": ""lookback_days"", ""type"": ""number"", ""label"": ""Lookback Days"", ""default"": ""30"", ""required"": false}]"
defi.dex_pool_moving_averages,defi,lp,dex_pool_moving_averages,Pool Volume Trends,Dune query 4598067,Computes pool volumes with moving averages.,generic,"[""day:date"", ""pool:string"", ""volume:number"", ""ma_7d:number"", ""ma_30d:number""]","[{""key"": ""chain"", ""type"": ""chain"", ""label"": ""Chain"", ""default"": null, ""required"": true, ""options"": [{""label"": ""Ethereum"", ""value"": ""ethereum""}, {""label"": ""Base"", ""value"": ""base""}, {""label"": ""Optimism"", ""value"": ""optimism""}, {""label"": ""Arbitrum"", ""value"": ""arbitrum""}, {""label"": ""Polygon"", ""value"": ""polygon""}, {""label"": ""BSC"", ""value"": ""bsc""}, {""label"": ""Avalanche"", ""value"": ""avalanche""}, {""label"": ""Celo"", ""value"": ""celo""}]}, {""key"": ""pool_address"", ""type"": ""address"", ""label"": ""Pool Address"", ""default"": null, ""required"": false}, {""key"": ""lookback_days"", ""type"": ""number"", ""label"": ""Lookback Days"", ""default"": ""30"", ""required"": true}]"
defi.dex_price_differences,defi,dex,dex_price_differences,Cross-DEX Arbitrage,Dune dex.trades,Compares average prices across DEXes for arb opportunities.,generic,"[""token:string"",""dex_high:string"",""high_price:number"",""dex_low:string"",""low_price:number"",""diff_percent:number""]","[{""key"": ""chain"", ""type"": ""chain"", ""label"": ""Chain"", ""default"": ""ethereum"", ""required"": true, ""options"": [{""label"": ""Ethereum"", ""value"": ""ethereum""}, {""label"": ""Base"", ""value"": ""base""}, {""label"": ""Optimism"", ""value"": ""optimism""}, {""label"": ""Arbitrum"", ""value"": ""arbitrum""}, {""label"": ""Polygon"", ""value"": ""polygon""}, {""label"": ""BSC"", ""value"": ""bsc""}, {""label"": ""Avalanche"", ""value"": ""avalanche""}, {""label"": ""Celo"", ""value"": ""celo""}]}, {""key"": ""lookback_hours"", ""type"": ""number"", ""label"": ""Lookback Hours"", ""default"": ""4"", ""required"": true}, {""key"": ""min_trades"", ""type"": ""number"", ""label"": ""Min Trades"", ""default"": ""3"", ""required"": true}]"
defi.dex_project_chain_market_share,defi,dex,dex_project_chain_market_share,Project Shares,dex.trades CTE window,Computes project transaction count and volume market shares within each chain.,generic,"[""blockchain:string"",""project:string"",""txn_share:number"",""volume_share:number""]","[{""key"": ""chain"", ""type"": ""chain"", ""label"": ""Chain"", ""default"": null, ""required"": false, ""options"": [{""label"": ""Ethereum"", ""value"": ""ethereum""}, {""label"": ""Base"", ""value"": ""base""}, {""label"": ""Optimism"", ""value"": ""optimism""}, {""label"": ""Arbitrum"", ""value"": ""arbitrum""}, {""label"": ""Polygon"", ""value"": ""polygon""}, {""label"": ""BSC"", ""value"": ""bsc""}, {""label"": ""Avalanche"", ""value"": ""avalanche""}, {""label"": ""Celo"", ""value"": ""celo""}]}]"
defi.dex_protocol_benchmark,defi,dex,dex_protocol_benchmark,DEX Performance Metrics,Dune dex.trades,"Benchmarks DEX protocols by trades, volume, avg size, pairs.",generic,"[""project:string"",""total_trades:number"",""total_volume:number"",""avg_trade:number"",""token_pairs:number""]","[{""key"": ""chain"", ""type"": ""chain"", ""label"": ""Chain"", ""default"": null, ""required"": true, ""options"": [{""label"": ""Ethereum"", ""value"": ""ethereum""}, {""label"": ""Base"", ""value"": ""base""}, {""label"": ""Optimism"", ""value"": ""optimism""}, {""label"": ""Arbitrum"", ""value"": ""arbitrum""}, {""label"": ""Polygon"", ""value"": ""polygon""}, {""label"": ""BSC"", ""value"": ""bsc""}, {""label"": ""Avalanche"", ""value"": ""avalanche""}, {""label"": ""Celo"", ""value"": ""celo""}]}, {""key"": ""lookback_days"", ""type"": ""number"", ""label"": ""Lookback Days"", ""default"": ""1825"", ""required"": false}]"
defi.dex_protocol_growth_rank,defi,dex,dex_protocol_growth_rank,DEX Growth Ranking,dex.trades multi-period,Ranks protocols by 7-day volume with 1-day comparison and growth rate.,generic,"[""rank:number"",""project:string"",""seven_day_volume:number"",""one_day_volume:number"",""growth:number""]","[{""key"": ""lookback_days"", ""type"": ""number"", ""label"": ""Lookback Days"", ""default"": ""45"", ""required"": true}]"
defi.dex_protocol_leaderboard,defi,dex,dex_protocol_leaderboard,DEX performance metrics,Dune dex.trades,"Ranks DEX protocols by trade count, unique traders, volume, average trade size, and token pairs.",generic,"[""project:string"",""trade_count:number"",""unique_traders:number"",""total_volume_usd:number"",""avg_trade_usd:number"",""token_pairs_traded:number""]","[{""key"": ""chain"", ""type"": ""chain"", ""label"": ""Chain"", ""default"": ""ethereum"", ""required"": true, ""options"": [{""label"": ""Ethereum"", ""value"": ""ethereum""}, {""label"": ""Base"", ""value"": ""base""}, {""label"": ""Optimism"", ""value"": ""optimism""}, {""label"": ""Arbitrum"", ""value"": ""arbitrum""}, {""label"": ""Polygon"", ""value"": ""polygon""}, {""label"": ""BSC"", ""value"": ""bsc""}, {""label"": ""Avalanche"", ""value"": ""avalanche""}, {""label"": ""Celo"", ""value"": ""celo""}]}, {""key"": ""date_from"", ""type"": ""date"", ""label"": ""Start Date"", ""default"": null, ""required"": true}]"
defi.dex_protocol_market_share,defi,dex,dex_protocol_market_share,DEX Market Share,Dune dex.trades,"Computes volume, trades, and market share percentage across DEX protocols.",generic,"[""period:string"",""project:string"",""volume_usd:number"",""trade_count:number"",""market_share_pct:number""]","[{""key"": ""chain"", ""type"": ""chain"", ""label"": ""Chain"", ""default"": null, ""required"": true, ""options"": [{""label"": ""Ethereum"", ""value"": ""ethereum""}, {""label"": ""Base"", ""value"": ""base""}, {""label"": ""Optimism"", ""value"": ""optimism""}, {""label"": ""Arbitrum"", ""value"": ""arbitrum""}, {""label"": ""Polygon"", ""value"": ""polygon""}, {""label"": ""BSC"", ""value"": ""bsc""}, {""label"": ""Avalanche"", ""value"": ""avalanche""}, {""label"": ""Celo"", ""value"": ""celo""}]}, {""key"": ""timeframe"", ""type"": ""select"", ""label"": ""Timeframe"", ""default"": ""day"", ""options"": [{""label"": ""Minute"", ""value"": ""minute""}, {""label"": ""Hour"", ""value"": ""hour""}, {""label"": ""Day"", ""value"": ""day""}, {""label"": ""Week"", ""value"": ""week""}, {""label"": ""Month"", ""value"": ""month""}], ""required"": true}, {""key"": ""token_symbol"", ""type"": ""text"", ""label"": ""Token Symbol"", ""default"": null, ""required"": false}]"
defi.dex_protocol_monthly_active_users,defi,dex,dex_protocol_monthly_active_users,Monthly Active Users,Solana Transactions,Classifies transactions by DEX protocol and counts monthly unique users.,generic,"[""month:date"", ""protocol:string"", ""users:number""]","[{""key"": ""interval"", ""type"": ""select"", ""label"": ""Interval"", ""default"": ""month"", ""options"": [{""label"": ""Minute"", ""value"": ""minute""}, {""label"": ""Hour"", ""value"": ""hour""}, {""label"": ""Day"", ""value"": ""day""}, {""label"": ""Week"", ""value"": ""week""}, {""label"": ""Month"", ""value"": ""month""}], ""required"": true}, {""key"": ""date_from"", ""type"": ""date"", ""label"": ""Start Date"", ""default"": null, ""required"": true}]"
defi.dex_protocol_share_growth,defi,dex,dex_protocol_share_growth,Market Share Change,Two-period comparison,Calculates protocol volume market share and percentage change across periods.,generic,"[""project:string"",""volume_p1:number"",""volume_p2:number"",""share_change:number""]","[{""key"": ""date_range_1"", ""type"": ""date_range"", ""label"": ""Date Range 1"", ""default"": {""to"": """", ""from"": """"}, ""required"": true}, {""key"": ""date_range_2"", ""type"": ""date_range"", ""label"": ""Date Range 2"", ""default"": {""to"": """", ""from"": """"}, ""required"": true}]"
defi.dex_token_category_flows,defi,token,dex_token_category_flows,Narrative Token Flows,Dune dex.trades,Classifies DEX buys into narrative cohorts like restaking or bitcoin.,generic,"[""narrative:string"",""new_users:number"",""returning_users:number"",""volume:number""]","[{""key"": ""chain"", ""type"": ""chain"", ""label"": ""Chain"", ""default"": null, ""required"": true, ""options"": [{""label"": ""Ethereum"", ""value"": ""ethereum""}, {""label"": ""Base"", ""value"": ""base""}, {""label"": ""Optimism"", ""value"": ""optimism""}, {""label"": ""Arbitrum"", ""value"": ""arbitrum""}, {""label"": ""Polygon"", ""value"": ""polygon""}, {""label"": ""BSC"", ""value"": ""bsc""}, {""label"": ""Avalanche"", ""value"": ""avalanche""}, {""label"": ""Celo"", ""value"": ""celo""}]}, {""key"": ""lookback_days"", ""type"": ""number"", ""label"": ""Lookback Days"", ""default"": ""30"", ""required"": false}]"
defi.dex_token_netflow,defi,dex,dex_token_netflow,Token Buy Sell Netflow,Dune dex.trades,"Computes daily buy, sell, and netflow volumes.",generic,"[""dt:date"", ""buy_volume:number"", ""sell_volume:number"", ""netflow:number"", ""direction:string""]","[{""key"": ""lookback_days"", ""type"": ""number"", ""label"": ""Lookback Days"", ""default"": ""30"", ""required"": false}]"
defi.dex_top_traders,defi,dex,dex_top_traders,Trader Volume Ranking,Uniswap V2 trades,Ranks traders by total volume with relative shares.,protocol:Uniswap,"[""trader:string"",""num_fills:number"",""total_volume:number"",""rank:number"",""relative_share:number""]","[{""key"": ""protocol"", ""type"": ""text"", ""label"": ""Protocol"", ""default"": ""Uniswap"", ""required"": true}, {""key"": ""version"", ""type"": ""text"", ""label"": ""Version"", ""default"": ""v2"", ""required"": false}, {""key"": ""top_n"", ""type"": ""number"", ""label"": ""Top N"", ""default"": ""10"", ""required"": true}, {""key"": ""date_to"", ""type"": ""date"", ""label"": ""End Date"", ""default"": null, ""required"": false}]"
defi.dex_top_whales,defi,dex,dex_top_whales,Top Whale Traders,Dune dex.trades,Ranks top whale traders by transaction volume.,generic,"[""address:string"",""tx_count:number"",""volume:number""]","[{""key"": ""chain"", ""type"": ""chain"", ""label"": ""Chain"", ""default"": null, ""required"": true, ""options"": [{""label"": ""Ethereum"", ""value"": ""ethereum""}, {""label"": ""Base"", ""value"": ""base""}, {""label"": ""Optimism"", ""value"": ""optimism""}, {""label"": ""Arbitrum"", ""value"": ""arbitrum""}, {""label"": ""Polygon"", ""value"": ""polygon""}, {""label"": ""BSC"", ""value"": ""bsc""}, {""label"": ""Avalanche"", ""value"": ""avalanche""}, {""label"": ""Celo"", ""value"": ""celo""}]}, {""key"": ""min_usd"", ""type"": ""number"", ""label"": ""Min USD"", ""default"": ""100000"", ""required"": true}, {""key"": ""top_n"", ""type"": ""number"", ""label"": ""Top N"", ""default"": ""100"", ""required"": true}, {""key"": ""protocol"", ""type"": ""text"", ""label"": ""Protocol"", ""default"": null, ""required"": false}]"
defi.dex_trade_distribution,defi,dex,dex_trade_distribution,Trade size stats,Dune dex.trades,"Computes volume, counts, unique traders, trade size percentiles.",generic,"[""trade_date:date"", ""total_trade_vol:number"", ""trade_count:number"", ""unique_traders:number"", ""q1_trade_size:number"", ""median_trade_size:number"", ""average_trade_size:number"", ""q3_trade_size:number""]","[{""key"": ""chain"", ""type"": ""chain"", ""label"": ""Chain"", ""default"": null, ""required"": true, ""options"": [{""label"": ""Ethereum"", ""value"": ""ethereum""}, {""label"": ""Base"", ""value"": ""base""}, {""label"": ""Optimism"", ""value"": ""optimism""}, {""label"": ""Arbitrum"", ""value"": ""arbitrum""}, {""label"": ""Polygon"", ""value"": ""polygon""}, {""label"": ""BSC"", ""value"": ""bsc""}, {""label"": ""Avalanche"", ""value"": ""avalanche""}, {""label"": ""Celo"", ""value"": ""celo""}]}, {""key"": ""protocols"", ""type"": ""text"", ""label"": ""Protocols"", ""default"": null, ""required"": true}, {""key"": ""token_pair"", ""type"": ""text"", ""label"": ""Token Pair"", ""default"": null, ""required"": true}]"
defi.dex_trader_classification,defi,wallet,dex_trader_classification,Trader Volume Buckets,Dune dex.trades,"Classifies DEX traders into volume tiers like small retail, large retail, whales based on total USD traded.",generic,"[""trader:string"",""classification:string"",""sum_usd:number""]","[{""key"": ""date_range"", ""type"": ""date_range"", ""label"": ""Date Range"", ""default"": {""to"": """", ""from"": """"}, ""required"": true}]"
defi.dex_trader_cohort,defi,dex,dex_trader_cohort,New vs Existing Traders,dex.trades monthly cohort,"Computes monthly new, existing traders and total.",generic,"[""month:date"", ""total_traders:number"", ""new_traders:number"", ""existing_traders:number""]","[{""key"": ""chain"", ""type"": ""chain"", ""label"": ""Chain"", ""default"": null, ""required"": true, ""options"": [{""label"": ""Ethereum"", ""value"": ""ethereum""}, {""label"": ""Base"", ""value"": ""base""}, {""label"": ""Optimism"", ""value"": ""optimism""}, {""label"": ""Arbitrum"", ""value"": ""arbitrum""}, {""label"": ""Polygon"", ""value"": ""polygon""}, {""label"": ""BSC"", ""value"": ""bsc""}, {""label"": ""Avalanche"", ""value"": ""avalanche""}, {""label"": ""Celo"", ""value"": ""celo""}]}, {""key"": ""protocol"", ""type"": ""text"", ""label"": ""Protocol"", ""default"": null, ""required"": true}]"
defi.dex_trader_growth_calculator,defi,dex,dex_trader_growth_calculator,Active trader growth,dex.trades multi-period,Computes % growth in unique active traders.,generic,"[""project:string"",""growth_pct:number"",""active_traders_current:number"",""active_traders_previous:number""]","[{""key"": ""chain"", ""type"": ""chain"", ""label"": ""Chain"", ""default"": null, ""required"": true, ""options"": [{""label"": ""Ethereum"", ""value"": ""ethereum""}, {""label"": ""Base"", ""value"": ""base""}, {""label"": ""Optimism"", ""value"": ""optimism""}, {""label"": ""Arbitrum"", ""value"": ""arbitrum""}, {""label"": ""Polygon"", ""value"": ""polygon""}, {""label"": ""BSC"", ""value"": ""bsc""}, {""label"": ""Avalanche"", ""value"": ""avalanche""}, {""label"": ""Celo"", ""value"": ""celo""}]}, {""key"": ""lookback_months"", ""type"": ""number"", ""label"": ""Lookback months"", ""default"": ""12"", ""required"": true}]"
defi.dex_trader_leaderboard,defi,dex,dex_trader_leaderboard,Unique Traders,dex.trades union,Ranks DEX protocols by unique trader count.,generic,"[""rank:number"",""project:string"",""traders:number""]","[{""key"": ""lookback_days"", ""type"": ""number"", ""label"": ""Lookback Days"", ""default"": ""10"", ""required"": true}]"
defi.dex_trader_metrics,defi,wallet,dex_trader_metrics,Trader profile metrics,dex.trades wallet agg,"Profiles traders with volume, PnL estimate, diversity.",generic,"[""trader_address:string"",""total_volume_usd:number"",""estimated_pnl_usd:number"",""unique_dex_count:number""]","[{""key"": ""lookback_days"", ""type"": ""number"", ""label"": ""Lookback Days"", ""default"": ""30"", ""required"": false}]"
defi.dex_trader_originator,defi,dex,dex_trader_originator,Trader Aggregator Share,Dune dex.trades,Classifies traders by aggregator or direct origin.,protocol:uniswap,"[""originator:string"",""traders:number"",""trader_pct:number""]","[{""key"": ""chain"", ""type"": ""chain"", ""label"": ""Chain"", ""default"": ""ethereum"", ""required"": true, ""options"": [{""label"": ""Ethereum"", ""value"": ""ethereum""}, {""label"": ""Base"", ""value"": ""base""}, {""label"": ""Optimism"", ""value"": ""optimism""}, {""label"": ""Arbitrum"", ""value"": ""arbitrum""}, {""label"": ""Polygon"", ""value"": ""polygon""}, {""label"": ""BSC"", ""value"": ""bsc""}, {""label"": ""Avalanche"", ""value"": ""avalanche""}, {""label"": ""Celo"", ""value"": ""celo""}]}, {""key"": ""date_from"", ""type"": ""date"", ""label"": ""Start Date"", ""default"": null, ""required"": true}, {""key"": ""lookback_days"", ""type"": ""number"", ""label"": ""Lookback Days"", ""default"": ""30"", ""required"": true}]"
defi.dex_trader_pnl,defi,dex,dex_trader_pnl,Trader PnL Metrics,dex.trades buy/sell join,"Computes trader buy/sell counts, volumes, realized profits excluding MEV.",generic,"[""taker:string"",""buy_count:number"",""sell_count:number"",""quote_sum:number"",""base_profit:number"",""first_buy:timestamp"",""last_sell:timestamp""]","[{""key"": ""contract_address"", ""type"": ""address"", ""label"": ""Contract Address"", ""default"": null, ""required"": true}]"
defi.dex_trader_retention_cohort,defi,dex,dex_trader_retention_cohort,Retention by Tier,Dune dex.trades,Computes cohort retention rates for DEX traders by trade size tiers.,generic,"[""cohort_month:date"", ""tier:string"", ""retention_rate:number""]","[{""key"": ""lookback_days"", ""type"": ""number"", ""label"": ""Lookback Days"", ""default"": ""30"", ""required"": false}]"
defi.dex_trader_size_classification,defi,dex,dex_trader_size_classification,Trader Size Distribution,Dune dex.trades,"Classifies traders by daily volume into small, medium, whale with volume shares.",generic,"[""time:timestamp"", ""small_trader_volume:number"", ""medium_trader_volume:number"", ""whale_volume:number""]","[{""key"": ""protocol"", ""type"": ""text"", ""label"": ""Protocol"", ""default"": null, ""required"": true}, {""key"": ""threshold_small"", ""type"": ""number"", ""label"": ""Small Threshold USD"", ""default"": ""10000"", ""required"": false}, {""key"": ""threshold_medium"", ""type"": ""number"", ""label"": ""Medium Threshold USD"", ""default"": ""100000"", ""required"": false}]"
defi.dex_trader_size_distribution,defi,dex,dex_trader_size_distribution,Trader Size Buckets,Dune dex.trades,Classifies daily traders by trade size buckets.,generic,"[""day:date"", ""size_bucket:string"", ""trader_count:number"", ""volume:number""]","[{""key"": ""chain"", ""type"": ""chain"", ""label"": ""Chain"", ""default"": null, ""required"": true, ""options"": [{""label"": ""Ethereum"", ""value"": ""ethereum""}, {""label"": ""Base"", ""value"": ""base""}, {""label"": ""Optimism"", ""value"": ""optimism""}, {""label"": ""Arbitrum"", ""value"": ""arbitrum""}, {""label"": ""Polygon"", ""value"": ""polygon""}, {""label"": ""BSC"", ""value"": ""bsc""}, {""label"": ""Avalanche"", ""value"": ""avalanche""}, {""label"": ""Celo"", ""value"": ""celo""}]}, {""key"": ""protocol"", ""type"": ""text"", ""label"": ""Protocol"", ""default"": null, ""required"": false}, {""key"": ""date_from"", ""type"": ""date"", ""label"": ""Start Date"", ""default"": null, ""required"": true}, {""key"": ""bucket_thresholds"", ""type"": ""text"", ""label"": ""Thresholds"", ""default"": null, ""required"": false}]"
defi.dex_trader_volume_percentiles,defi,wallet,dex_trader_volume_percentiles,Trader volume stats,Dune dex.trades,Calculates monthly median/avg trader volumes with whale filter.,protocol:uniswap,"[""month:date"", ""median_volume:number"", ""avg_volume:number""]","[{""key"": ""protocol"", ""type"": ""text"", ""label"": ""Protocol"", ""default"": ""uniswap"", ""required"": true}, {""key"": ""chain"", ""type"": ""chain"", ""label"": ""Chain"", ""default"": ""ethereum"", ""required"": true, ""options"": [{""label"": ""Ethereum"", ""value"": ""ethereum""}, {""label"": ""Base"", ""value"": ""base""}, {""label"": ""Optimism"", ""value"": ""optimism""}, {""label"": ""Arbitrum"", ""value"": ""arbitrum""}, {""label"": ""Polygon"", ""value"": ""polygon""}, {""label"": ""BSC"", ""value"": ""bsc""}, {""label"": ""Avalanche"", ""value"": ""avalanche""}, {""label"": ""Celo"", ""value"": ""celo""}]}, {""key"": ""min_usd"", ""type"": ""number"", ""label"": ""Min USD"", ""default"": ""10000000"", ""required"": false}]"
defi.dex_trade_size_distribution,defi,dex,dex_trade_size_distribution,Size Buckets,Dune dex.trades,Aggregates trade counts by USD size buckets.,generic,"[""size_bucket:string"",""trade_count:number"",""total_volume:number""]","[{""key"": ""protocol"", ""type"": ""text"", ""label"": ""Protocol"", ""default"": null, ""required"": false}, {""key"": ""date_from"", ""type"": ""date"", ""label"": ""Start Date"", ""default"": null, ""required"": false}]"
defi.dex_tx_market_share,defi,dex,dex_tx_market_share,DEX Market Share,Solana transactions,Breaks down transaction volume across major DEX protocols.,generic,"[""date:date"", ""raydium_cp:number"", ""lifinity_v2:number"", ""whirlpool:number"", ""raydium:number""]","[{""key"": ""date_range"", ""type"": ""date_range"", ""label"": ""Date Range"", ""default"": {""to"": """", ""from"": """"}, ""required"": true}]"
defi.dex_tx_proportions,defi,dex,dex_tx_proportions,DEX transaction shares,solana.transactions multi-program,Computes daily transaction proportions across DEX programs.,generic,"[""block_date:date"", ""mango:number"", ""orca:number"", ""pyth:number"", ""aldrin:number""]","[{""key"": ""date_range"", ""type"": ""date_range"", ""label"": ""Date Range"", ""default"": {""to"": """", ""from"": """"}, ""required"": false}]"
defi.dex_tx_type_classifier,defi,dex,dex_tx_type_classifier,Tx type and CU,solana.transactions,Classifies DEX transactions by buy/sell and aggregates compute units.,generic,"[""tx_type:string"",""total_cu:number"",""tx_count:number""]","[{""key"": ""protocol_address"", ""type"": ""address"", ""label"": ""Protocol Address"", ""default"": null, ""required"": true}, {""key"": ""date_from"", ""type"": ""date"", ""label"": ""Start Date"", ""default"": null, ""required"": true}]"
defi.dex_user_activity_profile,defi,dex,dex_user_activity_profile,User Activity Metrics,DEX Transactions,"Profiles users by daily tx count, success, power users.",protocol:orca,"[""day:date"", ""tx_count:number"", ""unique_users:number"", ""power_user_count:number""]","[{""key"": ""protocol"", ""type"": ""text"", ""label"": ""Protocol"", ""default"": ""orca"", ""required"": true}, {""key"": ""date_range"", ""type"": ""date_range"", ""label"": ""Date Range"", ""default"": {""to"": """", ""from"": """"}, ""required"": true}]"
defi.dex_user_behavior_features,defi,wallet,dex_user_behavior_features,User Metrics,dex.trades percentiles,"Computes comprehensive trading behavior features like median trade size, diversity, recency.",generic,"[""total_trade_value:number"",""median_trade_value:number"",""dex_diversity:number"",""days_since_last:number""]","[{""key"": ""chain"", ""type"": ""chain"", ""label"": ""Chain"", ""default"": null, ""required"": false, ""options"": [{""label"": ""Ethereum"", ""value"": ""ethereum""}, {""label"": ""Base"", ""value"": ""base""}, {""label"": ""Optimism"", ""value"": ""optimism""}, {""label"": ""Arbitrum"", ""value"": ""arbitrum""}, {""label"": ""Polygon"", ""value"": ""polygon""}, {""label"": ""BSC"", ""value"": ""bsc""}, {""label"": ""Avalanche"", ""value"": ""avalanche""}, {""label"": ""Celo"", ""value"": ""celo""}]}, {""key"": ""lookback_days"", ""type"": ""number"", ""label"": ""Lookback Days"", ""default"": ""365"", ""required"": false}]"
defi.dex_user_churn,defi,dex,dex_user_churn,Churn to Competitors,Dune dex.trades churn,Detects users lost to competitor protocols.,generic,"[""lost_users:number"",""competitor_activity:number"",""churn_rate:number""]","[{""key"": ""protocol"", ""type"": ""text"", ""label"": ""Protocol"", ""default"": null, ""required"": true}, {""key"": ""chain"", ""type"": ""chain"", ""label"": ""Chain"", ""default"": null, ""required"": true, ""options"": [{""label"": ""Ethereum"", ""value"": ""ethereum""}, {""label"": ""Base"", ""value"": ""base""}, {""label"": ""Optimism"", ""value"": ""optimism""}, {""label"": ""Arbitrum"", ""value"": ""arbitrum""}, {""label"": ""Polygon"", ""value"": ""polygon""}, {""label"": ""BSC"", ""value"": ""bsc""}, {""label"": ""Avalanche"", ""value"": ""avalanche""}, {""label"": ""Celo"", ""value"": ""celo""}]}, {""key"": ""lookback_days"", ""type"": ""number"", ""label"": ""Lookback Days"", ""default"": ""30"", ""required"": true}]"
defi.dex_user_cohort,defi,dex,dex_user_cohort,New/Returning Users,Dune dex.trades,Computes new and returning traders over time periods.,generic,"[""period:string"",""new_users:number"",""returning_users:number""]","[{""key"": ""chain"", ""type"": ""chain"", ""label"": ""Chain"", ""default"": null, ""required"": true, ""options"": [{""label"": ""Ethereum"", ""value"": ""ethereum""}, {""label"": ""Base"", ""value"": ""base""}, {""label"": ""Optimism"", ""value"": ""optimism""}, {""label"": ""Arbitrum"", ""value"": ""arbitrum""}, {""label"": ""Polygon"", ""value"": ""polygon""}, {""label"": ""BSC"", ""value"": ""bsc""}, {""label"": ""Avalanche"", ""value"": ""avalanche""}, {""label"": ""Celo"", ""value"": ""celo""}]}, {""key"": ""protocol"", ""type"": ""text"", ""label"": ""Protocol"", ""default"": null, ""required"": false}, {""key"": ""contract_address"", ""type"": ""address"", ""label"": ""Contract Address"", ""default"": null, ""required"": false}, {""key"": ""interval"", ""type"": ""select"", ""label"": ""Interval"", ""default"": ""day"", ""options"": [{""label"": ""Minute"", ""value"": ""minute""}, {""label"": ""Hour"", ""value"": ""hour""}, {""label"": ""Day"", ""value"": ""day""}, {""label"": ""Week"", ""value"": ""week""}, {""label"": ""Month"", ""value"": ""month""}], ""required"": true}, {""key"": ""lookback_days"", ""type"": ""number"", ""label"": ""Lookback Days"", ""default"": ""30"", ""required"": true}]"
defi.dex_user_cohort_new_returning,defi,dex,dex_user_cohort_new_returning,New vs Returning Users,dex.trades cohort CTEs,Computes daily new vs returning users via first trade cohort analysis.,generic,"[""block_date:date"", ""trade_count:number"", ""active_user_count:number"", ""new_user_count:number""]","[{""key"": ""chain"", ""type"": ""chain"", ""label"": ""Chain"", ""default"": ""avalanche"", ""required"": true, ""options"": [{""label"": ""Ethereum"", ""value"": ""ethereum""}, {""label"": ""Base"", ""value"": ""base""}, {""label"": ""Optimism"", ""value"": ""optimism""}, {""label"": ""Arbitrum"", ""value"": ""arbitrum""}, {""label"": ""Polygon"", ""value"": ""polygon""}, {""label"": ""BSC"", ""value"": ""bsc""}, {""label"": ""Avalanche"", ""value"": ""avalanche""}, {""label"": ""Celo"", ""value"": ""celo""}]}, {""key"": ""lookback_days"", ""type"": ""number"", ""label"": ""Lookback Days"", ""default"": ""30"", ""required"": false}]"
defi.dex_user_cohort_retention,defi,wallet,dex_user_cohort_retention,User retention cohorts,First-trade cohort analysis,Computes retention rates for user cohorts by first trade period.,generic,"[""cohort:string"",""period:string"",""retention_rate:number"",""active_users:number""]","[{""key"": ""chain"", ""type"": ""chain"", ""label"": ""Chain"", ""default"": null, ""required"": true, ""options"": [{""label"": ""Ethereum"", ""value"": ""ethereum""}, {""label"": ""Base"", ""value"": ""base""}, {""label"": ""Optimism"", ""value"": ""optimism""}, {""label"": ""Arbitrum"", ""value"": ""arbitrum""}, {""label"": ""Polygon"", ""value"": ""polygon""}, {""label"": ""BSC"", ""value"": ""bsc""}, {""label"": ""Avalanche"", ""value"": ""avalanche""}, {""label"": ""Celo"", ""value"": ""celo""}]}, {""key"": ""protocol"", ""type"": ""text"", ""label"": ""Protocol"", ""default"": null, ""required"": false}, {""key"": ""cohort_interval"", ""type"": ""select"", ""label"": ""Cohort Interval"", ""default"": ""month"", ""options"": [{""label"": ""Minute"", ""value"": ""minute""}, {""label"": ""Hour"", ""value"": ""hour""}, {""label"": ""Day"", ""value"": ""day""}, {""label"": ""Week"", ""value"": ""week""}, {""label"": ""Month"", ""value"": ""month""}], ""required"": false}, {""key"": ""lookback_days"", ""type"": ""number"", ""label"": ""Lookback Days"", ""default"": ""365"", ""required"": true}]"
defi.dex_user_cohort_volume_stats,defi,dex,dex_user_cohort_volume_stats,Monthly User Stats,Dune dex.trades,"Computes monthly unique users, avg/stddev volume per user.",generic,"[""month:date"", ""unique_users:number"", ""avg_volume:number"", ""stddev_volume:number""]","[{""key"": ""lookback_days"", ""type"": ""number"", ""label"": ""Lookback Days"", ""default"": ""30"", ""required"": false}]"
defi.dex_user_growth_rate,defi,dex,dex_user_growth_rate,User Growth %,dex.trades week-over-week,Calculates week-over-week unique user growth rate per DEX project.,generic,"[""project:string"",""growth_rate:number"",""users_last_week:number"",""users_this_week:number""]","[{""key"": ""lookback_days"", ""type"": ""number"", ""label"": ""Lookback Days"", ""default"": ""14"", ""required"": false}]"
defi.dex_user_overlap,defi,dex,dex_user_overlap,DEX User Overlap,Dune dex.trades,Measures user overlap across multiple DEXs.,generic,"[""dex1:string"",""dex2:string"",""overlap_users:number"",""total_users:number""]","[{""key"": ""protocols"", ""type"": ""text"", ""label"": ""Protocols"", ""default"": null, ""required"": true}, {""key"": ""lookback_days"", ""type"": ""number"", ""label"": ""Lookback Days"", ""default"": ""90"", ""required"": true}]"
defi.dex_user_protocol_overlap,defi,dex,dex_user_protocol_overlap,User Overlap %,Cross-DEX cohort join,"Computes overlap of users between source and target DEX, flagging prior experience.",generic,"[""overlap_pct:number"",""source_users:number"",""target_users:number""]","[{""key"": ""source_protocol"", ""type"": ""text"", ""label"": ""Source DEX"", ""default"": null, ""required"": true}, {""key"": ""target_protocol"", ""type"": ""text"", ""label"": ""Target DEX"", ""default"": null, ""required"": true}, {""key"": ""date_from"", ""type"": ""date"", ""label"": ""Start Date"", ""default"": null, ""required"": true}]"
defi.dex_user_retention,defi,dex,dex_user_retention,Weekly New/Returning Users,Dune dex.trades,Computes weekly new and total unique users.,generic,"[""time:timestamp"", ""new_users:number"", ""unique_users:number""]","[{""key"": ""protocol"", ""type"": ""text"", ""label"": ""Protocol"", ""default"": null, ""required"": true}, {""key"": ""interval"", ""type"": ""select"", ""label"": ""Interval"", ""default"": ""week"", ""options"": [{""label"": ""Minute"", ""value"": ""minute""}, {""label"": ""Hour"", ""value"": ""hour""}, {""label"": ""Day"", ""value"": ""day""}, {""label"": ""Week"", ""value"": ""week""}, {""label"": ""Month"", ""value"": ""month""}], ""required"": false}]"
defi.dex_user_retention_cohort,defi,dex,dex_user_retention_cohort,New Returning Users,dex.trades cohorts,Computes new and returning active users by cohort period.,generic,"[""period:string"",""new_users:number"",""returning_users:number""]","[{""key"": ""protocol"", ""type"": ""text"", ""label"": ""Protocol"", ""default"": null, ""required"": true}, {""key"": ""interval"", ""type"": ""select"", ""label"": ""Interval"", ""default"": ""day"", ""options"": [{""label"": ""Minute"", ""value"": ""minute""}, {""label"": ""Hour"", ""value"": ""hour""}, {""label"": ""Day"", ""value"": ""day""}, {""label"": ""Week"", ""value"": ""week""}, {""label"": ""Month"", ""value"": ""month""}], ""required"": true}, {""key"": ""date_from"", ""type"": ""date"", ""label"": ""Start Date"", ""default"": null, ""required"": true}]"
defi.dex_user_retention_cohorts,defi,dex,dex_user_retention_cohorts,Monthly cohort retention,dex.trades uniswap v3,Tracks new vs returning users by cohort month.,protocol:uniswap,"[""cohort_month:date"", ""retention_period:string"", ""retained_users:number"", ""retention_rate:number""]","[{""key"": ""protocol"", ""type"": ""text"", ""label"": ""Protocol"", ""default"": ""uniswap"", ""required"": true}, {""key"": ""version"", ""type"": ""text"", ""label"": ""Version"", ""default"": ""3"", ""required"": false}, {""key"": ""date_from"", ""type"": ""date"", ""label"": ""Start Date"", ""default"": null, ""required"": true}]"
defi.dex_user_swap_cdf,defi,wallet,dex_user_swap_cdf,Swap Distribution CDF,Dune dex.trades,Computes CDF/PDF of swaps per wallet for activity distribution.,generic,"[""blockchain:string"",""num_swaps:number"",""num_users:number"",""pdf:number"",""cdf:number""]","[{""key"": ""lookback_days"", ""type"": ""number"", ""label"": ""Lookback Days"", ""default"": ""30"", ""required"": false}]"
defi.dex_version_user_overlap,defi,dex,dex_version_user_overlap,Version User Overlap,Dune dex.trades,"Overlap of users between DEX versions (e.g., v2/v3).",protocol:Uniswap,"[""category:string"",""user_count:number""]","[{""key"": ""protocol"", ""type"": ""text"", ""label"": ""Protocol"", ""default"": ""Uniswap"", ""required"": true}, {""key"": ""versions"", ""type"": ""text"", ""label"": ""Versions"", ""default"": ""v2,v3"", ""required"": true}]"
defi.dex_volume,defi,dex,dex_volume,DEX swap volume,Dune dex.trades,Daily trading volume and swap count for a token across DEXes.,generic,[],"[{""key"": ""chain"", ""type"": ""chain"", ""label"": ""Chain"", ""default"": ""ethereum"", ""options"": [{""label"": ""Ethereum"", ""value"": ""ethereum""}, {""label"": ""Base"", ""value"": ""base""}, {""label"": ""Optimism"", ""value"": ""optimism""}, {""label"": ""Arbitrum"", ""value"": ""arbitrum""}, {""label"": ""Polygon"", ""value"": ""polygon""}, {""label"": ""BSC"", ""value"": ""bsc""}, {""label"": ""Avalanche"", ""value"": ""avalanche""}, {""label"": ""Celo"", ""value"": ""celo""}], ""required"": true}, {""key"": ""token_address"", ""type"": ""token_address"", ""label"": ""Token address"", ""required"": true, ""placeholder"": ""0x...""}, {""key"": ""protocol"", ""type"": ""select"", ""label"": ""DEX protocol"", ""default"": ""all"", ""options"": [{""label"": ""All DEXes"", ""value"": ""all""}, {""label"": ""Uniswap V3"", ""value"": ""uniswap_v3""}, {""label"": ""Uniswap V2"", ""value"": ""uniswap_v2""}, {""label"": ""Curve"", ""value"": ""curve""}, {""label"": ""Balancer"", ""value"": ""balancer""}, {""label"": ""Aerodrome"", ""value"": ""aerodrome""}, {""label"": ""Velodrome"", ""value"": ""velodrome""}, {""label"": ""PancakeSwap"", ""value"": ""pancakeswap""}, {""label"": ""SushiSwap"", ""value"": ""sushiswap""}], ""required"": true}, {""key"": ""days"", ""type"": ""select"", ""label"": ""Time range"", ""default"": ""30"", ""options"": [{""label"": ""Last 7 days"", ""value"": ""7""}, {""label"": ""Last 30 days"", ""value"": ""30""}, {""label"": ""Last 90 days"", ""value"": ""90""}, {""label"": ""Last 180 days"", ""value"": ""180""}, {""label"": ""Last year"", ""value"": ""365""}, {""label"": ""All time"", ""value"": ""all""}], ""required"": true}]"
defi.dex_volume_bands,defi,dex,dex_volume_bands,Trade Size Distribution,Dune dex.trades,Categorizes DEX trades into volume bands excluding stable pairs.,generic,"[""volume_band:string"",""volume_bn:number"",""trade_count:number""]","[{""key"": ""chain"", ""type"": ""chain"", ""label"": ""Chain"", ""default"": null, ""required"": true, ""options"": [{""label"": ""Ethereum"", ""value"": ""ethereum""}, {""label"": ""Base"", ""value"": ""base""}, {""label"": ""Optimism"", ""value"": ""optimism""}, {""label"": ""Arbitrum"", ""value"": ""arbitrum""}, {""label"": ""Polygon"", ""value"": ""polygon""}, {""label"": ""BSC"", ""value"": ""bsc""}, {""label"": ""Avalanche"", ""value"": ""avalanche""}, {""label"": ""Celo"", ""value"": ""celo""}]}, {""key"": ""min_usd"", ""type"": ""number"", ""label"": ""Min USD"", ""default"": ""0"", ""required"": false}]"
defi.dex_volume_by_caller,defi,dex,dex_volume_by_caller,Volume by tx_to,dex.trades arbitrum,Aggregates DEX volume grouped by tx_to (routers/frontends/sources).,generic,"[""week:date"", ""channel:string"", ""volume:number"", ""txns:number""]","[{""key"": ""chain"", ""type"": ""chain"", ""label"": ""Chain"", ""default"": ""arbitrum"", ""required"": true, ""options"": [{""label"": ""Ethereum"", ""value"": ""ethereum""}, {""label"": ""Base"", ""value"": ""base""}, {""label"": ""Optimism"", ""value"": ""optimism""}, {""label"": ""Arbitrum"", ""value"": ""arbitrum""}, {""label"": ""Polygon"", ""value"": ""polygon""}, {""label"": ""BSC"", ""value"": ""bsc""}, {""label"": ""Avalanche"", ""value"": ""avalanche""}, {""label"": ""Celo"", ""value"": ""celo""}]}, {""key"": ""protocol"", ""type"": ""text"", ""label"": ""Protocol"", ""default"": ""balancer"", ""required"": true}, {""key"": ""interval"", ""type"": ""select"", ""label"": ""Interval"", ""default"": ""week"", ""options"": [{""label"": ""Minute"", ""value"": ""minute""}, {""label"": ""Hour"", ""value"": ""hour""}, {""label"": ""Day"", ""value"": ""day""}, {""label"": ""Week"", ""value"": ""week""}, {""label"": ""Month"", ""value"": ""month""}], ""required"": false}]"
defi.dex_volume_growth,defi,dex,dex_volume_growth,Volume Growth Metrics,Dune dex.trades,Calculates daily/weekly volume with WoW/DoD growth rates.,generic,"[""time:timestamp"", ""volume:number"", ""growth_pct:number""]","[{""key"": ""protocol"", ""type"": ""text"", ""label"": ""Protocol"", ""default"": null, ""required"": false}, {""key"": ""interval"", ""type"": ""select"", ""label"": ""Interval"", ""default"": ""day"", ""options"": [{""label"": ""Minute"", ""value"": ""minute""}, {""label"": ""Hour"", ""value"": ""hour""}, {""label"": ""Day"", ""value"": ""day""}, {""label"": ""Week"", ""value"": ""week""}, {""label"": ""Month"", ""value"": ""month""}], ""required"": true}, {""key"": ""lookback_days"", ""type"": ""number"", ""label"": ""Lookback Days"", ""default"": ""7"", ""required"": true}]"
defi.dex_volume_market_share,defi,dex,dex_volume_market_share,DEX Volume Share,Multi-chain trades,Computes volume and market share between DEX protocols over time.,generic,"[""period:string"",""volume_protocol1:number"",""volume_protocol2:number"",""pct:number""]","[{""key"": ""protocol1"", ""type"": ""text"", ""label"": ""First Protocol"", ""default"": ""sushiswap"", ""required"": true}, {""key"": ""protocol2"", ""type"": ""text"", ""label"": ""Second Protocol"", ""default"": ""uniswap"", ""required"": true}, {""key"": ""chain"", ""type"": ""chain"", ""label"": ""Chain"", ""default"": ""ethereum"", ""required"": true, ""options"": [{""label"": ""Ethereum"", ""value"": ""ethereum""}, {""label"": ""Base"", ""value"": ""base""}, {""label"": ""Optimism"", ""value"": ""optimism""}, {""label"": ""Arbitrum"", ""value"": ""arbitrum""}, {""label"": ""Polygon"", ""value"": ""polygon""}, {""label"": ""BSC"", ""value"": ""bsc""}, {""label"": ""Avalanche"", ""value"": ""avalanche""}, {""label"": ""Celo"", ""value"": ""celo""}]}, {""key"": ""date_range"", ""type"": ""date_range"", ""label"": ""Date Range"", ""default"": {""to"": """", ""from"": """"}, ""required"": false}]"
defi.dex_volume_moving_average,defi,dex,dex_volume_moving_average,Volume Moving Averages,Dune dex.trades,Computes daily volume with 7/14/28-day moving averages for trends.,generic,"[""day:date"", ""daily_volume:number"", ""ma7:number"", ""ma14:number"", ""ma28:number""]","[{""key"": ""chain"", ""type"": ""chain"", ""label"": ""Chain"", ""default"": ""ethereum"", ""required"": false, ""options"": [{""label"": ""Ethereum"", ""value"": ""ethereum""}, {""label"": ""Base"", ""value"": ""base""}, {""label"": ""Optimism"", ""value"": ""optimism""}, {""label"": ""Arbitrum"", ""value"": ""arbitrum""}, {""label"": ""Polygon"", ""value"": ""polygon""}, {""label"": ""BSC"", ""value"": ""bsc""}, {""label"": ""Avalanche"", ""value"": ""avalanche""}, {""label"": ""Celo"", ""value"": ""celo""}]}, {""key"": ""lookback_days"", ""type"": ""number"", ""label"": ""Lookback Days"", ""default"": ""365"", ""required"": false}]"
defi.dex_volume_multi_period,defi,dex,dex_volume_multi_period,Multi-Period Volumes,Dune dex.trades,"Aggregates volume across 24h, 7d, 30d windows per DEX project.",generic,"[""project:string"",""vol_24h:number"",""vol_7d:number"",""vol_30d:number""]","[{""key"": ""chain"", ""type"": ""chain"", ""label"": ""Chain"", ""default"": null, ""required"": true, ""options"": [{""label"": ""Ethereum"", ""value"": ""ethereum""}, {""label"": ""Base"", ""value"": ""base""}, {""label"": ""Optimism"", ""value"": ""optimism""}, {""label"": ""Arbitrum"", ""value"": ""arbitrum""}, {""label"": ""Polygon"", ""value"": ""polygon""}, {""label"": ""BSC"", ""value"": ""bsc""}, {""label"": ""Avalanche"", ""value"": ""avalanche""}, {""label"": ""Celo"", ""value"": ""celo""}]}]"
defi.dex_volume_rank_7d_1d,defi,dex,dex_volume_rank_7d_1d,DEX Volume Leaderboard,dex.trades aggregations,Ranks DEXes by 7-day vs 1-day volume for growth comparison.,generic,"[""rank:number"",""project:string"",""volume_7d:number"",""volume_1d:number""]","[{""key"": ""chain"", ""type"": ""chain"", ""label"": ""Chain"", ""default"": null, ""required"": false, ""options"": [{""label"": ""Ethereum"", ""value"": ""ethereum""}, {""label"": ""Base"", ""value"": ""base""}, {""label"": ""Optimism"", ""value"": ""optimism""}, {""label"": ""Arbitrum"", ""value"": ""arbitrum""}, {""label"": ""Polygon"", ""value"": ""polygon""}, {""label"": ""BSC"", ""value"": ""bsc""}, {""label"": ""Avalanche"", ""value"": ""avalanche""}, {""label"": ""Celo"", ""value"": ""celo""}]}, {""key"": ""lookback_days"", ""type"": ""number"", ""label"": ""Lookback Days"", ""default"": ""7"", ""required"": false}]"
defi.dex_volume_top_vs_others,defi,dex,dex_volume_top_vs_others,Top DEX share,Dune dex.trades,Aggregates daily volume for top N DEXes vs others.,generic,"[""block_date:date"",""project:string"",""usd_volume:number""]","[{""key"": ""lookback_days"", ""type"": ""number"", ""label"": ""Lookback Days"", ""default"": ""120"", ""required"": true}, {""key"": ""top_n"", ""type"": ""number"", ""label"": ""Top N"", ""default"": ""3"", ""required"": true}]"
defi.dex_volume_trend_analyzer,defi,dex,dex_volume_trend_analyzer,Volume Trends,dex_solana.trades,Detects volume trends using rolling averages.,generic,"[""day:date"", ""total_volume:number"", ""rolling_7d_avg:number"", ""rolling_30d_avg:number""]","[{""key"": ""lookback_months"", ""type"": ""number"", ""label"": ""Lookback Months"", ""default"": ""12"", ""required"": true}, {""key"": ""date_from"", ""type"": ""date"", ""label"": ""Start Date"", ""default"": null, ""required"": false}]"
defi.dex_volume_volatility,defi,dex,dex_volume_volatility,Trading Volume Volatility,Dune dex.trades,Calculates annualized volatility of daily trading volume for pair.,generic,"[""day:date"", ""daily_volume:number"", ""volatility:number""]","[{""key"": ""token_pair"", ""type"": ""text"", ""label"": ""Token Pair"", ""default"": ""WBTC-USDC"", ""required"": true}, {""key"": ""lookback_days"", ""type"": ""number"", ""label"": ""Lookback Days"", ""default"": ""365"", ""required"": false}]"
defi.dex_wallet_pnl_calculator,defi,wallet,dex_wallet_pnl_calculator,Wallet PnL and ROI,Buy/sell net flow analysis,Calculates realized PnL and ROI for wallets from DEX trades.,generic,"[""wallet:string"",""pnl_usd:number"",""roi_percent:number"",""total_trades:number""]","[{""key"": ""chain"", ""type"": ""chain"", ""label"": ""Chain"", ""default"": null, ""required"": true, ""options"": [{""label"": ""Ethereum"", ""value"": ""ethereum""}, {""label"": ""Base"", ""value"": ""base""}, {""label"": ""Optimism"", ""value"": ""optimism""}, {""label"": ""Arbitrum"", ""value"": ""arbitrum""}, {""label"": ""Polygon"", ""value"": ""polygon""}, {""label"": ""BSC"", ""value"": ""bsc""}, {""label"": ""Avalanche"", ""value"": ""avalanche""}, {""label"": ""Celo"", ""value"": ""celo""}]}, {""key"": ""contract_address"", ""type"": ""address"", ""label"": ""Contract Address"", ""default"": null, ""required"": false}, {""key"": ""date_from"", ""type"": ""date"", ""label"": ""Start Date"", ""default"": null, ""required"": true}, {""key"": ""min_usd"", ""type"": ""number"", ""label"": ""Min USD"", ""default"": ""1000"", ""required"": false}]"
defi.dex_wallet_pnl_classifier,defi,wallet,dex_wallet_pnl_classifier,Profitable Trader Metrics,Dune dex.trades PnL,"Classifies wallets by PNL, ROI, trade count, and volume thresholds.",generic,"[""wallet_address:string"",""pnl_usd:number"",""roi:number"",""trade_count:number"",""volume_usd:number"",""profitable:boolean""]","[{""key"": ""protocol"", ""type"": ""text"", ""label"": ""Protocol"", ""default"": null, ""required"": true}, {""key"": ""chain"", ""type"": ""chain"", ""label"": ""Chain"", ""default"": ""ethereum"", ""required"": true, ""options"": [{""label"": ""Ethereum"", ""value"": ""ethereum""}, {""label"": ""Base"", ""value"": ""base""}, {""label"": ""Optimism"", ""value"": ""optimism""}, {""label"": ""Arbitrum"", ""value"": ""arbitrum""}, {""label"": ""Polygon"", ""value"": ""polygon""}, {""label"": ""BSC"", ""value"": ""bsc""}, {""label"": ""Avalanche"", ""value"": ""avalanche""}, {""label"": ""Celo"", ""value"": ""celo""}]}, {""key"": ""min_swaps"", ""type"": ""number"", ""label"": ""Min Swaps"", ""default"": ""20"", ""required"": false}, {""key"": ""min_volume_usd"", ""type"": ""number"", ""label"": ""Min Volume USD"", ""default"": ""50000"", ""required"": false}, {""key"": ""min_pnl_usd"", ""type"": ""number"", ""label"": ""Min PnL USD"", ""default"": ""500"", ""required"": false}]"
defi.dex_wash_trade_split,defi,dex,dex_wash_trade_split,Wash vs Clean Volume,dex.trades celo,Splits trader volume into wash (multi-swaps per tx/token) vs clean using threshold.,generic,"[""tx_from:string"",""volume:number"",""wash_label:boolean""]","[{""key"": ""chain"", ""type"": ""chain"", ""label"": ""Chain"", ""default"": ""celo"", ""required"": true, ""options"": [{""label"": ""Ethereum"", ""value"": ""ethereum""}, {""label"": ""Base"", ""value"": ""base""}, {""label"": ""Optimism"", ""value"": ""optimism""}, {""label"": ""Arbitrum"", ""value"": ""arbitrum""}, {""label"": ""Polygon"", ""value"": ""polygon""}, {""label"": ""BSC"", ""value"": ""bsc""}, {""label"": ""Avalanche"", ""value"": ""avalanche""}, {""label"": ""Celo"", ""value"": ""celo""}]}, {""key"": ""threshold"", ""type"": ""number"", ""label"": ""Wash Threshold"", ""default"": ""1"", ""required"": false}, {""key"": ""date_from"", ""type"": ""date"", ""label"": ""Start Date"", ""default"": null, ""required"": true}]"
defi.dex_weekly_retention,defi,dex,dex_weekly_retention,Weekly User Retention,Dune dex.trades,Measures weekly new user retention to next week on DEX.,protocol:pancakeswap,"[""week:date"", ""retention_rate:number""]","[{""key"": ""protocol"", ""type"": ""text"", ""label"": ""Protocol"", ""default"": ""pancakeswap"", ""required"": true}, {""key"": ""lookback_days"", ""type"": ""number"", ""label"": ""Lookback Days"", ""default"": ""365"", ""required"": false}]"
defi.dex_whale_leaderboard,defi,dex,dex_whale_leaderboard,Whale Transaction Ranks,High-value trade leaders,Ranks top wallets by large trade count and volume.,generic,"[""wallet_address:string"",""trade_count:number"",""total_volume_usd:number"",""avg_trade_usd:number""]","[{""key"": ""chain"", ""type"": ""chain"", ""label"": ""Chain"", ""default"": null, ""required"": false, ""options"": [{""label"": ""Ethereum"", ""value"": ""ethereum""}, {""label"": ""Base"", ""value"": ""base""}, {""label"": ""Optimism"", ""value"": ""optimism""}, {""label"": ""Arbitrum"", ""value"": ""arbitrum""}, {""label"": ""Polygon"", ""value"": ""polygon""}, {""label"": ""BSC"", ""value"": ""bsc""}, {""label"": ""Avalanche"", ""value"": ""avalanche""}, {""label"": ""Celo"", ""value"": ""celo""}]}, {""key"": ""min_usd"", ""type"": ""number"", ""label"": ""Min USD"", ""default"": ""1000000"", ""required"": false}, {""key"": ""top_n"", ""type"": ""number"", ""label"": ""Top N"", ""default"": ""20"", ""required"": false}, {""key"": ""lookback_days"", ""type"": ""number"", ""label"": ""Lookback Days"", ""default"": ""30"", ""required"": false}]"
defi.dex_whale_tier_distribution,defi,dex,dex_whale_tier_distribution,Whale Trade Tiers,Dune dex.trades,Categorizes large trades into whale tiers by USD volume.,generic,"[""tier:string"",""trade_count:number"",""total_volume:number""]","[{""key"": ""lookback_days"", ""type"": ""number"", ""label"": ""Lookback Days"", ""default"": ""30"", ""required"": false}]"
defi.dex_whale_volume_share,defi,dex,dex_whale_volume_share,Whale Volume Percentage,Dune dex.trades,Measures whale (top volume traders) share of total DEX volume.,protocol:uniswap,"[""period:string"",""whale_pct:number"",""whale_volume:number""]","[{""key"": ""protocol"", ""type"": ""text"", ""label"": ""Protocol"", ""default"": ""uniswap"", ""required"": true}, {""key"": ""top_n"", ""type"": ""number"", ""label"": ""Top N"", ""default"": ""100"", ""required"": false}, {""key"": ""lookback_days"", ""type"": ""number"", ""label"": ""Lookback Days"", ""default"": ""365"", ""required"": false}]"
defi.early_whale_sniper_detector,defi,wallet,early_whale_sniper_detector,Sniper Profits,First-trade profitability,Detects whales sniping early with subsequent price pumps.,generic,"[""wallet:string"",""profit_usd:number"",""first_trade_rank:number"",""price_pump_pct:number""]","[{""key"": ""lookback_days"", ""type"": ""number"", ""label"": ""Lookback Days"", ""default"": ""7"", ""required"": true}, {""key"": ""min_trade_usd"", ""type"": ""number"", ""label"": ""Min Trade Size"", ""default"": ""10000"", ""required"": false}]"
defi.eigenlayer_reward_claims,defi,staking,eigenlayer_reward_claims,Reward Distribution,Eigenlayer Token Join,"Decodes reward claims with earner, claimer, token details.",protocol:eigenlayer,"[""tx_hash:string"", ""block_time:timestamp"", ""earner:string"", ""claimer:string"", ""recipient:string"", ""root:string"", ""token_symbol:string"", ""token:string"", ""claimed_amount:number""]","[{""key"": ""date_from"", ""type"": ""date"", ""label"": ""Start Date"", ""default"": null, ""required"": false}]"
defi.emerging_protocol_detector,defi,dex,emerging_protocol_detector,Emerging protocols,dex.trades,Detects protocols with low volume high activity.,generic,"[""blockchain:string"",""project:string"",""version:string"",""total_bought:number"",""total_sold:number"",""transaction_count:number"",""avg_usd_value:number"",""unique_makers:number"",""unique_takers:number""]","[{""key"": ""date_range"", ""type"": ""date_range"", ""label"": ""Date Range"", ""default"": {""to"": """", ""from"": """"}, ""required"": true}, {""key"": ""volume_threshold"", ""type"": ""number"", ""label"": ""Max volume"", ""default"": null, ""required"": true}, {""key"": ""activity_threshold"", ""type"": ""number"", ""label"": ""Min txs"", ""default"": null, ""required"": true}]"
defi.emissions_aura_share,defi,holders,emissions_aura_share,Aura emissions %,Balancer fee distributor,Calculates protocol revenue share earned by Aura stakers.,protocol:Balancer,"[""time:timestamp"", ""protocol_rev:number"", ""aura_share:number""]","[{""key"": ""protocol"", ""type"": ""text"", ""label"": ""Protocol"", ""default"": ""Balancer"", ""required"": false}]"
defi.erc4626_vault_discovery,defi,vault,erc4626_vault_discovery,Vault Activity Leaderboard,ERC4626 Deposit Events,Discovers active ERC4626 vaults by deposit events with time range.,generic,"[""contract_address:string"",""latest:string"",""earliest:string""]","[{""key"": ""protocol"", ""type"": ""text"", ""label"": ""Protocol"", ""default"": null, ""required"": false}]"
defi.expense_stream_analyzer,defi,lending,expense_stream_analyzer,Stream Claim Status,Aave Expense Logs,Computes claimed versus pending amounts in expense streams adjusting for cancellations.,protocol:aave,"[""stream_id:string"",""claimed:number"",""pending:number"",""beneficiary:string""]","[{""key"": ""date_range"", ""type"": ""date_range"", ""label"": ""Date Range"", ""default"": {""to"": """", ""from"": """"}, ""required"": true}]"
defi.first_interaction_cohort,defi,holders,first_interaction_cohort,New user cohorts,First tx analysis,Weekly new users by first tx date to contract with cumulative.,generic,"[""week:date"",""new_users:number"",""cumulative_users:number""]","[{""key"": ""contract_address"", ""type"": ""address"", ""label"": ""Contract Address"", ""default"": null, ""required"": true}, {""key"": ""method_id"", ""type"": ""text"", ""label"": ""Method sig"", ""default"": null, ""required"": false}, {""key"": ""lookback_days"", ""type"": ""number"", ""label"": ""Lookback Days"", ""default"": ""365"", ""required"": false}]"
defi.first_time_vs_recurring_traders,defi,wallet,first_time_vs_recurring_traders,New vs Returning Buyers,dex_solana.trades analysis,Classifies daily token buyers as first-time or recurring users.,generic,"[""day:date"", ""new_users:number"", ""returning_users:number"", ""new_volume:number"", ""returning_volume:number""]","[{""key"": ""contract_address"", ""type"": ""address"", ""label"": ""Contract Address"", ""default"": null, ""required"": true}, {""key"": ""date_from"", ""type"": ""date"", ""label"": ""Start Date"", ""default"": null, ""required"": false}]"
defi.flashloans,defi,flashloan,flashloans,Flashloan usage,Flashloan event logs,"Flashloan events — borrower, asset, amount, fee, and protocol.",generic,[],"[{""key"": ""chain"", ""type"": ""chain"", ""label"": ""Chain"", ""default"": ""ethereum"", ""options"": [{""label"": ""Ethereum"", ""value"": ""ethereum""}, {""label"": ""Base"", ""value"": ""base""}, {""label"": ""Optimism"", ""value"": ""optimism""}, {""label"": ""Arbitrum"", ""value"": ""arbitrum""}, {""label"": ""Polygon"", ""value"": ""polygon""}, {""label"": ""BSC"", ""value"": ""bsc""}, {""label"": ""Avalanche"", ""value"": ""avalanche""}, {""label"": ""Celo"", ""value"": ""celo""}], ""required"": true}, {""key"": ""protocol"", ""type"": ""select"", ""label"": ""Protocol"", ""default"": ""all"", ""options"": [{""label"": ""All"", ""value"": ""all""}, {""label"": ""Aave V3"", ""value"": ""aave_v3""}, {""label"": ""Aave V2"", ""value"": ""aave_v2""}, {""label"": ""Balancer"", ""value"": ""balancer""}, {""label"": ""dYdX"", ""value"": ""dydx""}], ""required"": true}, {""key"": ""days"", ""type"": ""select"", ""label"": ""Time range"", ""default"": ""7"", ""options"": [{""label"": ""Last 7 days"", ""value"": ""7""}, {""label"": ""Last 30 days"", ""value"": ""30""}, {""label"": ""Last 90 days"", ""value"": ""90""}, {""label"": ""Last 180 days"", ""value"": ""180""}, {""label"": ""Last year"", ""value"": ""365""}, {""label"": ""All time"", ""value"": ""all""}], ""required"": true}]"
defi.flashloan_token_distribution,defi,flashloan,flashloan_token_distribution,Flashloan token count,Balancer traces,Counts flashloans grouped by number of tokens involved.,protocol:balancer,"[""nb_tokens:number"",""flashloan_count:number""]","[{""key"": ""contract_address"", ""type"": ""address"", ""label"": ""Contract Address"", ""default"": null, ""required"": true}]"
defi.frequent_swapper_detector,defi,wallet,frequent_swapper_detector,High-Frequency Traders,Swap count thresholding,Identifies potential bots/farmers by swap frequency thresholds.,generic,"[""trader:string"",""swap_count:number"",""is_frequent:boolean""]","[{""key"": ""chain"", ""type"": ""chain"", ""label"": ""Chain"", ""default"": null, ""required"": true, ""options"": [{""label"": ""Ethereum"", ""value"": ""ethereum""}, {""label"": ""Base"", ""value"": ""base""}, {""label"": ""Optimism"", ""value"": ""optimism""}, {""label"": ""Arbitrum"", ""value"": ""arbitrum""}, {""label"": ""Polygon"", ""value"": ""polygon""}, {""label"": ""BSC"", ""value"": ""bsc""}, {""label"": ""Avalanche"", ""value"": ""avalanche""}, {""label"": ""Celo"", ""value"": ""celo""}]}, {""key"": ""lookback_days"", ""type"": ""number"", ""label"": ""Lookback Days"", ""default"": ""30"", ""required"": true}, {""key"": ""threshold_swaps"", ""type"": ""number"", ""label"": ""Min Swaps"", ""default"": ""50"", ""required"": true}]"
defi.fresh_wallet_classifier,defi,wallet,fresh_wallet_classifier,Fresh Wallet Status,Solana DEX Trades,Classifies wallets as fresh or old based on first trade recency.,generic,"[""trader_id:string"",""first_tx_time:timestamp"",""wallet_status:string""]","[{""key"": ""lookback_days"", ""type"": ""number"", ""label"": ""Lookback Days"", ""default"": ""4"", ""required"": true}, {""key"": ""threshold_days"", ""type"": ""number"", ""label"": ""Fresh Threshold"", ""default"": ""3"", ""required"": true}]"
defi.glp_whale_holders,defi,holders,glp_whale_holders,Top GLP Holders,GMX Holders Query,Ranks top net GLP holders excluding burns.,protocol:gmx,"[""rank:number"",""address:string"",""balance:number""]","[{""key"": ""lookback_days"", ""type"": ""number"", ""label"": ""Lookback Days"", ""default"": ""30"", ""required"": false}]"
defi.gmx_funding_rates,defi,perp,gmx_funding_rates,Funding rate trends,GMX v2 markets arb,Computes funding rates from OI changes across GMX markets.,protocol:GMX,"[""market:string"", ""funding_rate:number"", ""oi_long:number"", ""oi_short:number"", ""timestamp:timestamp""]","[{""key"": ""market_address"", ""type"": ""address"", ""label"": ""Market address"", ""default"": null, ""required"": false}, {""key"": ""interval"", ""type"": ""select"", ""label"": ""Interval"", ""default"": ""day"", ""options"": [{""label"": ""Minute"", ""value"": ""minute""}, {""label"": ""Hour"", ""value"": ""hour""}, {""label"": ""Day"", ""value"": ""day""}, {""label"": ""Week"", ""value"": ""week""}, {""label"": ""Month"", ""value"": ""month""}], ""required"": true}]"
defi.gmx_open_interest,defi,perp,gmx_open_interest,Per-Market Open Interest,GMX V2 Markets Query,Aggregates open interest across GMX V2 markets.,protocol:gmx,"[""market:string"",""long_oi:number"",""short_oi:number"",""net_oi:number""]","[{""key"": ""lookback_days"", ""type"": ""number"", ""label"": ""Lookback Days"", ""default"": ""30"", ""required"": false}]"
defi.governance,defi,governance,governance,Governance participation,Governance logs,"Proposal voting activity, voter turnout, and outcomes for a DAO.",generic,[],"[{""key"": ""chain"", ""type"": ""chain"", ""label"": ""Chain"", ""default"": ""ethereum"", ""options"": [{""label"": ""Ethereum"", ""value"": ""ethereum""}, {""label"": ""Base"", ""value"": ""base""}, {""label"": ""Optimism"", ""value"": ""optimism""}, {""label"": ""Arbitrum"", ""value"": ""arbitrum""}, {""label"": ""Polygon"", ""value"": ""polygon""}, {""label"": ""BSC"", ""value"": ""bsc""}, {""label"": ""Avalanche"", ""value"": ""avalanche""}, {""label"": ""Celo"", ""value"": ""celo""}], ""required"": true}, {""key"": ""governor_address"", ""type"": ""address"", ""label"": ""Governor contract"", ""required"": true, ""placeholder"": ""0x...""}, {""key"": ""days"", ""type"": ""select"", ""label"": ""Time range"", ""default"": ""365"", ""options"": [{""label"": ""Last 7 days"", ""value"": ""7""}, {""label"": ""Last 30 days"", ""value"": ""30""}, {""label"": ""Last 90 days"", ""value"": ""90""}, {""label"": ""Last 180 days"", ""value"": ""180""}, {""label"": ""Last year"", ""value"": ""365""}, {""label"": ""All time"", ""value"": ""all""}], ""required"": true}]"
defi.graduated_token_volume,defi,dex,graduated_token_volume,Graduated Token Trades,PumpAgent Uniswap,Daily trade volume for graduated bonding curve tokens.,protocol:pumpagent,"[""date:date"", ""token_address:string"", ""trade_amount:number""]","[{""key"": ""date_from"", ""type"": ""date"", ""label"": ""Start Date"", ""default"": null, ""required"": true}, {""key"": ""protocol"", ""type"": ""text"", ""label"": ""Protocol"", ""default"": ""pumpagent"", ""required"": false}]"
defi.hft_trader_classifier,defi,wallet,hft_trader_classifier,HFT trader detection,dex.trades evm chains,Classifies traders as HFT if daily trades >=1000.,generic,"[""trader:string"",""daily_trades:number"",""classification:string"",""total_volume:number""]","[{""key"": ""date_from"", ""type"": ""date"", ""label"": ""Start Date"", ""default"": ""2023-01-01"", ""required"": true}, {""key"": ""threshold_trades"", ""type"": ""number"", ""label"": ""HFT threshold"", ""default"": ""1000"", ""required"": false}]"
defi.hft_wallet_classifier,defi,wallet,hft_wallet_classifier,HFT Detection Score,Dune dex_solana.trades,Classifies wallets as HFT if daily trades exceed 1000 threshold.,generic,"[""trade_day:date"", ""trader:string"", ""daily_trades:number"", ""daily_volume:number"", ""classification:string""]","[{""key"": ""lookback_days"", ""type"": ""number"", ""label"": ""Lookback Days"", ""default"": ""30"", ""required"": false}]"
defi.high_alpha_wallet_detector,defi,wallet,high_alpha_wallet_detector,Active High-Volume Wallets,dex_solana.trades HAVING filters,"Detects wallets with high trade frequency, activity days, volume, and token diversity.",generic,"[""wallet_address:string"",""trade_count:number"",""active_days:number"",""volume_usd:number"",""token_diversity:number""]","[{""key"": ""lookback_days"", ""type"": ""number"", ""label"": ""Lookback Days"", ""default"": ""90"", ""required"": true}, {""key"": ""min_trades"", ""type"": ""number"", ""label"": ""Min Trades"", ""default"": ""100"", ""required"": false}, {""key"": ""min_volume_usd"", ""type"": ""number"", ""label"": ""Min Volume USD"", ""default"": ""10000"", ""required"": false}]"
defi.high_frequency_bot_candidates,defi,bot,high_frequency_bot_candidates,Frequent Trader Alerts,Dune dex.trades,Flags wallets with high tx count and short intervals indicating bots.,generic,"[""wallet:string"",""tx_count:number"",""avg_interval_min:number"",""bot_score:number""]","[{""key"": ""chain"", ""type"": ""chain"", ""label"": ""Chain"", ""default"": ""arbitrum"", ""required"": true, ""options"": [{""label"": ""Ethereum"", ""value"": ""ethereum""}, {""label"": ""Base"", ""value"": ""base""}, {""label"": ""Optimism"", ""value"": ""optimism""}, {""label"": ""Arbitrum"", ""value"": ""arbitrum""}, {""label"": ""Polygon"", ""value"": ""polygon""}, {""label"": ""BSC"", ""value"": ""bsc""}, {""label"": ""Avalanche"", ""value"": ""avalanche""}, {""label"": ""Celo"", ""value"": ""celo""}]}, {""key"": ""tx_threshold"", ""type"": ""number"", ""label"": ""Min Tx Count"", ""default"": ""50"", ""required"": false}, {""key"": ""lookback_hours"", ""type"": ""number"", ""label"": ""Lookback Hours"", ""default"": ""24"", ""required"": false}]"
defi.high_frequency_bot_detector,defi,wallet,high_frequency_bot_detector,Bot Activity Score,dex_solana.trades,Detects potential bots by high trade counts and volume in short periods.,generic,"[""trader_id:string"",""trade_count:number"",""total_volume:number"",""bot_score:number""]","[{""key"": ""date_from"", ""type"": ""date"", ""label"": ""Start Date"", ""default"": null, ""required"": true}, {""key"": ""threshold_count"", ""type"": ""number"", ""label"": ""Min Trades"", ""default"": ""100"", ""required"": false}]"
defi.high_frequency_trader_detector,defi,dex,high_frequency_trader_detector,Bot Activity Metrics,Dune dex.trades,Counts high-frequency traders exceeding daily trade threshold as potential bots.,generic,"[""block_date:date"", ""potential_bots:number"", ""total_traders:number"", ""bot_pct:number"", ""bot_volume:number""]","[{""key"": ""chain"", ""type"": ""chain"", ""label"": ""Chain"", ""default"": null, ""required"": true, ""options"": [{""label"": ""Ethereum"", ""value"": ""ethereum""}, {""label"": ""Base"", ""value"": ""base""}, {""label"": ""Optimism"", ""value"": ""optimism""}, {""label"": ""Arbitrum"", ""value"": ""arbitrum""}, {""label"": ""Polygon"", ""value"": ""polygon""}, {""label"": ""BSC"", ""value"": ""bsc""}, {""label"": ""Avalanche"", ""value"": ""avalanche""}, {""label"": ""Celo"", ""value"": ""celo""}]}, {""key"": ""threshold"", ""type"": ""number"", ""label"": ""Trade Threshold"", ""default"": ""50"", ""required"": false}]"
defi.high_sell_ratio_traders,defi,wallet,high_sell_ratio_traders,Sell-Heavy Traders,dex_solana.trades ratios,Identifies traders with sell volume over 2x buy volume and high total activity.,generic,"[""trader_id:string"",""sell_volume:number"",""buy_volume:number"",""ratio:number"",""total_volume:number""]","[{""key"": ""lookback_days"", ""type"": ""number"", ""label"": ""Lookback Days"", ""default"": ""7"", ""required"": true}, {""key"": ""min_total_usd"", ""type"": ""number"", ""label"": ""Min Total USD"", ""default"": ""1000000"", ""required"": true}]"
defi.high_turnover_trade_size_dist,defi,dex,high_turnover_trade_size_dist,Trade Size Dist,Dune dex.trades,Buckets avg trade sizes for high-turnover wallets on pool.,protocol:uniswap,"[""bucket_size:number"",""trader_count:number""]","[{""key"": ""pool_address"", ""type"": ""address"", ""label"": ""Pool Address"", ""default"": null, ""required"": true}, {""key"": ""lookback_days"", ""type"": ""number"", ""label"": ""Lookback Days"", ""default"": ""7"", ""required"": true}, {""key"": ""min_usd"", ""type"": ""number"", ""label"": ""Min USD"", ""default"": ""10000"", ""required"": true}]"
defi.high_volume_token_dex_migration,defi,dex,high_volume_token_dex_migration,DEX Share Trends,Filtered token leaderboard,"Ranks DEX volume for high-volume tokens, excluding stables/BTC/ETH, tracking migration.",generic,"[""week:date"", ""dex:string"", ""volume:number"", ""token:string"", ""is_banned:boolean""]","[{""key"": ""min_weekly_volume"", ""type"": ""number"", ""label"": ""Min Volume USD"", ""default"": ""150000000"", ""required"": true}, {""key"": ""date_from"", ""type"": ""date"", ""label"": ""Start Date"", ""default"": null, ""required"": true}, {""key"": ""banned_symbols"", ""type"": ""text"", ""label"": ""Banned Tokens"", ""default"": ""\""%ETH%,%BTC%,%USD%,DAI\"""", ""required"": false}]"
defi.hold_time_distribution,defi,wallet,hold_time_distribution,Average Hold Duration,Dune dex.trades,Calculates average hold time from first buy to first sell per wallet per token.,generic,"[""avg_hold_days:number"",""median_hold_days:number"",""wallet_count:number""]","[{""key"": ""contract_address"", ""type"": ""address"", ""label"": ""Contract Address"", ""default"": null, ""required"": true}, {""key"": ""chain"", ""type"": ""chain"", ""label"": ""Chain"", ""default"": ""ethereum"", ""required"": true, ""options"": [{""label"": ""Ethereum"", ""value"": ""ethereum""}, {""label"": ""Base"", ""value"": ""base""}, {""label"": ""Optimism"", ""value"": ""optimism""}, {""label"": ""Arbitrum"", ""value"": ""arbitrum""}, {""label"": ""Polygon"", ""value"": ""polygon""}, {""label"": ""BSC"", ""value"": ""bsc""}, {""label"": ""Avalanche"", ""value"": ""avalanche""}, {""label"": ""Celo"", ""value"": ""celo""}]}, {""key"": ""lookback_days"", ""type"": ""number"", ""label"": ""Lookback Days"", ""default"": ""90"", ""required"": true}]"
defi.hot_pair_detector,defi,dex,hot_pair_detector,Hot Pairs Activity,dex.trades window analysis,Identifies newly launched pairs with rapid multi-user trading within hours.,generic,"[""project_contract_address:string"",""min_block_time:timestamp"",""unique_takers:number""]","[{""key"": ""chain"", ""type"": ""chain"", ""label"": ""Chain"", ""default"": null, ""required"": true, ""options"": [{""label"": ""Ethereum"", ""value"": ""ethereum""}, {""label"": ""Base"", ""value"": ""base""}, {""label"": ""Optimism"", ""value"": ""optimism""}, {""label"": ""Arbitrum"", ""value"": ""arbitrum""}, {""label"": ""Polygon"", ""value"": ""polygon""}, {""label"": ""BSC"", ""value"": ""bsc""}, {""label"": ""Avalanche"", ""value"": ""avalanche""}, {""label"": ""Celo"", ""value"": ""celo""}]}, {""key"": ""lookback_hours"", ""type"": ""number"", ""label"": ""Activity Window (hours)"", ""default"": ""5"", ""required"": false}]"
defi.hourly_volume_anomaly_detector,defi,dex,hourly_volume_anomaly_detector,Hourly Volume vs Avg,dex_solana.trades,Compares current hourly volume to 3-month weekday average.,protocol:raydium,"[""hour:number"",""avg_hourly_volume:number"",""today_volume:number"",""anomaly_ratio:number""]","[{""key"": ""protocol"", ""type"": ""text"", ""label"": ""Protocol"", ""default"": ""raydium"", ""required"": true}, {""key"": ""lookback_days"", ""type"": ""number"", ""label"": ""Lookback Days"", ""default"": ""90"", ""required"": false}]"
defi.integration_volume_splitter,defi,dex,integration_volume_splitter,Routed vs Direct Volume,Dune dex.trades,Splits DEX volume by tx attribution to integrations via hash matching.,protocol:1inch,"[""time:timestamp"", ""label:string"", ""volume:number""]","[{""key"": ""protocol"", ""type"": ""text"", ""label"": ""Protocol"", ""default"": ""1inch"", ""required"": true}, {""key"": ""integration_tx_to"", ""type"": ""address"", ""label"": ""Integration Contract"", ""default"": null, ""required"": true}]"
defi.interface_user_overlap,defi,dex,interface_user_overlap,User Overlap Metrics,DEX trades table,Compares unique users across DEX routers/interfaces.,generic,"[""router:string"",""unique_users:number"",""overlap:number""]","[{""key"": ""chain"", ""type"": ""chain"", ""label"": ""Chain"", ""default"": null, ""required"": true, ""options"": [{""label"": ""Ethereum"", ""value"": ""ethereum""}, {""label"": ""Base"", ""value"": ""base""}, {""label"": ""Optimism"", ""value"": ""optimism""}, {""label"": ""Arbitrum"", ""value"": ""arbitrum""}, {""label"": ""Polygon"", ""value"": ""polygon""}, {""label"": ""BSC"", ""value"": ""bsc""}, {""label"": ""Avalanche"", ""value"": ""avalanche""}, {""label"": ""Celo"", ""value"": ""celo""}]}, {""key"": ""date_range"", ""type"": ""date_range"", ""label"": ""Date Range"", ""default"": {""to"": """", ""from"": """"}, ""required"": true}]"
defi.intra_tx_arbitrage_detector,defi,mev,intra_tx_arbitrage_detector,Arbitrage Trades,Dune dex.trades self-join,Identifies arbitrage cycles within transactions.,generic,"[""tx_hash:string"",""projects:string"",""token_flow:string"",""arb_profit:number""]","[{""key"": ""date_from"", ""type"": ""date"", ""label"": ""Start Date"", ""default"": null, ""required"": true}, {""key"": ""chain"", ""type"": ""chain"", ""label"": ""Chain"", ""default"": ""ethereum"", ""required"": false, ""options"": [{""label"": ""Ethereum"", ""value"": ""ethereum""}, {""label"": ""Base"", ""value"": ""base""}, {""label"": ""Optimism"", ""value"": ""optimism""}, {""label"": ""Arbitrum"", ""value"": ""arbitrum""}, {""label"": ""Polygon"", ""value"": ""polygon""}, {""label"": ""BSC"", ""value"": ""bsc""}, {""label"": ""Avalanche"", ""value"": ""avalanche""}, {""label"": ""Celo"", ""value"": ""celo""}]}, {""key"": ""min_usd"", ""type"": ""number"", ""label"": ""Min USD"", ""default"": ""1000"", ""required"": false}]"
defi.iron_bank_reward_analyzer,defi,lending,iron_bank_reward_analyzer,Reward Emissions,Iron Bank Logs,Aggregates liquidity incentives and rewards by market.,protocol:IronBank,"[""day:date"",""market:string"",""incentives:number""]","[{""key"": ""date_from"", ""type"": ""date"", ""label"": ""Start Date"", ""default"": null, ""required"": false}, {""key"": ""contract_address"", ""type"": ""address"", ""label"": ""Contract Address"", ""default"": null, ""required"": false}]"
defi.jupiter_version_tx_counts,defi,dex,jupiter_version_tx_counts,Jupiter version usage,solana.transactions,Counts daily transactions across Jupiter aggregator program versions.,protocol:jupiter,"[""date:date"", ""all_users:number"", ""jup1:number"", ""jup2:number"", ""jup3:number"", ""jup4:number"", ""jup5:number""]","[{""key"": ""date_range"", ""type"": ""date_range"", ""label"": ""Date Range"", ""default"": {""to"": """", ""from"": """"}, ""required"": true}]"
defi.jupiter_version_user_adoption,defi,dex,jupiter_version_user_adoption,Users by version,solana.transactions,Breaks down weekly users by Jupiter aggregator version.,protocol:jupiter,"[""stat_date:date"", ""total_users:number"", ""jup1_users:number"", ""jup2_users:number"", ""jup3_users:number"", ""jup4_users:number""]","[{""key"": ""chain"", ""type"": ""chain"", ""label"": ""Chain"", ""default"": ""solana"", ""required"": true, ""options"": [{""label"": ""Ethereum"", ""value"": ""ethereum""}, {""label"": ""Base"", ""value"": ""base""}, {""label"": ""Optimism"", ""value"": ""optimism""}, {""label"": ""Arbitrum"", ""value"": ""arbitrum""}, {""label"": ""Polygon"", ""value"": ""polygon""}, {""label"": ""BSC"", ""value"": ""bsc""}, {""label"": ""Avalanche"", ""value"": ""avalanche""}, {""label"": ""Celo"", ""value"": ""celo""}]}, {""key"": ""interval"", ""type"": ""select"", ""label"": ""Interval"", ""default"": ""week"", ""options"": [{""label"": ""Minute"", ""value"": ""minute""}, {""label"": ""Hour"", ""value"": ""hour""}, {""label"": ""Day"", ""value"": ""day""}, {""label"": ""Week"", ""value"": ""week""}, {""label"": ""Month"", ""value"": ""month""}], ""required"": false}]"
defi.latest_proposal_votes,defi,governance,latest_proposal_votes,Proposal Votes,Governance logs,Extracts latest proposal votes with param parsing.,protocol:aragon,"[""proposal_id:string"",""param_1:string"",""param_2:string""]","[{""key"": ""contract_address"", ""type"": ""address"", ""label"": ""Contract Address"", ""default"": null, ""required"": true}]"
defi.launchpad_migration_paths,defi,dex,launchpad_migration_paths,Migration destinations,Pump.fun migrations,Tracks token migrations from launchpads to DEXes over time.,protocol:pumpfun,"[""date:date"", ""raydium_migrations:number"", ""pumpswap_migrations:number"", ""total_migrations:number""]","[{""key"": ""date_from"", ""type"": ""date"", ""label"": ""Start Date"", ""default"": null, ""required"": true}, {""key"": ""protocol"", ""type"": ""text"", ""label"": ""Protocol"", ""default"": ""pumpfun"", ""required"": true}]"
defi.lending_liquidations_volume,defi,lending,lending_liquidations_volume,Lending Liquidations Volume,Protocol liq. by token,Sums liquidation volume by token and protocol.,protocol:solend,"[""token_mint:string"",""volume:number"",""tx_count:number""]","[{""key"": ""protocol"", ""type"": ""text"", ""label"": ""Protocol"", ""default"": ""solend"", ""required"": true}, {""key"": ""min_usd"", ""type"": ""number"", ""label"": ""Min USD"", ""default"": ""0"", ""required"": false}, {""key"": ""date_from"", ""type"": ""date"", ""label"": ""Start Date"", ""default"": null, ""required"": true}]"
defi.lending_liquidation_volume,defi,lending,lending_liquidation_volume,Liquidation Token Volume,Token Balance Changes,Measures liquidation volumes by token from pre/post balances.,generic,"[""date:date"", ""token_mint:string"", ""volume:number"", ""liquidations:number""]","[{""key"": ""protocol"", ""type"": ""text"", ""label"": ""Protocol"", ""default"": null, ""required"": true}, {""key"": ""min_usd"", ""type"": ""number"", ""label"": ""Min USD"", ""default"": ""1000"", ""required"": false}, {""key"": ""date_from"", ""type"": ""date"", ""label"": ""Start Date"", ""default"": null, ""required"": true}]"
defi.lending_positions,defi,lending,lending_positions,Lending positions,Aave/Compound/Morpho/Spark positions,"Open borrows and supplies for a wallet on Aave, Compound, Morpho, or Spark.",generic,[],"[{""key"": ""chain"", ""type"": ""chain"", ""label"": ""Chain"", ""default"": ""ethereum"", ""options"": [{""label"": ""Ethereum"", ""value"": ""ethereum""}, {""label"": ""Base"", ""value"": ""base""}, {""label"": ""Optimism"", ""value"": ""optimism""}, {""label"": ""Arbitrum"", ""value"": ""arbitrum""}, {""label"": ""Polygon"", ""value"": ""polygon""}, {""label"": ""BSC"", ""value"": ""bsc""}, {""label"": ""Avalanche"", ""value"": ""avalanche""}, {""label"": ""Celo"", ""value"": ""celo""}], ""required"": true}, {""key"": ""wallet"", ""type"": ""address"", ""label"": ""Wallet address"", ""required"": true, ""placeholder"": ""0x...""}, {""key"": ""protocol"", ""type"": ""select"", ""label"": ""Protocol"", ""default"": ""aave_v3"", ""options"": [{""label"": ""Aave V3"", ""value"": ""aave_v3""}, {""label"": ""Aave V2"", ""value"": ""aave_v2""}, {""label"": ""Compound V3"", ""value"": ""compound_v3""}, {""label"": ""Compound V2"", ""value"": ""compound_v2""}, {""label"": ""Morpho"", ""value"": ""morpho""}, {""label"": ""Spark"", ""value"": ""spark""}], ""required"": true}]"
defi.lending_protocol_dau,defi,lending,lending_protocol_dau,Lending DAU,Solana transactions,"Compares daily active users across lending protocols like Solend, Sharky.",generic,"[""day:date"", ""protocol:string"", ""dau:number""]","[{""key"": ""date_range"", ""type"": ""date_range"", ""label"": ""Date Range"", ""default"": {""to"": """", ""from"": """"}, ""required"": true}]"
defi.lending_supply_apr,defi,lending,lending_supply_apr,Supply APR Trends,Primex Pool Logs,Calculates daily supply APR from liquidity index updates.,protocol:primex,"[""day:date"",""pool_address:string"",""apr:number""]","[{""key"": ""pool_address"", ""type"": ""address"", ""label"": ""Pool Address"", ""default"": null, ""required"": true}, {""key"": ""date_from"", ""type"": ""date"", ""label"": ""Start Date"", ""default"": ""2023-11-01"", ""required"": true}]"
defi.leveraged_strategy_apr,defi,lending,leveraged_strategy_apr,Strategy APR Overview,Yield + borrow rates,Calculates leveraged strategy APRs with 7-day moving average.,generic,"[""ts_day:date"",""strategy_apr:number"",""ma7_strategy_apr:number"",""yield_protocol:string"",""lending_protocol:string""]","[{""key"": ""ltv"", ""type"": ""number"", ""label"": ""LTV Ratio"", ""default"": ""0.75"", ""required"": true}]"
defi.lido_apr_calculator,defi,staking,lido_apr_calculator,Lido APR,Lido Oracle Logs,Calculates monthly APR from post/pre total shares and time.,protocol:lido,"[""date:date"", ""apr:number""]","[{""key"": ""date_range"", ""type"": ""date_range"", ""label"": ""Date Range"", ""default"": {""to"": """", ""from"": """"}, ""required"": true}]"
defi.lifetime_value_metrics,defi,wallet,lifetime_value_metrics,User LTV Stats,Sushiswap user LTV,Estimates lifetime value from trades per user.,generic,"[""avg_revenue_per_trade:number"",""avg_num_trades:number"",""estimated_ltv:number""]","[{""key"": ""protocol"", ""type"": ""text"", ""label"": ""Protocol"", ""default"": ""sushiswap"", ""required"": true}, {""key"": ""chain"", ""type"": ""chain"", ""label"": ""Chain"", ""default"": ""ethereum"", ""required"": false, ""options"": [{""label"": ""Ethereum"", ""value"": ""ethereum""}, {""label"": ""Base"", ""value"": ""base""}, {""label"": ""Optimism"", ""value"": ""optimism""}, {""label"": ""Arbitrum"", ""value"": ""arbitrum""}, {""label"": ""Polygon"", ""value"": ""polygon""}, {""label"": ""BSC"", ""value"": ""bsc""}, {""label"": ""Avalanche"", ""value"": ""avalanche""}, {""label"": ""Celo"", ""value"": ""celo""}]}]"
defi.liquidation_event_detector,defi,lending,liquidation_event_detector,Liquidation Counts,Protocol Logs,Detects liquidation events from instruction logs.,protocol:hubble,"[""date:date"", ""liquidation_count:number""]","[{""key"": ""protocol"", ""type"": ""text"", ""label"": ""Protocol"", ""default"": ""hubble"", ""required"": true}, {""key"": ""lookback_days"", ""type"": ""number"", ""label"": ""Lookback Days"", ""default"": ""45"", ""required"": true}]"
defi.liquidations,defi,lending,liquidations,Liquidation history,Protocol liquidation logs,"All liquidation events on a lending protocol — volume, frequency, collateral type.",generic,[],"[{""key"": ""chain"", ""type"": ""chain"", ""label"": ""Chain"", ""default"": ""ethereum"", ""options"": [{""label"": ""Ethereum"", ""value"": ""ethereum""}, {""label"": ""Base"", ""value"": ""base""}, {""label"": ""Optimism"", ""value"": ""optimism""}, {""label"": ""Arbitrum"", ""value"": ""arbitrum""}, {""label"": ""Polygon"", ""value"": ""polygon""}, {""label"": ""BSC"", ""value"": ""bsc""}, {""label"": ""Avalanche"", ""value"": ""avalanche""}, {""label"": ""Celo"", ""value"": ""celo""}], ""required"": true}, {""key"": ""protocol"", ""type"": ""select"", ""label"": ""Protocol"", ""default"": ""aave_v3"", ""options"": [{""label"": ""Aave V3"", ""value"": ""aave_v3""}, {""label"": ""Aave V2"", ""value"": ""aave_v2""}, {""label"": ""Compound V3"", ""value"": ""compound_v3""}, {""label"": ""Compound V2"", ""value"": ""compound_v2""}, {""label"": ""Morpho"", ""value"": ""morpho""}, {""label"": ""Spark"", ""value"": ""spark""}], ""required"": true}, {""key"": ""days"", ""type"": ""select"", ""label"": ""Time range"", ""default"": ""30"", ""options"": [{""label"": ""Last 7 days"", ""value"": ""7""}, {""label"": ""Last 30 days"", ""value"": ""30""}, {""label"": ""Last 90 days"", ""value"": ""90""}, {""label"": ""Last 180 days"", ""value"": ""180""}, {""label"": ""Last year"", ""value"": ""365""}, {""label"": ""All time"", ""value"": ""all""}], ""required"": true}]"
defi.liquidation_token_detector,defi,lp,liquidation_token_detector,Token liquidations,Dune solana.transactions,Detects token liquidations via inner instruction filters.,generic,"[""signer:string"",""token_mint:string"",""amount:number""]","[{""key"": ""lookback_days"", ""type"": ""number"", ""label"": ""Lookback Days"", ""default"": ""120"", ""required"": true}, {""key"": ""min_usd"", ""type"": ""number"", ""label"": ""Min USD"", ""default"": ""0"", ""required"": false}]"
defi.lp_action_classifier,defi,lp,lp_action_classifier,Liquidity Provider Actions,tokens_solana.transfers,Classifies wallet interactions as add/remove liquidity based on instruction indices.,protocol:meteora,"[""wallet:string"",""action_type:string"",""amount:number"",""count:number""]","[{""key"": ""protocol"", ""type"": ""text"", ""label"": ""Protocol"", ""default"": ""meteora"", ""required"": true}, {""key"": ""lookback_days"", ""type"": ""number"", ""label"": ""Lookback Days"", ""default"": ""7"", ""required"": false}]"
defi.lp_event_detector,defi,lp,lp_event_detector,LP Events,Dune Solana Transactions,Detects liquidity pool creations and removals.,generic,"[""block_time:timestamp"",""signature:string"",""lp_provider:string"",""token_mint_address:string"",""dex_name:string"",""event_type:string""]","[{""key"": ""contract_address"", ""type"": ""address"", ""label"": ""Contract Address"", ""default"": null, ""required"": true}, {""key"": ""date_range"", ""type"": ""date_range"", ""label"": ""Date Range"", ""default"": {""to"": """", ""from"": """"}, ""required"": true}]"
defi.lp_holder_concentration,defi,lp,lp_holder_concentration,LP Token Holders %,Deposit Event Parsing,Computes LP token holder balances and concentration from deposits.,generic,"[""address:string"",""lp_balance:number"",""total_supply:number"",""concentration_pct:number""]","[{""key"": ""lp_token_address"", ""type"": ""address"", ""label"": ""LP Token"", ""default"": null, ""required"": true}]"
defi.lp_pool_asset_proportions,defi,lp,lp_pool_asset_proportions,Asset Proportions,ERC20 transfers,Tracks asset balances and proportions in LP pool over time.,generic,"[""time:timestamp"", ""asset:string"", ""balance:number"", ""proportion:number"", ""total:number""]","[{""key"": ""pool_address"", ""type"": ""address"", ""label"": ""Pool Address"", ""default"": null, ""required"": true}, {""key"": ""asset_addresses"", ""type"": ""address[]"", ""label"": ""Asset Addresses"", ""default"": [], ""required"": false}, {""key"": ""interval"", ""type"": ""select"", ""label"": ""Interval"", ""default"": ""day"", ""options"": [{""label"": ""Minute"", ""value"": ""minute""}, {""label"": ""Hour"", ""value"": ""hour""}, {""label"": ""Day"", ""value"": ""day""}, {""label"": ""Week"", ""value"": ""week""}, {""label"": ""Month"", ""value"": ""month""}], ""required"": false}]"
defi.lp_pool_balances,defi,lp,lp_pool_balances,LP Pool Balances,ERC20 Transfers,Tracks net balances of multiple tokens in LP pool.,generic,"[""time:timestamp"", ""token1_balance:number"", ""token2_balance:number"", ""total:number""]","[{""key"": ""pool_address"", ""type"": ""address"", ""label"": ""Pool Address"", ""default"": null, ""required"": true}, {""key"": ""contract_address"", ""type"": ""address"", ""label"": ""Contract Address"", ""default"": null, ""required"": true}]"
defi.lp_pool_composition,defi,lp,lp_pool_composition,Pool Imbalance,ERC20 transfers,Tracks token balances and ratios in LP pools over time.,generic,"[""time:timestamp"",""token1_balance:number"",""token2_balance:number"",""token1_ratio:number"",""token2_ratio:number""]","[{""key"": ""pool_address"", ""type"": ""address"", ""label"": ""Pool Address"", ""default"": null, ""required"": true}, {""key"": ""token1_address"", ""type"": ""address"", ""label"": ""Token 1 contract"", ""default"": null, ""required"": true}, {""key"": ""token2_address"", ""type"": ""address"", ""label"": ""Token 2 contract"", ""default"": null, ""required"": true}, {""key"": ""decimals1"", ""type"": ""number"", ""label"": ""Token 1 decimals"", ""default"": ""18"", ""required"": false}, {""key"": ""decimals2"", ""type"": ""number"", ""label"": ""Token 2 decimals"", ""default"": ""18"", ""required"": false}]"
defi.lp_pool_token_balance,defi,lp,lp_pool_token_balance,Pool Token Flows,Inflow outflow tracking,Tracks net token flows into LP pools over time.,generic,"[""time:datetime"",""token:string"",""netflow:number"",""cumulative:number""]","[{""key"": ""pool_address"", ""type"": ""address"", ""label"": ""Pool Address"", ""default"": null, ""required"": true}, {""key"": ""contract_address"", ""type"": ""address"", ""label"": ""Contract Address"", ""default"": null, ""required"": true}, {""key"": ""interval"", ""type"": ""select"", ""label"": ""Interval"", ""default"": ""day"", ""options"": [{""label"": ""Minute"", ""value"": ""minute""}, {""label"": ""Hour"", ""value"": ""hour""}, {""label"": ""Day"", ""value"": ""day""}, {""label"": ""Week"", ""value"": ""week""}, {""label"": ""Month"", ""value"": ""month""}], ""required"": false}]"
defi.lp_pool_token_balances,defi,lp,lp_pool_token_balances,LP Pool Token Balances,Pool inflow/outflow tracking,Tracks individual token balances in liquidity pools over time.,generic,"[""time:timestamp"", ""token:string"", ""balance:number""]","[{""key"": ""pool_address"", ""type"": ""address"", ""label"": ""Pool Address"", ""default"": null, ""required"": true}, {""key"": ""contract_address"", ""type"": ""address"", ""label"": ""Contract Address"", ""default"": null, ""required"": true}]"
defi.lp_pool_tvl_timeseries,defi,lp,lp_pool_tvl_timeseries,Pool TVL,ERC20 Transfers,Computes TVL for LP pools by tracking multi-token deposits/withdrawals.,generic,"[""date:date"", ""token1_balance:number"", ""token2_balance:number"", ""total_tvl:number""]","[{""key"": ""pool_address"", ""type"": ""address"", ""label"": ""Pool Address"", ""default"": null, ""required"": true}, {""key"": ""token1_address"", ""type"": ""address"", ""label"": ""Token1 Address"", ""default"": null, ""required"": true}, {""key"": ""token2_address"", ""type"": ""address"", ""label"": ""Token2 Address"", ""default"": null, ""required"": true}]"
defi.lp_position_net_change,defi,lp,lp_position_net_change,LP net position delta,ERC20 LP token mint/burn,Aggregates net LP additions/removals per wallet per transaction.,generic,"[""wallet:address"",""evt_tx_hash:string"",""net_amount:number""]","[{""key"": ""lp_token_address"", ""type"": ""token_address"", ""label"": ""LP token contract"", ""default"": null, ""required"": true, ""placeholder"": ""0x...""}]"
defi.lp_positions,defi,lp,lp_positions,LP position tracker,LP position logs,Active and closed liquidity positions for a wallet on a given protocol.,generic,[],"[{""key"": ""chain"", ""type"": ""chain"", ""label"": ""Chain"", ""default"": ""ethereum"", ""options"": [{""label"": ""Ethereum"", ""value"": ""ethereum""}, {""label"": ""Base"", ""value"": ""base""}, {""label"": ""Optimism"", ""value"": ""optimism""}, {""label"": ""Arbitrum"", ""value"": ""arbitrum""}, {""label"": ""Polygon"", ""value"": ""polygon""}, {""label"": ""BSC"", ""value"": ""bsc""}, {""label"": ""Avalanche"", ""value"": ""avalanche""}, {""label"": ""Celo"", ""value"": ""celo""}], ""required"": true}, {""key"": ""wallet"", ""type"": ""address"", ""label"": ""Wallet address"", ""required"": true, ""placeholder"": ""0x...""}, {""key"": ""protocol"", ""type"": ""select"", ""label"": ""DEX protocol"", ""default"": ""uniswap_v3"", ""options"": [{""label"": ""All DEXes"", ""value"": ""all""}, {""label"": ""Uniswap V3"", ""value"": ""uniswap_v3""}, {""label"": ""Uniswap V2"", ""value"": ""uniswap_v2""}, {""label"": ""Curve"", ""value"": ""curve""}, {""label"": ""Balancer"", ""value"": ""balancer""}, {""label"": ""Aerodrome"", ""value"": ""aerodrome""}, {""label"": ""Velodrome"", ""value"": ""velodrome""}, {""label"": ""PancakeSwap"", ""value"": ""pancakeswap""}, {""label"": ""SushiSwap"", ""value"": ""sushiswap""}], ""required"": true}, {""key"": ""days"", ""type"": ""select"", ""label"": ""Time range"", ""default"": ""90"", ""options"": [{""label"": ""Last 7 days"", ""value"": ""7""}, {""label"": ""Last 30 days"", ""value"": ""30""}, {""label"": ""Last 90 days"", ""value"": ""90""}, {""label"": ""Last 180 days"", ""value"": ""180""}, {""label"": ""Last year"", ""value"": ""365""}, {""label"": ""All time"", ""value"": ""all""}], ""required"": true}]"
defi.lp_token_ratios,defi,lp,lp_token_ratios,Pool Composition,ERC20 Transfers,"Computes cumulative balances, ratios, and ideal balance for LP pool tokens.",generic,"[""time:timestamp"", ""token_a:number"", ""token_b:number"", ""token_a_pct:number"", ""token_b_pct:number"", ""total:number""]","[{""key"": ""pool_address"", ""type"": ""address"", ""label"": ""Pool Address"", ""default"": null, ""required"": true}, {""key"": ""token_a_address"", ""type"": ""address"", ""label"": ""Token A Address"", ""default"": null, ""required"": true}, {""key"": ""token_a_decimals"", ""type"": ""number"", ""label"": ""Token A Decimals"", ""default"": ""18"", ""required"": true}, {""key"": ""token_b_address"", ""type"": ""address"", ""label"": ""Token B Address"", ""default"": null, ""required"": true}, {""key"": ""token_b_decimals"", ""type"": ""number"", ""label"": ""Token B Decimals"", ""default"": ""18"", ""required"": true}]"
defi.lp_volume_from_fees,defi,lp,lp_volume_from_fees,LP Volume Estimator,solana.account_activity,"Estimates DEX LP trading volume from fees, adjusting for dynamic fee tiers via block slot.",protocol:raydium,"[""date:date"", ""fees:number"", ""volume:number""]","[{""key"": ""wallet_address"", ""type"": ""address"", ""label"": ""Wallet Address"", ""default"": null, ""required"": true}, {""key"": ""date_from"", ""type"": ""date"", ""label"": ""Start Date"", ""default"": null, ""required"": false}]"
defi.lp_wallet_distribution,defi,lp,lp_wallet_distribution,Wallet Pool Positions,Shards LP Logs,Analyzes wallet positions across liquidity pools with activity classification.,protocol:shards,"[""wallet:string"",""pool:string"",""balance:number"",""activity_type:string""]","[{""key"": ""pool_address"", ""type"": ""address"", ""label"": ""Pool Address"", ""default"": null, ""required"": true}, {""key"": ""date_from"", ""type"": ""date"", ""label"": ""Start Date"", ""default"": null, ""required"": false}]"
defi.lsd_asset_allocation,defi,lsd,lsd_asset_allocation,LST Ratios,ERC20 Transfers,Breaks down LST deposits by asset type to a pool.,generic,"[""asset:string"",""ratio:number"",""total_deposits:number""]","[{""key"": ""pool_address"", ""type"": ""address"", ""label"": ""Pool Address"", ""default"": null, ""required"": true}]"
defi.lst_premium_calculator,defi,lsts,lst_premium_calculator,LST Premiums,LST vs ETH ratio,Calculates premiums/discounts of LSTs relative to ETH.,generic,"[""time:timestamp"", ""premium:number""]","[{""key"": ""interval"", ""type"": ""select"", ""label"": ""Interval"", ""default"": ""week"", ""options"": [{""label"": ""Minute"", ""value"": ""minute""}, {""label"": ""Hour"", ""value"": ""hour""}, {""label"": ""Day"", ""value"": ""day""}, {""label"": ""Week"", ""value"": ""week""}, {""label"": ""Month"", ""value"": ""month""}], ""required"": false}]"
defi.lst_volume_by_dex,defi,lp,lst_volume_by_dex,LST DEX volumes,Dune dex.trades,Breaks down liquid staking token volumes across DEXes and time.,generic,"[""symbol:string"", ""project:string"", ""time:timestamp"", ""volume:number""]","[{""key"": ""chain"", ""type"": ""chain"", ""label"": ""Chain"", ""default"": ""ethereum"", ""required"": true, ""options"": [{""label"": ""Ethereum"", ""value"": ""ethereum""}, {""label"": ""Base"", ""value"": ""base""}, {""label"": ""Optimism"", ""value"": ""optimism""}, {""label"": ""Arbitrum"", ""value"": ""arbitrum""}, {""label"": ""Polygon"", ""value"": ""polygon""}, {""label"": ""BSC"", ""value"": ""bsc""}, {""label"": ""Avalanche"", ""value"": ""avalanche""}, {""label"": ""Celo"", ""value"": ""celo""}]}, {""key"": ""date_from"", ""type"": ""date"", ""label"": ""Start Date"", ""default"": null, ""required"": true}, {""key"": ""interval"", ""type"": ""select"", ""label"": ""Interval"", ""default"": ""month"", ""options"": [{""label"": ""Minute"", ""value"": ""minute""}, {""label"": ""Hour"", ""value"": ""hour""}, {""label"": ""Day"", ""value"": ""day""}, {""label"": ""Week"", ""value"": ""week""}, {""label"": ""Month"", ""value"": ""month""}], ""required"": true}]"
defi.lst_withdrawals,defi,lst,lst_withdrawals,LST Withdrawal Volumes,Symbiotic Ethereum,Aggregates LST withdrawals by date and symbol with decimals adjustment.,protocol:symbiotic,"[""block_time:timestamp"", ""token_symbol:string"", ""amount:number""]","[{""key"": ""contract_address"", ""type"": ""address"", ""label"": ""Contract Address"", ""default"": null, ""required"": false}]"
defi.mev_arb,defi,mev,mev_arb,MEV — arbitrage profits,MEV searcher bundles,On-chain arbitrage extracted by MEV bots — top searchers and daily volume.,generic,[],"[{""key"": ""chain"", ""type"": ""chain"", ""label"": ""Chain"", ""default"": ""ethereum"", ""options"": [{""label"": ""Ethereum"", ""value"": ""ethereum""}, {""label"": ""Base"", ""value"": ""base""}, {""label"": ""Optimism"", ""value"": ""optimism""}, {""label"": ""Arbitrum"", ""value"": ""arbitrum""}, {""label"": ""Polygon"", ""value"": ""polygon""}, {""label"": ""BSC"", ""value"": ""bsc""}, {""label"": ""Avalanche"", ""value"": ""avalanche""}, {""label"": ""Celo"", ""value"": ""celo""}], ""required"": true}, {""key"": ""days"", ""type"": ""select"", ""label"": ""Time range"", ""default"": ""7"", ""options"": [{""label"": ""Last 7 days"", ""value"": ""7""}, {""label"": ""Last 30 days"", ""value"": ""30""}, {""label"": ""Last 90 days"", ""value"": ""90""}, {""label"": ""Last 180 days"", ""value"": ""180""}, {""label"": ""Last year"", ""value"": ""365""}, {""label"": ""All time"", ""value"": ""all""}], ""required"": true}, {""key"": ""top_n"", ""type"": ""select"", ""label"": ""Top N bots"", ""default"": ""25"", ""options"": [{""label"": ""Top 10"", ""value"": ""10""}, {""label"": ""Top 25"", ""value"": ""25""}, {""label"": ""Top 50"", ""value"": ""50""}, {""label"": ""Top 100"", ""value"": ""100""}], ""required"": true}]"
defi.mev_sandwich,defi,sandwich,mev_sandwich,MEV — sandwich attacks,Sandwich attack detection,"Sandwich attack events — victim transactions, attacker addresses, and profit.",generic,[],"[{""key"": ""chain"", ""type"": ""chain"", ""label"": ""Chain"", ""default"": ""ethereum"", ""options"": [{""label"": ""Ethereum"", ""value"": ""ethereum""}, {""label"": ""Base"", ""value"": ""base""}, {""label"": ""Optimism"", ""value"": ""optimism""}, {""label"": ""Arbitrum"", ""value"": ""arbitrum""}, {""label"": ""Polygon"", ""value"": ""polygon""}, {""label"": ""BSC"", ""value"": ""bsc""}, {""label"": ""Avalanche"", ""value"": ""avalanche""}, {""label"": ""Celo"", ""value"": ""celo""}], ""required"": true}, {""key"": ""victim_address"", ""type"": ""address"", ""label"": ""Filter by victim (optional)"", ""required"": false, ""placeholder"": ""0x...""}, {""key"": ""days"", ""type"": ""select"", ""label"": ""Time range"", ""default"": ""7"", ""options"": [{""label"": ""Last 7 days"", ""value"": ""7""}, {""label"": ""Last 30 days"", ""value"": ""30""}, {""label"": ""Last 90 days"", ""value"": ""90""}, {""label"": ""Last 180 days"", ""value"": ""180""}, {""label"": ""Last year"", ""value"": ""365""}, {""label"": ""All time"", ""value"": ""all""}], ""required"": true}]"
defi.monthly_bot_human_volume_split,defi,wallet,monthly_bot_human_volume_split,Bot/Human Volume,Dune dex.trades,Splits monthly DEX volume by bot (>1000 trades/month) vs human.,generic,"[""month:date"", ""bot_volume:number"", ""human_volume:number""]","[{""key"": ""chain"", ""type"": ""chain"", ""label"": ""Chain"", ""default"": ""ethereum"", ""required"": false, ""options"": [{""label"": ""Ethereum"", ""value"": ""ethereum""}, {""label"": ""Base"", ""value"": ""base""}, {""label"": ""Optimism"", ""value"": ""optimism""}, {""label"": ""Arbitrum"", ""value"": ""arbitrum""}, {""label"": ""Polygon"", ""value"": ""polygon""}, {""label"": ""BSC"", ""value"": ""bsc""}, {""label"": ""Avalanche"", ""value"": ""avalanche""}, {""label"": ""Celo"", ""value"": ""celo""}]}]"
defi.morpho_vault_analyzer,defi,lending,morpho_vault_analyzer,Vault TVL Yield,Morpho Steakhouse USDC,"Analyzes vault TVL, yield rates, allocations, idle funds, withdrawal capacity.",protocol:Morpho,"[""tvl:number"",""yield_rate:number"",""market_alloc:string"",""idle_funds:number"",""withdrawal_capacity:number""]","[{""key"": ""contract_address"", ""type"": ""address"", ""label"": ""Contract Address"", ""default"": null, ""required"": true}]"
defi.multi_chain_dex_volume,defi,dex,multi_chain_dex_volume,Cross-Chain DEX Volume,dex.trades chain comparison,Compares daily trading volume across multiple EVM chains.,generic,"[""day:timestamp"",""chain:string"",""volume_usd:number""]","[{""key"": ""chain"", ""type"": ""chain"", ""label"": ""Chain"", ""default"": ""ethereum,bnb,arbitrum"", ""required"": true, ""options"": [{""label"": ""Ethereum"", ""value"": ""ethereum""}, {""label"": ""Base"", ""value"": ""base""}, {""label"": ""Optimism"", ""value"": ""optimism""}, {""label"": ""Arbitrum"", ""value"": ""arbitrum""}, {""label"": ""Polygon"", ""value"": ""polygon""}, {""label"": ""BSC"", ""value"": ""bsc""}, {""label"": ""Avalanche"", ""value"": ""avalanche""}, {""label"": ""Celo"", ""value"": ""celo""}]}, {""key"": ""lookback_days"", ""type"": ""number"", ""label"": ""Lookback Days"", ""default"": ""30"", ""required"": false}]"
defi.multi_chain_whale_detector,defi,dex,multi_chain_whale_detector,Whale Trade Alerts,Dune dex.trades,Identifies top whales by 24h volume threshold across chains.,generic,"[""chain:string"",""whale_address:string"",""trade_count:number"",""total_traded_usd:number""]","[{""key"": ""lookback_days"", ""type"": ""number"", ""label"": ""Lookback Days"", ""default"": ""30"", ""required"": false}]"
defi.multi_dex_dau,defi,dex,multi_dex_dau,Protocol DAU,Program account_keys,Counts distinct daily users across multiple DEX protocols via case aggregation.,generic,"[""day:date"",""protocol:string"",""dau:number""]","[{""key"": ""lookback_days"", ""type"": ""number"", ""label"": ""Lookback Days"", ""default"": ""30"", ""required"": false}]"
defi.multi_dex_tx_detector,defi,dex,multi_dex_tx_detector,Multi-DEX Transactions,Dune dex.trades,Identifies transactions spanning multiple DEX projects with similar trade sizes.,generic,"[""tx_hash:string"",""project_count:number"",""trade_count:number"",""min_amount:number"",""max_amount:number""]","[{""key"": ""date_from"", ""type"": ""date"", ""label"": ""Start Date"", ""default"": null, ""required"": false}, {""key"": ""min_usd"", ""type"": ""number"", ""label"": ""Min USD"", ""default"": ""10000"", ""required"": true}]"
defi.multi_token_early_buyer_overlap,defi,wallet,multi_token_early_buyer_overlap,Insider wallet clusters,Dune dex.trades overlaps,Identifies overlapping early buyers across multiple tokens pre-launch.,generic,"[""wallet_address:string"",""token_count:number"",""buy_volume:number"",""overlap_score:number""]","[{""key"": ""contract_address"", ""type"": ""address"", ""label"": ""Contract Address"", ""default"": null, ""required"": true}, {""key"": ""early_date"", ""type"": ""date"", ""label"": ""Early cutoff date"", ""default"": null, ""required"": true}, {""key"": ""chain"", ""type"": ""chain"", ""label"": ""Chain"", ""default"": ""base"", ""required"": true, ""options"": [{""label"": ""Ethereum"", ""value"": ""ethereum""}, {""label"": ""Base"", ""value"": ""base""}, {""label"": ""Optimism"", ""value"": ""optimism""}, {""label"": ""Arbitrum"", ""value"": ""arbitrum""}, {""label"": ""Polygon"", ""value"": ""polygon""}, {""label"": ""BSC"", ""value"": ""bsc""}, {""label"": ""Avalanche"", ""value"": ""avalanche""}, {""label"": ""Celo"", ""value"": ""celo""}]}]"
defi.multi_token_overlap_wallets,defi,identity,multi_token_overlap_wallets,Overlapping Token Traders,Dune dex.trades,Finds wallets buying multiple tokens in specified time windows.,generic,"[""wallet:string"",""overlap_count:number"",""tokens:string""]","[{""key"": ""contract_address"", ""type"": ""address"", ""label"": ""Contract Address"", ""default"": null, ""required"": true}, {""key"": ""start_time"", ""type"": ""date"", ""label"": ""Window Start"", ""default"": null, ""required"": true}, {""key"": ""end_time"", ""type"": ""date"", ""label"": ""Window End"", ""default"": null, ""required"": true}, {""key"": ""min_usd"", ""type"": ""number"", ""label"": ""Min USD"", ""default"": ""0"", ""required"": false}]"
defi.multi_trade_arbitrage_detector,defi,arb,multi_trade_arbitrage_detector,Arbitrage tx detector,Dune dex.trades,Detects multi-trade transactions indicating arbitrages.,generic,"[""tx_hash:string"", ""trade_count:number"", ""total_volume:number"", ""block_time:timestamp""]","[{""key"": ""chain"", ""type"": ""chain"", ""label"": ""Chain"", ""default"": null, ""required"": true, ""options"": [{""label"": ""Ethereum"", ""value"": ""ethereum""}, {""label"": ""Base"", ""value"": ""base""}, {""label"": ""Optimism"", ""value"": ""optimism""}, {""label"": ""Arbitrum"", ""value"": ""arbitrum""}, {""label"": ""Polygon"", ""value"": ""polygon""}, {""label"": ""BSC"", ""value"": ""bsc""}, {""label"": ""Avalanche"", ""value"": ""avalanche""}, {""label"": ""Celo"", ""value"": ""celo""}]}, {""key"": ""date_range"", ""type"": ""date_range"", ""label"": ""Date Range"", ""default"": {""to"": """", ""from"": """"}, ""required"": true}, {""key"": ""min_trades"", ""type"": ""number"", ""label"": ""Min trades"", ""default"": ""2"", ""required"": false}]"
defi.narrative_volume_rank,defi,dex,narrative_volume_rank,Narrative ranks,dex_solana.trades,Ranks trading volume by narrative categories using symbol mappings.,generic,"[""narrative:string"",""week:date"",""volume_usd:number"",""rank:number""]","[{""key"": ""date_from"", ""type"": ""date"", ""label"": ""Start Date"", ""default"": null, ""required"": true}, {""key"": ""interval"", ""type"": ""select"", ""label"": ""Interval"", ""default"": ""week"", ""options"": [{""label"": ""Minute"", ""value"": ""minute""}, {""label"": ""Hour"", ""value"": ""hour""}, {""label"": ""Day"", ""value"": ""day""}, {""label"": ""Week"", ""value"": ""week""}, {""label"": ""Month"", ""value"": ""month""}], ""required"": true}]"
defi.net_stake_ranking,defi,lending,net_stake_ranking,Net Stake Balance,Stake Minus Unstake,Ranks users by net stake amount after unstakes.,protocol:pancakeswap,"[""address:string"",""net_amount:number"",""rank:number""]","[{""key"": ""contract_address"", ""type"": ""address"", ""label"": ""Contract Address"", ""default"": null, ""required"": true}, {""key"": ""min_block"", ""type"": ""number"", ""label"": ""Min Block Number"", ""default"": null, ""required"": false}]"
defi.net_stakers,defi,staking,net_stakers,Net Staker Balances,Multi-event deposit/withdraw,Calculates net staking positions from deposit/burn events.,generic,"[""staker:string"",""net_balance:number""]","[{""key"": ""contract_address"", ""type"": ""address"", ""label"": ""Contract Address"", ""default"": null, ""required"": true}]"
defi.never_unstaked_stakers,defi,staking,never_unstaked_stakers,Loyal Genesis Stakers,Ethereum Logs Analysis,Identifies genesis stakers who never unstaked with total staked amounts.,protocol:D2639676dA3dEA5491d27DA19340556b3a7d58B8,"[""staker:string"",""total_staked_amount:number"",""tx_count:number"",""earliest_tx:string""]","[{""key"": ""lookback_days"", ""type"": ""number"", ""label"": ""Lookback Days"", ""default"": null, ""required"": false}]"
defi.new_dex_users_timeseries,defi,dex,new_dex_users_timeseries,New Users Cohort,dex_solana.trades,Computes new trader addresses by truncating trades to interval and finding min per signer.,generic,"[""interval:string"",""new_addresses:number""]","[{""key"": ""interval"", ""type"": ""select"", ""label"": ""Interval"", ""default"": ""day"", ""options"": [{""label"": ""Minute"", ""value"": ""minute""}, {""label"": ""Hour"", ""value"": ""hour""}, {""label"": ""Day"", ""value"": ""day""}, {""label"": ""Week"", ""value"": ""week""}, {""label"": ""Month"", ""value"": ""month""}], ""required"": true}]"
defi.new_pool_launches,defi,dex,new_pool_launches,Weekly New Pools,Dune dex.trades,Counts new liquidity pools launched weekly by project.,protocol:uniswap,"[""week:date"", ""project:string"", ""new_pools:number""]","[{""key"": ""protocol"", ""type"": ""text"", ""label"": ""Protocol"", ""default"": ""uniswap"", ""required"": true}, {""key"": ""chain"", ""type"": ""chain"", ""label"": ""Chain"", ""default"": ""base"", ""required"": true, ""options"": [{""label"": ""Ethereum"", ""value"": ""ethereum""}, {""label"": ""Base"", ""value"": ""base""}, {""label"": ""Optimism"", ""value"": ""optimism""}, {""label"": ""Arbitrum"", ""value"": ""arbitrum""}, {""label"": ""Polygon"", ""value"": ""polygon""}, {""label"": ""BSC"", ""value"": ""bsc""}, {""label"": ""Avalanche"", ""value"": ""avalanche""}, {""label"": ""Celo"", ""value"": ""celo""}]}]"
defi.new_returning_cohort,defi,wallet,new_returning_cohort,User retention,Dune dex_solana.trades,Classifies weekly users as new or returning based on first activity date.,generic,"[""week:date"", ""user_type:string"", ""unique_addresses:number""]","[{""key"": ""trade_source"", ""type"": ""text"", ""label"": ""DEX source"", ""default"": null, ""required"": true}, {""key"": ""interval"", ""type"": ""select"", ""label"": ""Interval"", ""default"": ""week"", ""options"": [{""label"": ""Minute"", ""value"": ""minute""}, {""label"": ""Hour"", ""value"": ""hour""}, {""label"": ""Day"", ""value"": ""day""}, {""label"": ""Week"", ""value"": ""week""}, {""label"": ""Month"", ""value"": ""month""}], ""required"": false}]"
defi.new_returning_trader_cohort,defi,dex,new_returning_trader_cohort,Trader Retention Metrics,Dune dex_solana.trades,Classifies daily traders as new or returning based on first trade date.,generic,"[""block_date:date"", ""new_traders:number"", ""returning_traders:number"", ""total_traders:number""]","[{""key"": ""lookback_days"", ""type"": ""number"", ""label"": ""Lookback Days"", ""default"": ""30"", ""required"": false}]"
defi.new_returning_traders,defi,dex,new_returning_traders,New vs Returning,Dune dex.trades,Breaks down daily/weekly users into new vs returning cohorts.,generic,"[""time:timestamp"", ""new:number"", ""old:number""]","[{""key"": ""aggregation"", ""type"": ""text"", ""label"": ""Aggregation"", ""default"": ""Daily"", ""required"": true}, {""key"": ""protocol"", ""type"": ""text"", ""label"": ""Protocol"", ""default"": null, ""required"": true}]"
defi.new_returning_user_ratio,defi,wallet,new_returning_user_ratio,New/Returning DAU,Dune dex.trades,Computes daily new vs returning users for protocol.,protocol,"[""day:date"", ""new_users:number"", ""returning_users:number""]","[{""key"": ""protocol"", ""type"": ""text"", ""label"": ""Protocol"", ""default"": null, ""required"": true}, {""key"": ""chain"", ""type"": ""chain"", ""label"": ""Chain"", ""default"": null, ""required"": true, ""options"": [{""label"": ""Ethereum"", ""value"": ""ethereum""}, {""label"": ""Base"", ""value"": ""base""}, {""label"": ""Optimism"", ""value"": ""optimism""}, {""label"": ""Arbitrum"", ""value"": ""arbitrum""}, {""label"": ""Polygon"", ""value"": ""polygon""}, {""label"": ""BSC"", ""value"": ""bsc""}, {""label"": ""Avalanche"", ""value"": ""avalanche""}, {""label"": ""Celo"", ""value"": ""celo""}]}, {""key"": ""lookback_days"", ""type"": ""number"", ""label"": ""Lookback Days"", ""default"": ""30"", ""required"": false}]"
defi.new_returning_user_split,defi,wallet,new_returning_user_split,User Cohort Analysis,Solana Transactions,Splits daily active users into new and returning cohorts.,generic,"[""date:date"", ""new_users:number"", ""returning_users:number"", ""total_users:number""]","[{""key"": ""contract_address"", ""type"": ""address"", ""label"": ""Contract Address"", ""default"": null, ""required"": true}, {""key"": ""date_range"", ""type"": ""date_range"", ""label"": ""Date Range"", ""default"": {""to"": """", ""from"": """"}, ""required"": true}]"
defi.new_returning_wallets,defi,wallet,new_returning_wallets,Monthly New/Returning,Dune dex.trades,Counts new vs returning monthly active wallets per chain.,generic,"[""blockchain:string"", ""block_month:date"", ""new_wallets:number"", ""returning_wallets:number""]","[{""key"": ""chain"", ""type"": ""chain"", ""label"": ""Chain"", ""default"": null, ""required"": true, ""options"": [{""label"": ""Ethereum"", ""value"": ""ethereum""}, {""label"": ""Base"", ""value"": ""base""}, {""label"": ""Optimism"", ""value"": ""optimism""}, {""label"": ""Arbitrum"", ""value"": ""arbitrum""}, {""label"": ""Polygon"", ""value"": ""polygon""}, {""label"": ""BSC"", ""value"": ""bsc""}, {""label"": ""Avalanche"", ""value"": ""avalanche""}, {""label"": ""Celo"", ""value"": ""celo""}]}]"
defi.new_token_sniper_wallets,defi,dex,new_token_sniper_wallets,Launch Snipers & Volumes,Dune dex.trades,Detects wallets buying/selling new tokens above volume threshold post-launch.,generic,"[""wallet:string"",""tokens_bought:number"",""usd_bought:number"",""tokens_sold:number"",""usd_sold:number""]","[{""key"": ""chain"", ""type"": ""chain"", ""label"": ""Chain"", ""default"": null, ""required"": true, ""options"": [{""label"": ""Ethereum"", ""value"": ""ethereum""}, {""label"": ""Base"", ""value"": ""base""}, {""label"": ""Optimism"", ""value"": ""optimism""}, {""label"": ""Arbitrum"", ""value"": ""arbitrum""}, {""label"": ""Polygon"", ""value"": ""polygon""}, {""label"": ""BSC"", ""value"": ""bsc""}, {""label"": ""Avalanche"", ""value"": ""avalanche""}, {""label"": ""Celo"", ""value"": ""celo""}]}, {""key"": ""day_ago"", ""type"": ""number"", ""label"": ""Days Since Launch"", ""default"": ""1"", ""required"": true}, {""key"": ""min_volume_usd"", ""type"": ""number"", ""label"": ""Min Launch Volume"", ""default"": ""30000"", ""required"": true}]"
defi.new_trader_cohort_trades,defi,dex,new_trader_cohort_trades,New Trader Cohorts,First trade analysis,Identifies first trades for new trader cohorts by date.,generic,"[""first_trade:string"",""usd_amount:number"",""token_pair:string""]","[{""key"": ""protocol"", ""type"": ""text"", ""label"": ""Protocol"", ""default"": ""CoW Protocol"", ""required"": true}, {""key"": ""date_range"", ""type"": ""date_range"", ""label"": ""Date Range"", ""default"": {""to"": """", ""from"": """"}, ""required"": true}]"
defi.new_user_cohorts,defi,wallet,new_user_cohorts,New User Cohorts,"Dune queries 5854913,1110524",Computes new vs returning users by first trade cohort over time.,generic,"[""cohort_time:timestamp"", ""new_users:number"", ""total_users:number""]","[{""key"": ""protocol"", ""type"": ""text"", ""label"": ""Protocol"", ""default"": null, ""required"": true}, {""key"": ""chain"", ""type"": ""chain"", ""label"": ""Chain"", ""default"": null, ""required"": true, ""options"": [{""label"": ""Ethereum"", ""value"": ""ethereum""}, {""label"": ""Base"", ""value"": ""base""}, {""label"": ""Optimism"", ""value"": ""optimism""}, {""label"": ""Arbitrum"", ""value"": ""arbitrum""}, {""label"": ""Polygon"", ""value"": ""polygon""}, {""label"": ""BSC"", ""value"": ""bsc""}, {""label"": ""Avalanche"", ""value"": ""avalanche""}, {""label"": ""Celo"", ""value"": ""celo""}]}, {""key"": ""version"", ""type"": ""text"", ""label"": ""Version"", ""default"": null, ""required"": false}, {""key"": ""interval"", ""type"": ""select"", ""label"": ""Interval"", ""default"": ""day"", ""options"": [{""label"": ""Minute"", ""value"": ""minute""}, {""label"": ""Hour"", ""value"": ""hour""}, {""label"": ""Day"", ""value"": ""day""}, {""label"": ""Week"", ""value"": ""week""}, {""label"": ""Month"", ""value"": ""month""}], ""required"": true}]"
defi.new_user_cohort_volume,defi,dex,new_user_cohort_volume,Cohort activity,First trade CTEs,Tracks volume from users first trading in cohort period.,generic,"[""time:timestamp"", ""volume:number"", ""trader_count:number""]","[{""key"": ""protocol"", ""type"": ""text"", ""label"": ""Protocol"", ""default"": null, ""required"": true}, {""key"": ""date_range"", ""type"": ""date_range"", ""label"": ""Date Range"", ""default"": {""to"": """", ""from"": """"}, ""required"": true}]"
defi.new_user_inflow,defi,dex,new_user_inflow,Competitor Inflow,Prior activity check,Identifies new protocol users with prior activity on competitors.,protocol:pancakeswap,"[""tx_from:string"",""prior_project:string"",""prior_tx_count:number""]","[{""key"": ""protocol"", ""type"": ""text"", ""label"": ""Protocol"", ""default"": null, ""required"": true}, {""key"": ""chain"", ""type"": ""chain"", ""label"": ""Chain"", ""default"": ""base"", ""required"": true, ""options"": [{""label"": ""Ethereum"", ""value"": ""ethereum""}, {""label"": ""Base"", ""value"": ""base""}, {""label"": ""Optimism"", ""value"": ""optimism""}, {""label"": ""Arbitrum"", ""value"": ""arbitrum""}, {""label"": ""Polygon"", ""value"": ""polygon""}, {""label"": ""BSC"", ""value"": ""bsc""}, {""label"": ""Avalanche"", ""value"": ""avalanche""}, {""label"": ""Celo"", ""value"": ""celo""}]}, {""key"": ""lookback_days"", ""type"": ""number"", ""label"": ""Lookback Days"", ""default"": ""90"", ""required"": false}]"
defi.new_vs_recurring_cohort,defi,wallet,new_vs_recurring_cohort,user retention cohorts,first trade join analysis,Classifies new vs recurring users by first trade date with cohort volumes.,protocol:pumpdotfun,"[""day:date"", ""new_users:number"", ""recurring_users:number"", ""total_volume:number""]","[{""key"": ""contract_address"", ""type"": ""address"", ""label"": ""Contract Address"", ""default"": null, ""required"": true}, {""key"": ""interval"", ""type"": ""select"", ""label"": ""Interval"", ""default"": ""day"", ""options"": [{""label"": ""Minute"", ""value"": ""minute""}, {""label"": ""Hour"", ""value"": ""hour""}, {""label"": ""Day"", ""value"": ""day""}, {""label"": ""Week"", ""value"": ""week""}, {""label"": ""Month"", ""value"": ""month""}], ""required"": false}]"
defi.new_vs_recurring_traders,defi,wallet,new_vs_recurring_traders,Trader Cohort Metrics,dex_solana.trades,Classifies hourly trader activity as new or recurring based on first trade timestamp.,generic,"[""hour:timestamp"", ""trader_id:string"", ""first_trade_hour:timestamp"", ""buy_usd_vol:number"", ""num_transactions:number"", ""is_new:boolean""]","[{""key"": ""contract_address"", ""type"": ""address"", ""label"": ""Contract Address"", ""default"": null, ""required"": true}, {""key"": ""date_from"", ""type"": ""date"", ""label"": ""Start Date"", ""default"": null, ""required"": false}]"
defi.new_vs_returning_traders,defi,wallet,new_vs_returning_traders,Trader Type Breakdown,Dune dex_solana.trades,Classifies new vs returning traders weekly.,protocol:raydium,"[""trade_week:date"", ""new_traders:number"", ""returning_traders:number""]","[{""key"": ""protocol"", ""type"": ""text"", ""label"": ""Protocol"", ""default"": ""raydium"", ""required"": true}, {""key"": ""lookback_days"", ""type"": ""number"", ""label"": ""Lookback Days"", ""default"": ""180"", ""required"": false}]"
defi.operator_tvl_ranking,defi,operators,operator_tvl_ranking,Operator TVL Leaderboard,Eigenda operator balances,Ranks operators by cumulative TVL over time.,protocol:eigenda,"[""operator:string"",""date:date"",""balance:number""]","[{""key"": ""contract_address"", ""type"": ""address"", ""label"": ""Contract Address"", ""default"": null, ""required"": false}, {""key"": ""date_to"", ""type"": ""date"", ""label"": ""End Date"", ""default"": null, ""required"": false}]"
defi.op_proposal_tracker,defi,governance,op_proposal_tracker,Proposal Metrics,Optimism Governor Logs,Tracks proposals with blocks and descriptions.,protocol:Optimism,"[""proposalId:number"",""startBlock:number"",""endBlock:number"",""description:string""]","[{""key"": ""chain"", ""type"": ""chain"", ""label"": ""Chain"", ""default"": ""optimism"", ""required"": true, ""options"": [{""label"": ""Ethereum"", ""value"": ""ethereum""}, {""label"": ""Base"", ""value"": ""base""}, {""label"": ""Optimism"", ""value"": ""optimism""}, {""label"": ""Arbitrum"", ""value"": ""arbitrum""}, {""label"": ""Polygon"", ""value"": ""polygon""}, {""label"": ""BSC"", ""value"": ""bsc""}, {""label"": ""Avalanche"", ""value"": ""avalanche""}, {""label"": ""Celo"", ""value"": ""celo""}]}]"
defi.order_book_liquidity,defi,dex,order_book_liquidity,Reconstructed Order Book,Add/Remove Order Events,Reconstructs limit order book liquidity from add/remove events.,protocol:market_address,"[""block_time:timestamp"", ""price:number"", ""size_delta:number""]","[{""key"": ""market_address"", ""type"": ""address"", ""label"": ""Market Address"", ""default"": null, ""required"": true}]"
defi.orderflow_source_volume,defi,dex,orderflow_source_volume,Source Aggregated Volume,"Dune queries 2552495,2970509",Aggregates volume by classified orderflow sources.,generic,"[""source:string"",""volume:number"",""trade_count:number""]","[{""key"": ""chain"", ""type"": ""chain"", ""label"": ""Chain"", ""default"": null, ""required"": true, ""options"": [{""label"": ""Ethereum"", ""value"": ""ethereum""}, {""label"": ""Base"", ""value"": ""base""}, {""label"": ""Optimism"", ""value"": ""optimism""}, {""label"": ""Arbitrum"", ""value"": ""arbitrum""}, {""label"": ""Polygon"", ""value"": ""polygon""}, {""label"": ""BSC"", ""value"": ""bsc""}, {""label"": ""Avalanche"", ""value"": ""avalanche""}, {""label"": ""Celo"", ""value"": ""celo""}]}, {""key"": ""date_from"", ""type"": ""date"", ""label"": ""Start Date"", ""default"": null, ""required"": true}, {""key"": ""contract_address"", ""type"": ""address"", ""label"": ""Contract Address"", ""default"": null, ""required"": false}]"
defi.organic_trade_classifier,defi,wallet,organic_trade_classifier,Bot vs organic,Dune dex_solana.trades,"Classifies trades as organic or bot/HFT using flip windows, trade frequency, and speed.",generic,"[""trader_id:string"",""bot_score:number"",""classification:string"",""flip_count:number""]","[{""key"": ""lookback_days"", ""type"": ""number"", ""label"": ""Lookback Days"", ""default"": ""90"", ""required"": true}, {""key"": ""min_trade_usd"", ""type"": ""number"", ""label"": ""Min trade USD"", ""default"": ""1.0"", ""required"": false}]"
defi.origination_source_share,defi,dex,origination_source_share,Source Breakdown,dex.trades router classification,Classifies trades by aggregator/router origination with volume shares.,generic,"[""time:timestamp"", ""source:string"", ""volume:number"", ""share:number""]","[{""key"": ""chain"", ""type"": ""chain"", ""label"": ""Chain"", ""default"": ""ethereum"", ""required"": true, ""options"": [{""label"": ""Ethereum"", ""value"": ""ethereum""}, {""label"": ""Base"", ""value"": ""base""}, {""label"": ""Optimism"", ""value"": ""optimism""}, {""label"": ""Arbitrum"", ""value"": ""arbitrum""}, {""label"": ""Polygon"", ""value"": ""polygon""}, {""label"": ""BSC"", ""value"": ""bsc""}, {""label"": ""Avalanche"", ""value"": ""avalanche""}, {""label"": ""Celo"", ""value"": ""celo""}]}, {""key"": ""protocol"", ""type"": ""text"", ""label"": ""Protocol"", ""default"": ""uniswap"", ""required"": true}, {""key"": ""interval"", ""type"": ""select"", ""label"": ""Interval"", ""default"": ""day"", ""options"": [{""label"": ""Minute"", ""value"": ""minute""}, {""label"": ""Hour"", ""value"": ""hour""}, {""label"": ""Day"", ""value"": ""day""}, {""label"": ""Week"", ""value"": ""week""}, {""label"": ""Month"", ""value"": ""month""}], ""required"": true}]"
defi.perp_monthly_active_users,defi,perp,perp_monthly_active_users,Monthly Active Users,Perp Trade Logs,Computes monthly active users from daily unique traders.,generic,"[""month:date"",""mau:number""]","[{""key"": ""protocol"", ""type"": ""text"", ""label"": ""Protocol"", ""default"": null, ""required"": true}, {""key"": ""date_from"", ""type"": ""date"", ""label"": ""Start Date"", ""default"": null, ""required"": true}]"
defi.perps_oi,defi,perp,perps_oi,Perps open interest & funding,Perp markets open interest,"Open interest, funding rates, and volume for perpetual futures protocols.",generic,[],"[{""key"": ""chain"", ""type"": ""chain"", ""label"": ""Chain"", ""default"": ""arbitrum"", ""options"": [{""label"": ""Ethereum"", ""value"": ""ethereum""}, {""label"": ""Base"", ""value"": ""base""}, {""label"": ""Optimism"", ""value"": ""optimism""}, {""label"": ""Arbitrum"", ""value"": ""arbitrum""}, {""label"": ""Polygon"", ""value"": ""polygon""}, {""label"": ""BSC"", ""value"": ""bsc""}, {""label"": ""Avalanche"", ""value"": ""avalanche""}, {""label"": ""Celo"", ""value"": ""celo""}], ""required"": true}, {""key"": ""protocol"", ""type"": ""select"", ""label"": ""Protocol"", ""default"": ""gmx_v2"", ""options"": [{""label"": ""GMX V2"", ""value"": ""gmx_v2""}, {""label"": ""GMX V1"", ""value"": ""gmx_v1""}, {""label"": ""Synthetix"", ""value"": ""synthetix""}, {""label"": ""Gains Network"", ""value"": ""gains""}], ""required"": true}, {""key"": ""days"", ""type"": ""select"", ""label"": ""Time range"", ""default"": ""30"", ""options"": [{""label"": ""Last 7 days"", ""value"": ""7""}, {""label"": ""Last 30 days"", ""value"": ""30""}, {""label"": ""Last 90 days"", ""value"": ""90""}, {""label"": ""Last 180 days"", ""value"": ""180""}, {""label"": ""Last year"", ""value"": ""365""}, {""label"": ""All time"", ""value"": ""all""}], ""required"": true}]"
defi.perp_trader_stats,defi,perp,perp_trader_stats,Trader Metrics,GMX Position Events,Aggregates volume and tx count per trader to derive average trade size.,protocol:gmx,"[""trader:string"",""avg_trade_size:number"",""total_txns:number"",""total_volume:number""]","[{""key"": ""protocol"", ""type"": ""text"", ""label"": ""Protocol"", ""default"": ""gmx"", ""required"": true}, {""key"": ""date_range"", ""type"": ""date_range"", ""label"": ""Date Range"", ""default"": {""to"": """", ""from"": """"}, ""required"": true}, {""key"": ""top_n"", ""type"": ""number"", ""label"": ""Top N"", ""default"": ""100"", ""required"": false}]"
defi.persistent_stakers,defi,staking,persistent_stakers,Never Unstaked Stakers,Staking contract logs,Identifies stakers active at month start who never unstaked.,protocol:custom,"[""staker:string"",""amount:number"",""month_start:date""]","[{""key"": ""contract_address"", ""type"": ""address"", ""label"": ""Contract Address"", ""default"": null, ""required"": true}, {""key"": ""month"", ""type"": ""date"", ""label"": ""Month Start"", ""default"": null, ""required"": true}]"
defi.pool_asset_proportions,defi,lp,pool_asset_proportions,LP Imbalance,ERC20 Transfers,Tracks asset proportions in liquidity pool.,generic,"[""time:timestamp"",""asset:string"",""proportion:number"",""total:number""]","[{""key"": ""pool_address"", ""type"": ""address"", ""label"": ""Pool Address"", ""default"": null, ""required"": true}, {""key"": ""contract_address"", ""type"": ""address"", ""label"": ""Contract Address"", ""default"": null, ""required"": true}]"
defi.pool_buy_sell_ratio,defi,lp,pool_buy_sell_ratio,Pool buy/sell imbalance,Dune dex.trades,Calculates buy vs sell counts per pool for given token.,generic,"[""pool:string"",""buys:number"",""sells:number"",""ratio:number""]","[{""key"": ""protocol"", ""type"": ""text"", ""label"": ""Protocol"", ""default"": null, ""required"": true}, {""key"": ""version"", ""type"": ""text"", ""label"": ""Version"", ""default"": null, ""required"": true}, {""key"": ""contract_address"", ""type"": ""address"", ""label"": ""Contract Address"", ""default"": null, ""required"": true}, {""key"": ""chain"", ""type"": ""chain"", ""label"": ""Chain"", ""default"": ""ethereum"", ""required"": true, ""options"": [{""label"": ""Ethereum"", ""value"": ""ethereum""}, {""label"": ""Base"", ""value"": ""base""}, {""label"": ""Optimism"", ""value"": ""optimism""}, {""label"": ""Arbitrum"", ""value"": ""arbitrum""}, {""label"": ""Polygon"", ""value"": ""polygon""}, {""label"": ""BSC"", ""value"": ""bsc""}, {""label"": ""Avalanche"", ""value"": ""avalanche""}, {""label"": ""Celo"", ""value"": ""celo""}]}]"
defi.pool_composition,defi,lp,pool_composition,Pool Proportions,Multi-token transfers,Tracks proportions of multiple tokens in a liquidity pool.,generic,"[""time:timestamp"", ""token:string"", ""proportion:number"", ""total:number""]","[{""key"": ""pool_address"", ""type"": ""address"", ""label"": ""Pool Address"", ""default"": null, ""required"": true}, {""key"": ""contract_address"", ""type"": ""address"", ""label"": ""Contract Address"", ""default"": null, ""required"": true}]"
defi.pool_composition_ratios,defi,lp,pool_composition_ratios,Pool Weights,Multi-Token Flows,Tracks historical token composition ratios in liquidity pool.,protocol:Curve,"[""date:date"", ""token1_pct:number"", ""token2_pct:number"", ""imbalance_score:number""]","[{""key"": ""lookback_days"", ""type"": ""number"", ""label"": ""Lookback Days"", ""default"": ""30"", ""required"": false}]"
defi.pool_proportions_over_time,defi,lp,pool_proportions_over_time,LP Imbalance,Curve Pool Flows,Computes cumulative token proportions in liquidity pools.,generic,"[""date:date"", ""token1_ratio:number"", ""token2_ratio:number"", ""imbalance_score:number""]","[{""key"": ""pool_address"", ""type"": ""address"", ""label"": ""Pool Address"", ""default"": null, ""required"": true}, {""key"": ""token1_address"", ""type"": ""address"", ""label"": ""Token1 Address"", ""default"": null, ""required"": true}, {""key"": ""token2_address"", ""type"": ""address"", ""label"": ""Token2 Address"", ""default"": null, ""required"": true}]"
defi.pool_revenue_estimator,defi,lp,pool_revenue_estimator,LP Revenue Projection,Dune dex.trades fee calc,Estimates daily and cumulative pool revenue from volume and fee rate.,generic,"[""day:date"", ""daily_volume:number"", ""daily_revenue:number"", ""cumulative_revenue:number""]","[{""key"": ""pool_address"", ""type"": ""address"", ""label"": ""Pool Address"", ""default"": null, ""required"": true}, {""key"": ""fee_rate"", ""type"": ""number"", ""label"": ""Fee Rate"", ""default"": ""0.0005"", ""required"": true}, {""key"": ""lookback_days"", ""type"": ""number"", ""label"": ""Lookback Days"", ""default"": ""90"", ""required"": true}]"
defi.pool_token_balances,defi,lp,pool_token_balances,Pool token composition,ERC20 pool transfers,Tracks net balances of multiple tokens in a liquidity pool via inflows/outflows.,generic,"[""time:timestamp"", ""token:string"", ""balance:number"", ""total_tvl:number""]","[{""key"": ""pool_address"", ""type"": ""address"", ""label"": ""Pool Address"", ""default"": null, ""required"": true}, {""key"": ""contract_address"", ""type"": ""address"", ""label"": ""Contract Address"", ""default"": null, ""required"": true}, {""key"": ""interval"", ""type"": ""select"", ""label"": ""Interval"", ""default"": ""hour"", ""options"": [{""label"": ""Minute"", ""value"": ""minute""}, {""label"": ""Hour"", ""value"": ""hour""}, {""label"": ""Day"", ""value"": ""day""}, {""label"": ""Week"", ""value"": ""week""}, {""label"": ""Month"", ""value"": ""month""}], ""required"": false}]"
defi.pool_token_composition,defi,lp,pool_token_composition,Pool Token Weights,Multi-token transfers,Computes historical token balances and weights in liquidity pool.,protocol:curve,"[""date:date"", ""token:string"", ""balance:number"", ""weight:number""]","[{""key"": ""pool_address"", ""type"": ""address"", ""label"": ""Pool Address"", ""default"": null, ""required"": true}, {""key"": ""contract_address"", ""type"": ""address"", ""label"": ""Contract Address"", ""default"": null, ""required"": true}]"
defi.pool_token_flow,defi,dex,pool_token_flow,Token Net Flow,Swap delta analysis,Detects net token flows in pools via balance changes on swaps.,generic,"[""date:date"", ""net_flow:number"", ""tx_count:number""]","[{""key"": ""lookback_days"", ""type"": ""number"", ""label"": ""Lookback Days"", ""default"": ""30"", ""required"": false}]"
defi.pool_token_proportions,defi,lp,pool_token_proportions,LP token ratios,Cumulative pool balances,Computes cumulative balances and ratios for LP pool tokens over time.,generic,"[""time:timestamp"", ""ratio:number"", ""ideal:number""]","[{""key"": ""contract_address"", ""type"": ""address"", ""label"": ""Contract Address"", ""default"": null, ""required"": true}, {""key"": ""token_a"", ""type"": ""token_address"", ""label"": ""Token A address"", ""default"": null, ""required"": true, ""placeholder"": ""0x...""}, {""key"": ""token_b"", ""type"": ""token_address"", ""label"": ""Token B address"", ""default"": null, ""required"": true, ""placeholder"": ""0x...""}]"
defi.pool_token_ratio,defi,lp,pool_token_ratio,LP token proportions,Cumulative reserve sums,Computes pool token balance ratios over time.,protocol:curve,"[""time:timestamp"", ""ratio:number"", ""wrap_token:number"", ""base_token:number""]","[{""key"": ""pool_address"", ""type"": ""address"", ""label"": ""Pool Address"", ""default"": null, ""required"": true}, {""key"": ""wrap_token"", ""type"": ""address"", ""label"": ""Wrap token"", ""default"": null, ""required"": true}, {""key"": ""base_token"", ""type"": ""address"", ""label"": ""Base token"", ""default"": null, ""required"": true}]"
defi.pool_token_ratios,defi,lp,pool_token_ratios,Pool balance composition,ERC20 transfers,Tracks cumulative balances and ratios for multi-token pools.,protocol:curve,"[""time:date"",""token1:number"",""token2:number"",""token1_pct:number"",""token2_pct:number""]","[{""key"": ""pool_address"", ""type"": ""address"", ""label"": ""Pool Address"", ""default"": null, ""required"": true}, {""key"": ""token1_address"", ""type"": ""address"", ""label"": ""Token1 Address"", ""default"": null, ""required"": true}, {""key"": ""token2_address"", ""type"": ""address"", ""label"": ""Token2 Address"", ""default"": null, ""required"": true}, {""key"": ""interval"", ""type"": ""select"", ""label"": ""Interval"", ""default"": ""day"", ""options"": [{""label"": ""Minute"", ""value"": ""minute""}, {""label"": ""Hour"", ""value"": ""hour""}, {""label"": ""Day"", ""value"": ""day""}, {""label"": ""Week"", ""value"": ""week""}, {""label"": ""Month"", ""value"": ""month""}], ""required"": false}]"
defi.pool_tvl,defi,lp,pool_tvl,Pool TVL history,Pool deposit/withdraw flows,Total value locked in a specific liquidity pool over time.,generic,[],"[{""key"": ""chain"", ""type"": ""chain"", ""label"": ""Chain"", ""default"": ""ethereum"", ""options"": [{""label"": ""Ethereum"", ""value"": ""ethereum""}, {""label"": ""Base"", ""value"": ""base""}, {""label"": ""Optimism"", ""value"": ""optimism""}, {""label"": ""Arbitrum"", ""value"": ""arbitrum""}, {""label"": ""Polygon"", ""value"": ""polygon""}, {""label"": ""BSC"", ""value"": ""bsc""}, {""label"": ""Avalanche"", ""value"": ""avalanche""}, {""label"": ""Celo"", ""value"": ""celo""}], ""required"": true}, {""key"": ""pool_address"", ""type"": ""address"", ""label"": ""Pool address"", ""required"": true, ""placeholder"": ""0x...""}, {""key"": ""days"", ""type"": ""select"", ""label"": ""Time range"", ""default"": ""90"", ""options"": [{""label"": ""Last 7 days"", ""value"": ""7""}, {""label"": ""Last 30 days"", ""value"": ""30""}, {""label"": ""Last 90 days"", ""value"": ""90""}, {""label"": ""Last 180 days"", ""value"": ""180""}, {""label"": ""Last year"", ""value"": ""365""}, {""label"": ""All time"", ""value"": ""all""}], ""required"": true}]"
defi.pool_tvl_composition,defi,lp,pool_tvl_composition,Multi-asset TVL shares,Token inflows outflows,Tracks TVL and asset ratios in liquidity pools.,generic,"[""day:date"",""asset:string"",""balance:number"",""share:number""]","[{""key"": ""pool_address"", ""type"": ""address"", ""label"": ""Pool Address"", ""default"": null, ""required"": true}, {""key"": ""contract_address"", ""type"": ""address"", ""label"": ""Contract Address"", ""default"": null, ""required"": true}]"
defi.pool_tvl_timeseries,defi,lp,pool_tvl_timeseries,Pool TVL,ERC20 Transfers,Tracks liquidity pool TVL via deposit/withdrawal flows over time.,protocol:Gearbox,"[""day:timestamp"",""total_deposit:number"",""total_withdrawal:number"",""net_tvl:number""]","[{""key"": ""pool_address"", ""type"": ""address"", ""label"": ""Pool Address"", ""default"": null, ""required"": true}, {""key"": ""contract_address"", ""type"": ""address"", ""label"": ""Contract Address"", ""default"": null, ""required"": true}, {""key"": ""date_from"", ""type"": ""date"", ""label"": ""Start Date"", ""default"": null, ""required"": false}]"
defi.post_launch_lp_withdrawals,defi,lp,post_launch_lp_withdrawals,Post-Launch LP Withdrawals,Solana Transactions + Queries,Identifies LP withdrawals from DEXes after token launch time.,generic,"[""block_time:timestamp"", ""signer:string"", ""pool_address:string""]","[{""key"": ""contract_address"", ""type"": ""address"", ""label"": ""Contract Address"", ""default"": null, ""required"": true}, {""key"": ""dex_protocol"", ""type"": ""text"", ""label"": ""DEX Protocol"", ""default"": ""raydium"", ""required"": false}, {""key"": ""lookback_days"", ""type"": ""number"", ""label"": ""Lookback Days"", ""default"": ""7"", ""required"": true}]"
defi.power_trader_wallets,defi,wallet,power_trader_wallets,Pro trader wallets,Dune dex.trades,Identifies consistent high-volume trading wallets.,generic,"[""wallet_address:string"",""monthly_volume:number""]","[{""key"": ""lookback_months"", ""type"": ""number"", ""label"": ""Lookback months"", ""default"": ""3"", ""required"": true}, {""key"": ""min_weekly_usd"", ""type"": ""number"", ""label"": ""Min weekly USD"", ""default"": ""2000"", ""required"": true}]"
defi.profitable_trader_discovery,defi,wallet,profitable_trader_discovery,Profitable Traders,dex_solana.trades PNL,Discovers wallets with high win rate and profit thresholds.,generic,"[""wallet_address:string"",""win_rate:number"",""total_profit:number"",""trade_count:number"",""bot_score:number""]","[{""key"": ""time_window_days"", ""type"": ""number"", ""label"": ""Time Window Days"", ""default"": ""7"", ""required"": true}, {""key"": ""min_win_rate"", ""type"": ""number"", ""label"": ""Min Win Rate"", ""default"": ""0.4"", ""required"": true}, {""key"": ""min_profit_usd"", ""type"": ""number"", ""label"": ""Min Profit USD"", ""default"": ""100"", ""required"": true}]"
defi.profitable_trader_ranker,defi,wallet,profitable_trader_ranker,Top Profitable Traders,Dune dex_solana.trades,"Ranks traders by PnL, win rate, hold time, and trade filters.",generic,"[""wallet:string"",""pnl:number"",""win_rate:number"",""unique_tokens:number"",""swap_count:number""]","[{""key"": ""lookback_days"", ""type"": ""number"", ""label"": ""Lookback Days"", ""default"": ""30"", ""required"": true}, {""key"": ""min_pnl"", ""type"": ""number"", ""label"": ""Min PnL USD"", ""default"": ""1000"", ""required"": false}, {""key"": ""min_winrate"", ""type"": ""number"", ""label"": ""Min Win Rate"", ""default"": ""0.7"", ""required"": false}]"
defi.profitable_wallet_filter,defi,wallet,profitable_wallet_filter,high ROI traders,profit threshold screening,Filters wallets with extreme profit percentages and trade limits.,generic,"[""wallet:string"",""profit_pct:number"",""buy_count:number"",""signals:string""]","[{""key"": ""profit_threshold_pct"", ""type"": ""number"", ""label"": ""Min profit %"", ""default"": ""5000"", ""required"": false}, {""key"": ""max_buy_count"", ""type"": ""number"", ""label"": ""Max buys"", ""default"": ""200"", ""required"": false}]"
defi.program_new_user_cohort,defi,wallet,program_new_user_cohort,User acquisition cohorts,Program interaction history,Computes daily new users and cumulative users interacting with program.,generic,"[""first_day:date"", ""new_users:number"", ""cumu_users:number""]","[{""key"": ""program_address"", ""type"": ""address"", ""label"": ""Program ID"", ""default"": null, ""required"": true}, {""key"": ""lookback_days"", ""type"": ""number"", ""label"": ""Lookback Days"", ""default"": ""90"", ""required"": false}]"
defi.proposal_lifecycle,defi,governance,proposal_lifecycle,Aave Proposal Status,Ethereum Logs Decode,"Tracks proposal creation, queuing, execution timestamps.",protocol:aave,"[""block_time:timestamp"", ""block_number:number"", ""tx_hash:string"", ""status:string""]","[{""key"": ""date_range"", ""type"": ""date_range"", ""label"": ""Date Range"", ""default"": {""to"": """", ""from"": """"}, ""required"": true}]"
defi.protocol_comparison,defi,dex,protocol_comparison,Protocol comparison,Multi-protocol dex.trades,"Side-by-side volume, users, and fees across multiple DEX protocols.",generic,[],"[{""key"": ""chain"", ""type"": ""chain"", ""label"": ""Chain"", ""default"": ""ethereum"", ""options"": [{""label"": ""Ethereum"", ""value"": ""ethereum""}, {""label"": ""Base"", ""value"": ""base""}, {""label"": ""Optimism"", ""value"": ""optimism""}, {""label"": ""Arbitrum"", ""value"": ""arbitrum""}, {""label"": ""Polygon"", ""value"": ""polygon""}, {""label"": ""BSC"", ""value"": ""bsc""}, {""label"": ""Avalanche"", ""value"": ""avalanche""}, {""label"": ""Celo"", ""value"": ""celo""}], ""required"": true}, {""key"": ""days"", ""type"": ""select"", ""label"": ""Time range"", ""default"": ""30"", ""options"": [{""label"": ""Last 7 days"", ""value"": ""7""}, {""label"": ""Last 30 days"", ""value"": ""30""}, {""label"": ""Last 90 days"", ""value"": ""90""}, {""label"": ""Last 180 days"", ""value"": ""180""}, {""label"": ""Last year"", ""value"": ""365""}, {""label"": ""All time"", ""value"": ""all""}], ""required"": true}]"
defi.protocol_cumulative_users,defi,wallet,protocol_cumulative_users,Cumulative User Growth,Solana Transactions,Computes daily new users and cumulative total for protocols.,generic,"[""date:date"", ""new_users:number"", ""cumulative_users:number""]","[{""key"": ""protocol"", ""type"": ""text"", ""label"": ""Protocol"", ""default"": null, ""required"": true}, {""key"": ""lookback_days"", ""type"": ""number"", ""label"": ""Lookback Days"", ""default"": ""30"", ""required"": false}]"
defi.protocol_daily_new_users,defi,dex,protocol_daily_new_users,New User Cohort,First-time user daily count,Tracks daily new users via first trade timestamp.,generic,"[""day:date"", ""daily_new_users:number""]","[{""key"": ""protocol"", ""type"": ""text"", ""label"": ""Protocol"", ""default"": null, ""required"": true}, {""key"": ""chain"", ""type"": ""chain"", ""label"": ""Chain"", ""default"": null, ""required"": true, ""options"": [{""label"": ""Ethereum"", ""value"": ""ethereum""}, {""label"": ""Base"", ""value"": ""base""}, {""label"": ""Optimism"", ""value"": ""optimism""}, {""label"": ""Arbitrum"", ""value"": ""arbitrum""}, {""label"": ""Polygon"", ""value"": ""polygon""}, {""label"": ""BSC"", ""value"": ""bsc""}, {""label"": ""Avalanche"", ""value"": ""avalanche""}, {""label"": ""Celo"", ""value"": ""celo""}]}]"
defi.protocol_daily_success_rate,defi,protocol,protocol_daily_success_rate,Daily Success Rate,Protocol Transactions,Daily transaction success rate for protocol contract.,generic,"[""day:date"", ""success_rate:number""]","[{""key"": ""lookback_days"", ""type"": ""number"", ""label"": ""Lookback Days"", ""default"": ""30"", ""required"": false}]"
defi.protocol_dau,defi,wallet,protocol_dau,Daily Active Users,Pear Interactions Query,Daily and monthly unique active users for any DEX or lending protocol.,protocol:pear,"[""date:date"", ""dau:number""]","[{""key"": ""chain"", ""type"": ""chain"", ""label"": ""Chain"", ""default"": ""ethereum"", ""options"": [{""label"": ""Ethereum"", ""value"": ""ethereum""}, {""label"": ""Base"", ""value"": ""base""}, {""label"": ""Optimism"", ""value"": ""optimism""}, {""label"": ""Arbitrum"", ""value"": ""arbitrum""}, {""label"": ""Polygon"", ""value"": ""polygon""}, {""label"": ""BSC"", ""value"": ""bsc""}, {""label"": ""Avalanche"", ""value"": ""avalanche""}, {""label"": ""Celo"", ""value"": ""celo""}], ""required"": true}, {""key"": ""protocol"", ""type"": ""select"", ""label"": ""Protocol"", ""default"": ""uniswap_v3"", ""options"": [{""label"": ""All DEXes"", ""value"": ""all""}, {""label"": ""Uniswap V3"", ""value"": ""uniswap_v3""}, {""label"": ""Uniswap V2"", ""value"": ""uniswap_v2""}, {""label"": ""Curve"", ""value"": ""curve""}, {""label"": ""Balancer"", ""value"": ""balancer""}, {""label"": ""Aerodrome"", ""value"": ""aerodrome""}, {""label"": ""Velodrome"", ""value"": ""velodrome""}, {""label"": ""PancakeSwap"", ""value"": ""pancakeswap""}, {""label"": ""SushiSwap"", ""value"": ""sushiswap""}], ""required"": true}, {""key"": ""days"", ""type"": ""select"", ""label"": ""Time range"", ""default"": ""90"", ""options"": [{""label"": ""Last 7 days"", ""value"": ""7""}, {""label"": ""Last 30 days"", ""value"": ""30""}, {""label"": ""Last 90 days"", ""value"": ""90""}, {""label"": ""Last 180 days"", ""value"": ""180""}, {""label"": ""Last year"", ""value"": ""365""}, {""label"": ""All time"", ""value"": ""all""}], ""required"": true}]"
defi.protocol_dau_timeseries,defi,protocol,protocol_dau_timeseries,DAU by protocol,solana.transactions,Computes daily active users for protocol.,generic,"[""block_hour:timestamp"", ""dau:number""]","[{""key"": ""protocol_address"", ""type"": ""address"", ""label"": ""Protocol Address"", ""default"": null, ""required"": true}, {""key"": ""date_from"", ""type"": ""date"", ""label"": ""Start Date"", ""default"": null, ""required"": true}, {""key"": ""interval"", ""type"": ""select"", ""label"": ""Interval"", ""default"": ""day"", ""options"": [{""label"": ""Minute"", ""value"": ""minute""}, {""label"": ""Hour"", ""value"": ""hour""}, {""label"": ""Day"", ""value"": ""day""}, {""label"": ""Week"", ""value"": ""week""}, {""label"": ""Month"", ""value"": ""month""}], ""required"": false}]"
defi.protocol_error_classifier,defi,dex,protocol_error_classifier,Failed tx errors,solana.transactions,Categorizes error codes in failed transactions for protocol.,generic,"[""error_category:string"",""count:number"",""error_message:string""]","[{""key"": ""protocol_address"", ""type"": ""address"", ""label"": ""Protocol Address"", ""default"": null, ""required"": true}, {""key"": ""date_from"", ""type"": ""date"", ""label"": ""Start Date"", ""default"": null, ""required"": true}]"
defi.protocol_new_returning_users,defi,wallet,protocol_new_returning_users,New vs Returning,solana instructions,Computes new and returning active users by configurable time interval.,generic,"[""time:timestamp"", ""new:number"", ""old:number""]","[{""key"": ""protocol"", ""type"": ""text"", ""label"": ""Protocol"", ""default"": null, ""required"": true}, {""key"": ""interval"", ""type"": ""select"", ""label"": ""Interval"", ""default"": ""day"", ""options"": [{""label"": ""Minute"", ""value"": ""minute""}, {""label"": ""Hour"", ""value"": ""hour""}, {""label"": ""Day"", ""value"": ""day""}, {""label"": ""Week"", ""value"": ""week""}, {""label"": ""Month"", ""value"": ""month""}], ""required"": true}]"
defi.protocol_revenue,defi,dex,protocol_revenue,Protocol revenue (fees),Dune dex.trades fee calc,Daily fees collected by a DEX protocol — volume and effective fee rate.,generic,[],"[{""key"": ""chain"", ""type"": ""chain"", ""label"": ""Chain"", ""default"": ""ethereum"", ""options"": [{""label"": ""Ethereum"", ""value"": ""ethereum""}, {""label"": ""Base"", ""value"": ""base""}, {""label"": ""Optimism"", ""value"": ""optimism""}, {""label"": ""Arbitrum"", ""value"": ""arbitrum""}, {""label"": ""Polygon"", ""value"": ""polygon""}, {""label"": ""BSC"", ""value"": ""bsc""}, {""label"": ""Avalanche"", ""value"": ""avalanche""}, {""label"": ""Celo"", ""value"": ""celo""}], ""required"": true}, {""key"": ""protocol"", ""type"": ""select"", ""label"": ""Protocol"", ""default"": ""uniswap_v3"", ""options"": [{""label"": ""All DEXes"", ""value"": ""all""}, {""label"": ""Uniswap V3"", ""value"": ""uniswap_v3""}, {""label"": ""Uniswap V2"", ""value"": ""uniswap_v2""}, {""label"": ""Curve"", ""value"": ""curve""}, {""label"": ""Balancer"", ""value"": ""balancer""}, {""label"": ""Aerodrome"", ""value"": ""aerodrome""}, {""label"": ""Velodrome"", ""value"": ""velodrome""}, {""label"": ""PancakeSwap"", ""value"": ""pancakeswap""}, {""label"": ""SushiSwap"", ""value"": ""sushiswap""}], ""required"": true}, {""key"": ""days"", ""type"": ""select"", ""label"": ""Time range"", ""default"": ""30"", ""options"": [{""label"": ""Last 7 days"", ""value"": ""7""}, {""label"": ""Last 30 days"", ""value"": ""30""}, {""label"": ""Last 90 days"", ""value"": ""90""}, {""label"": ""Last 180 days"", ""value"": ""180""}, {""label"": ""Last year"", ""value"": ""365""}, {""label"": ""All time"", ""value"": ""all""}], ""required"": true}]"
defi.protocol_top_pairs_by_volume,defi,dex,protocol_top_pairs_by_volume,Top Pairs Composition,Latest month volume,"Ranks top pairs per protocol by trade volume, count, and average size.",generic,"[""project:string"",""token_pair:string"",""total_volume:number"",""total_trades:number"",""avg_trade_vol:number""]","[{""key"": ""chain"", ""type"": ""chain"", ""label"": ""Chain"", ""default"": ""optimism"", ""required"": true, ""options"": [{""label"": ""Ethereum"", ""value"": ""ethereum""}, {""label"": ""Base"", ""value"": ""base""}, {""label"": ""Optimism"", ""value"": ""optimism""}, {""label"": ""Arbitrum"", ""value"": ""arbitrum""}, {""label"": ""Polygon"", ""value"": ""polygon""}, {""label"": ""BSC"", ""value"": ""bsc""}, {""label"": ""Avalanche"", ""value"": ""avalanche""}, {""label"": ""Celo"", ""value"": ""celo""}]}, {""key"": ""protocols"", ""type"": ""text"", ""label"": ""Protocols (comma sep)"", ""default"": ""uniswap,curve,balancer"", ""required"": true}, {""key"": ""top_n"", ""type"": ""number"", ""label"": ""Top N"", ""default"": ""6"", ""required"": false}]"
defi.protocol_tvl,defi,protocol,protocol_tvl,Protocol TVL history,Protocol TVL tracking,Total value locked in a protocol over time.,generic,[],"[{""key"": ""chain"", ""type"": ""chain"", ""label"": ""Chain"", ""default"": ""ethereum"", ""options"": [{""label"": ""Ethereum"", ""value"": ""ethereum""}, {""label"": ""Base"", ""value"": ""base""}, {""label"": ""Optimism"", ""value"": ""optimism""}, {""label"": ""Arbitrum"", ""value"": ""arbitrum""}, {""label"": ""Polygon"", ""value"": ""polygon""}, {""label"": ""BSC"", ""value"": ""bsc""}, {""label"": ""Avalanche"", ""value"": ""avalanche""}, {""label"": ""Celo"", ""value"": ""celo""}], ""required"": true}, {""key"": ""protocol"", ""type"": ""select"", ""label"": ""Protocol"", ""default"": ""uniswap_v3"", ""options"": [{""label"": ""Uniswap V3"", ""value"": ""uniswap_v3""}, {""label"": ""Uniswap V2"", ""value"": ""uniswap_v2""}, {""label"": ""Curve"", ""value"": ""curve""}, {""label"": ""Balancer"", ""value"": ""balancer""}, {""label"": ""Aerodrome"", ""value"": ""aerodrome""}, {""label"": ""Velodrome"", ""value"": ""velodrome""}, {""label"": ""PancakeSwap"", ""value"": ""pancakeswap""}, {""label"": ""SushiSwap"", ""value"": ""sushiswap""}, {""label"": ""Aave V3"", ""value"": ""aave_v3""}, {""label"": ""Aave V2"", ""value"": ""aave_v2""}, {""label"": ""Compound V3"", ""value"": ""compound_v3""}, {""label"": ""Compound V2"", ""value"": ""compound_v2""}, {""label"": ""Morpho"", ""value"": ""morpho""}, {""label"": ""Spark"", ""value"": ""spark""}], ""required"": true}, {""key"": ""days"", ""type"": ""select"", ""label"": ""Time range"", ""default"": ""90"", ""options"": [{""label"": ""Last 7 days"", ""value"": ""7""}, {""label"": ""Last 30 days"", ""value"": ""30""}, {""label"": ""Last 90 days"", ""value"": ""90""}, {""label"": ""Last 180 days"", ""value"": ""180""}, {""label"": ""Last year"", ""value"": ""365""}, {""label"": ""All time"", ""value"": ""all""}], ""required"": true}]"
defi.protocol_user_churn,defi,dex,protocol_user_churn,Churn to Competitors,DEX trades table,Detects users churning from protocol to competitors.,protocol:pancakeswap,"[""lost_wallet:string"",""new_project:string"",""tx_count:number"",""churn_date:timestamp""]","[{""key"": ""chain"", ""type"": ""chain"", ""label"": ""Chain"", ""default"": ""base"", ""required"": true, ""options"": [{""label"": ""Ethereum"", ""value"": ""ethereum""}, {""label"": ""Base"", ""value"": ""base""}, {""label"": ""Optimism"", ""value"": ""optimism""}, {""label"": ""Arbitrum"", ""value"": ""arbitrum""}, {""label"": ""Polygon"", ""value"": ""polygon""}, {""label"": ""BSC"", ""value"": ""bsc""}, {""label"": ""Avalanche"", ""value"": ""avalanche""}, {""label"": ""Celo"", ""value"": ""celo""}]}, {""key"": ""lookback_days"", ""type"": ""number"", ""label"": ""Lookback Days"", ""default"": ""30"", ""required"": true}, {""key"": ""protocol"", ""type"": ""text"", ""label"": ""Protocol"", ""default"": ""pancakeswap"", ""required"": false}]"
defi.protocol_user_churn_destinations,defi,dex,protocol_user_churn_destinations,Churned User Flows,Dune dex.trades,Tracks where churned users from a protocol trade next.,protocol:uniswap,"[""month:date"", ""churned_count:number"", ""destination_protocol:string"", ""active_churned:number""]","[{""key"": ""protocol"", ""type"": ""text"", ""label"": ""Protocol"", ""default"": ""uniswap"", ""required"": true}, {""key"": ""churn_months"", ""type"": ""number"", ""label"": ""Churn Threshold Months"", ""default"": ""1"", ""required"": false}]"
defi.protocol_user_cohort,defi,staking,protocol_user_cohort,New and total users,Dune solana.transactions,Computes new and cumulative users for protocol.,protocol:HVHUiaW5Kcd644e446TCBu9bdMB7LmSeMZPa5FjyEcW5,"[""day:date"", ""new_users:number"", ""total_users:number""]","[{""key"": ""protocol"", ""type"": ""text"", ""label"": ""Protocol"", ""default"": null, ""required"": true}, {""key"": ""date_from"", ""type"": ""date"", ""label"": ""Start Date"", ""default"": ""2022-07-01"", ""required"": false}]"
defi.protocol_user_overlap,defi,wallet,protocol_user_overlap,Cross-protocol users,Dune dex.trades,Identifies overlapping users between protocols with volume metrics.,protocol:uniswap_sushiswap,"[""overlap_users:string"",""uni_volume:number"",""sushi_volume:number"",""total_volume:number""]","[{""key"": ""protocol1"", ""type"": ""text"", ""label"": ""Protocol 1"", ""default"": ""uniswap"", ""required"": true}, {""key"": ""protocol2"", ""type"": ""text"", ""label"": ""Protocol 2"", ""default"": ""sushiswap"", ""required"": true}, {""key"": ""lookback_days"", ""type"": ""number"", ""label"": ""Lookback Days"", ""default"": ""365"", ""required"": false}]"
defi.protocol_user_program_overlap,defi,wallet,protocol_user_program_overlap,User Program Overlap,Dune Solana Transactions,Identifies other programs used by users of a target protocol and computes overlap percentages.,protocol:raydium,"[""program_type:string"",""user_count:number"",""percent:number""]","[{""key"": ""protocol_address"", ""type"": ""address"", ""label"": ""Protocol Address"", ""default"": null, ""required"": true}, {""key"": ""date_from"", ""type"": ""date"", ""label"": ""Start Date"", ""default"": null, ""required"": true}]"
defi.pumpfun_graduation_analyzer,defi,dex,pumpfun_graduation_analyzer,Migration Time,dex_solana.trades,Measures time from pump.fun to Raydium migration.,protocol:pumpdotfun,"[""token:string"",""pump_time:timestamp"",""raydium_time:timestamp"",""migration_delay:number""]","[{""key"": ""contract_address"", ""type"": ""address"", ""label"": ""Contract Address"", ""default"": null, ""required"": true}]"
defi.pumpfun_migration_time,defi,dex,pumpfun_migration_time,Migration Duration,Pump.fun to Raydium,Measures time from Pump.fun first trade to Raydium migration.,protocol:pumpdotfun,"[""token:string"",""pump_first:timestamp"",""ray_first:timestamp"",""migration_hours:number""]","[{""key"": ""lookback_days"", ""type"": ""number"", ""label"": ""Lookback Days"", ""default"": ""30"", ""required"": false}]"
defi.pump_trader_leaderboard,defi,dex,pump_trader_leaderboard,Pump Trader Metrics,Dune dex_solana.trades,"Ranks pump.fun traders by volume, activity, and bot signals.",protocol:pumpdotfun,"[""wallet:string"",""trade_count:number"",""days_active:number"",""pumpfun_volume:number"",""pumpswap_volume:number"",""bot_score:number""]","[{""key"": ""lookback_days"", ""type"": ""number"", ""label"": ""Lookback Days"", ""default"": ""30"", ""required"": false}]"
defi.pump_trader_pnl,defi,dex,pump_trader_pnl,Realized PnL Table,Pump.fun Traders,Calculates realized PnL for active pump.fun traders across launched tokens.,protocol:pumpdotfun,"[""wallet:string"",""trade_count:number"",""total_pnl:number"",""avg_roi:number""]","[{""key"": ""lookback_days"", ""type"": ""number"", ""label"": ""Lookback Days"", ""default"": ""300"", ""required"": true}, {""key"": ""min_trades"", ""type"": ""number"", ""label"": ""Min Trades"", ""default"": ""10"", ""required"": false}]"
defi.pump_user_cohort,defi,wallet,pump_user_cohort,New vs Recurring,Pump.fun MAU,Classifies monthly active users as new or recurring for cohort analysis.,protocol:pumpdotfun,"[""month:timestamp"",""user_type:string"",""count:number""]","[{""key"": ""date_from"", ""type"": ""date"", ""label"": ""Start Date"", ""default"": null, ""required"": false}]"
defi.raydium_graduates,defi,dex,raydium_graduates,Raydium Graduates,Launchlab inner CPMM,Detects tokens graduated to Raydium pools from launchpads.,protocol:launchlab,"[""token_address:string"", ""graduation_time:timestamp"", ""pool_address:string""]","[{""key"": ""protocol"", ""type"": ""text"", ""label"": ""Protocol"", ""default"": ""launchlab"", ""required"": true}, {""key"": ""date_from"", ""type"": ""date"", ""label"": ""Start Date"", ""default"": null, ""required"": true}]"
defi.redemption_delay_analyzer,defi,redeem,redemption_delay_analyzer,Redemption Delays,SyrupUSDC Events,Tracks requested vs completed redemptions and computes delays.,protocol:syrupusdc,"[""request_id:number"", ""shares:number"", ""requested_time:timestamp"", ""completed_time:timestamp"", ""delay:number""]","[{""key"": ""lookback_days"", ""type"": ""number"", ""label"": ""Lookback Days"", ""default"": ""30"", ""required"": false}]"
defi.repeated_trade_amount_detector,defi,dex,repeated_trade_amount_detector,Repeated Trade Patterns,Dune dex.trades,Detects repeated rounded trade amounts across multiple wallets indicating potential marketing campaigns or wash trading.,generic,"[""rounded_amount:number"",""frequency:number"",""unique_traders:number"",""first_occurrence:string"",""last_occurrence:string""]","[{""key"": ""chain"", ""type"": ""chain"", ""label"": ""Chain"", ""default"": null, ""required"": true, ""options"": [{""label"": ""Ethereum"", ""value"": ""ethereum""}, {""label"": ""Base"", ""value"": ""base""}, {""label"": ""Optimism"", ""value"": ""optimism""}, {""label"": ""Arbitrum"", ""value"": ""arbitrum""}, {""label"": ""Polygon"", ""value"": ""polygon""}, {""label"": ""BSC"", ""value"": ""bsc""}, {""label"": ""Avalanche"", ""value"": ""avalanche""}, {""label"": ""Celo"", ""value"": ""celo""}]}, {""key"": ""pool_address"", ""type"": ""address"", ""label"": ""Pool Address"", ""default"": null, ""required"": true}, {""key"": ""lookback_days"", ""type"": ""number"", ""label"": ""Lookback Days"", ""default"": ""30"", ""required"": true}]"
defi.reward_activity_retention,defi,holders,reward_activity_retention,Post-Reward Activity,First Tx After Reward,Measures time from reward receipt to first post-reward transaction.,protocol:STIP,"[""user:string"", ""reward_time:timestamp"", ""first_tx_time:timestamp"", ""days_to_activity:number""]","[{""key"": ""from_address"", ""type"": ""address"", ""label"": ""Reward Sender"", ""default"": null, ""required"": true}, {""key"": ""date_from"", ""type"": ""date"", ""label"": ""Start Date"", ""default"": null, ""required"": true}]"
defi.round_trip_traders,defi,dex,round_trip_traders,Flip Trader Detection,DEX trades table,Identifies users buying then selling same token pair.,generic,"[""wallet:string"",""first_trade:timestamp"",""second_trade:timestamp"",""profit:number""]","[{""key"": ""chain"", ""type"": ""chain"", ""label"": ""Chain"", ""default"": null, ""required"": true, ""options"": [{""label"": ""Ethereum"", ""value"": ""ethereum""}, {""label"": ""Base"", ""value"": ""base""}, {""label"": ""Optimism"", ""value"": ""optimism""}, {""label"": ""Arbitrum"", ""value"": ""arbitrum""}, {""label"": ""Polygon"", ""value"": ""polygon""}, {""label"": ""BSC"", ""value"": ""bsc""}, {""label"": ""Avalanche"", ""value"": ""avalanche""}, {""label"": ""Celo"", ""value"": ""celo""}]}, {""key"": ""token_bought_symbol"", ""type"": ""text"", ""label"": ""Bought Token"", ""default"": null, ""required"": true}, {""key"": ""token_sold_symbol"", ""type"": ""text"", ""label"": ""Sold Token"", ""default"": null, ""required"": true}, {""key"": ""protocol"", ""type"": ""text"", ""label"": ""Protocol"", ""default"": ""uniswap"", ""required"": false}]"
defi.router_user_retention_cohort,defi,wallet,router_user_retention_cohort,Monthly Retention,First-month cohort analysis,Tracks monthly retention cohorts from first interaction with router.,generic,"[""cohort_month:date"", ""retention_month:number"", ""retained_users:number"", ""retention_rate:number""]","[{""key"": ""router_address"", ""type"": ""address"", ""label"": ""Router Address"", ""default"": null, ""required"": true}, {""key"": ""lookback_days"", ""type"": ""number"", ""label"": ""Lookback Days"", ""default"": ""365"", ""required"": false}]"
defi.sales_deposit_ratio,defi,protocol,sales_deposit_ratio,Sales to Deposit Ratio,Plasma Protocol Metrics,Computes sales-to-deposit ratio per address for protocol health.,protocol:plasma,"[""address:string"",""deposit:number"",""sales:number"",""ratio:number""]","[{""key"": ""date_from"", ""type"": ""date"", ""label"": ""Start Date"", ""default"": null, ""required"": true}]"
defi.sandwich_attack_detector,defi,sandwich,sandwich_attack_detector,Sandwich attack sequences,Block-level trade patterns,Identifies potential sandwich attacks in same-block trade sequences.,generic,"[""block_number:number"", ""block_time:timestamp"", ""front_tx:string"", ""sandwich_tx:string"", ""back_tx:string""]","[{""key"": ""chain"", ""type"": ""chain"", ""label"": ""Chain"", ""default"": null, ""required"": true, ""options"": [{""label"": ""Ethereum"", ""value"": ""ethereum""}, {""label"": ""Base"", ""value"": ""base""}, {""label"": ""Optimism"", ""value"": ""optimism""}, {""label"": ""Arbitrum"", ""value"": ""arbitrum""}, {""label"": ""Polygon"", ""value"": ""polygon""}, {""label"": ""BSC"", ""value"": ""bsc""}, {""label"": ""Avalanche"", ""value"": ""avalanche""}, {""label"": ""Celo"", ""value"": ""celo""}]}, {""key"": ""protocol"", ""type"": ""text"", ""label"": ""Protocol"", ""default"": null, ""required"": false}, {""key"": ""date_from"", ""type"": ""date"", ""label"": ""Start Date"", ""default"": null, ""required"": true}, {""key"": ""min_trades"", ""type"": ""number"", ""label"": ""Min sequence length"", ""default"": ""3"", ""required"": false}]"
defi.sandwich_loss_by_wallet,defi,sandwich,sandwich_loss_by_wallet,Sandwich losses wallet,Dune dex.trades,Computes sandwich attack losses per wallet using price slippage.,generic,"[""wallet:string"",""conc_pair:string"",""price_buy:number"",""price_sell:number"",""loss_usd:number""]","[{""key"": ""chain"", ""type"": ""chain"", ""label"": ""Chain"", ""default"": null, ""required"": true, ""options"": [{""label"": ""Ethereum"", ""value"": ""ethereum""}, {""label"": ""Base"", ""value"": ""base""}, {""label"": ""Optimism"", ""value"": ""optimism""}, {""label"": ""Arbitrum"", ""value"": ""arbitrum""}, {""label"": ""Polygon"", ""value"": ""polygon""}, {""label"": ""BSC"", ""value"": ""bsc""}, {""label"": ""Avalanche"", ""value"": ""avalanche""}, {""label"": ""Celo"", ""value"": ""celo""}]}, {""key"": ""wallet_address"", ""type"": ""address"", ""label"": ""Wallet Address"", ""default"": null, ""required"": false}, {""key"": ""date_from"", ""type"": ""date"", ""label"": ""Start Date"", ""default"": null, ""required"": true}, {""key"": ""min_usd"", ""type"": ""number"", ""label"": ""Min USD"", ""default"": ""1000"", ""required"": false}]"
defi.savings_apy_calculator,defi,lending,savings_apy_calculator,Monthly APY,ERC4626 deposit logs,Computes APY from deposit/withdraw share ratios.,generic,"[""date:date"", ""asset:string"", ""apy:number""]","[{""key"": ""asset"", ""type"": ""select"", ""label"": ""Asset"", ""default"": ""sDAI"", ""required"": true, ""options"": [{""label"": ""sDAI"", ""value"": ""sDAI""}, {""label"": ""sUSDS"", ""value"": ""sUSDS""}]}, {""key"": ""date_from"", ""type"": ""date"", ""label"": ""Start Date"", ""default"": null, ""required"": true}]"
defi.scam_wallet_detector,defi,wallet,scam_wallet_detector,Suspicious pairs,Transfer anomalies,Detects victim-attacker pairs via abnormal transfer patterns.,generic,"[""victim_address:string"",""attacker_address:string"",""first_block:number""]","[{""key"": ""min_block"", ""type"": ""number"", ""label"": ""Min Block"", ""default"": ""35000000"", ""required"": false}]"
defi.small_trade_bot_detector,defi,wallet,small_trade_bot_detector,Bot Detection Score,Dune dex_solana.trades,Detects potential bots via high ratio of small trades.,generic,"[""wallet:string"",""small_trades:number"",""total_trades:number"",""small_trade_ratio:number""]","[{""key"": ""lookback_days"", ""type"": ""number"", ""label"": ""Lookback Days"", ""default"": ""120"", ""required"": true}, {""key"": ""threshold_usd"", ""type"": ""number"", ""label"": ""Min USD Threshold"", ""default"": ""5"", ""required"": true}, {""key"": ""min_trades"", ""type"": ""number"", ""label"": ""Min Total Trades"", ""default"": ""5"", ""required"": true}, {""key"": ""ratio_threshold"", ""type"": ""number"", ""label"": ""Min Small Trade Ratio"", ""default"": ""0.9"", ""required"": true}]"
defi.smart_wallet_token_pnl,defi,wallet,smart_wallet_token_pnl,Smart wallet PnL,Dune dex.trades,Calculates PnL per token for active smart wallets.,generic,"[""wallet:string"",""token:string"",""total_spent:number"",""total_received:number"",""pnl:number""]","[{""key"": ""lookback_days"", ""type"": ""number"", ""label"": ""Lookback Days"", ""default"": ""30"", ""required"": false}, {""key"": ""min_trades"", ""type"": ""number"", ""label"": ""Min trades threshold"", ""default"": ""5"", ""required"": false}]"
defi.stablecoin_peg,defi,stablecoin,stablecoin_peg,Stablecoin peg deviation,prices.usd peg deviation,Tracks how far a stablecoin has deviated from its $1 peg over time.,generic,[],"[{""key"": ""chain"", ""type"": ""chain"", ""label"": ""Chain"", ""default"": ""ethereum"", ""options"": [{""label"": ""Ethereum"", ""value"": ""ethereum""}, {""label"": ""Base"", ""value"": ""base""}, {""label"": ""Optimism"", ""value"": ""optimism""}, {""label"": ""Arbitrum"", ""value"": ""arbitrum""}, {""label"": ""Polygon"", ""value"": ""polygon""}, {""label"": ""BSC"", ""value"": ""bsc""}, {""label"": ""Avalanche"", ""value"": ""avalanche""}, {""label"": ""Celo"", ""value"": ""celo""}], ""required"": true}, {""key"": ""token_address"", ""type"": ""token_address"", ""label"": ""Stablecoin address"", ""required"": true, ""placeholder"": ""0x...""}, {""key"": ""days"", ""type"": ""select"", ""label"": ""Time range"", ""default"": ""90"", ""options"": [{""label"": ""Last 7 days"", ""value"": ""7""}, {""label"": ""Last 30 days"", ""value"": ""30""}, {""label"": ""Last 90 days"", ""value"": ""90""}, {""label"": ""Last 180 days"", ""value"": ""180""}, {""label"": ""Last year"", ""value"": ""365""}, {""label"": ""All time"", ""value"": ""all""}], ""required"": true}]"
defi.stablecoin_peg_deviation,defi,stablecoin,stablecoin_peg_deviation,Peg Deviation %,prices.usd table,Calculates cents off peg for stablecoins.,generic,"[""minute:timestamp"", ""symbol:string"", ""price:number"", ""peg_deviation:number""]","[{""key"": ""lookback_days"", ""type"": ""number"", ""label"": ""Lookback Days"", ""default"": ""30"", ""required"": false}]"
defi.stablecoin_peg_stability,defi,stablecoin,stablecoin_peg_stability,Stablecoin Peg Deviation,Rolling max deviation,Calculates 30-day rolling max absolute peg deviation for stables.,generic,"[""stablecoin:string"",""day:date"",""max_deviation:number"",""chain:string""]","[{""key"": ""lookback_days"", ""type"": ""number"", ""label"": ""Lookback Days"", ""default"": ""30"", ""required"": true}, {""key"": ""stables"", ""type"": ""text"", ""label"": ""Stablecoins"", ""default"": null, ""required"": false}]"
defi.stablecoin_protocol_netflow,defi,lp,stablecoin_protocol_netflow,Stablecoin LP Flows,ERC20 transfers + protocol labels,Computes net stablecoin flows to protocol LPs over time.,generic,"[""time:timestamp"", ""protocol:string"", ""netflow:number""]","[{""key"": ""contract_address"", ""type"": ""address"", ""label"": ""Contract Address"", ""default"": null, ""required"": true}, {""key"": ""date_to"", ""type"": ""date"", ""label"": ""End Date"", ""default"": null, ""required"": false}]"
defi.stablecoin_supply_category,defi,stablecoin,stablecoin_supply_category,Supply by category,ERC20 transfers + stable metadata,Aggregates stablecoin supply by fiat/crypto/algo categories.,generic,"[""time:timestamp"", ""fiat_supply:number"", ""crypto_supply:number"", ""algo_supply:number""]","[{""key"": ""chain"", ""type"": ""chain"", ""label"": ""Chain"", ""default"": ""ethereum"", ""required"": false, ""options"": [{""label"": ""Ethereum"", ""value"": ""ethereum""}, {""label"": ""Base"", ""value"": ""base""}, {""label"": ""Optimism"", ""value"": ""optimism""}, {""label"": ""Arbitrum"", ""value"": ""arbitrum""}, {""label"": ""Polygon"", ""value"": ""polygon""}, {""label"": ""BSC"", ""value"": ""bsc""}, {""label"": ""Avalanche"", ""value"": ""avalanche""}, {""label"": ""Celo"", ""value"": ""celo""}]}]"
defi.stablecoin_trade_share,defi,dex,stablecoin_trade_share,USDC/USDT Trade %,dex.trades ethereum,Calculates percentage of DEX trades involving USDC or USDT.,generic,"[""percentage:number"",""usdc_usdt_count:number"",""total_count:number""]","[{""key"": ""chain"", ""type"": ""chain"", ""label"": ""Chain"", ""default"": ""ethereum"", ""required"": true, ""options"": [{""label"": ""Ethereum"", ""value"": ""ethereum""}, {""label"": ""Base"", ""value"": ""base""}, {""label"": ""Optimism"", ""value"": ""optimism""}, {""label"": ""Arbitrum"", ""value"": ""arbitrum""}, {""label"": ""Polygon"", ""value"": ""polygon""}, {""label"": ""BSC"", ""value"": ""bsc""}, {""label"": ""Avalanche"", ""value"": ""avalanche""}, {""label"": ""Celo"", ""value"": ""celo""}]}, {""key"": ""date_range"", ""type"": ""date_range"", ""label"": ""Date Range"", ""default"": {""to"": """", ""from"": """"}, ""required"": true}]"
defi.stablecoin_tvl_distribution,defi,lending,stablecoin_tvl_distribution,Protocol TVL Flows,ERC20 Transfers,Aggregates net stablecoin inflows/outflows across protocols.,generic,"[""protocol:string"",""net_flow:number"",""tvl_share:number""]","[{""key"": ""contract_address"", ""type"": ""address"", ""label"": ""Contract Address"", ""default"": null, ""required"": true}, {""key"": ""date_from"", ""type"": ""date"", ""label"": ""Start Date"", ""default"": null, ""required"": true}]"
defi.stable_swap_liquidity_percentile,defi,dex,stable_swap_liquidity_percentile,Optimal Liquidity Level,BNB stable swaps,Computes percentile capturing optimal liquidity for stablecoin swaps.,generic,"[""block_time:timestamp"", ""volume:number"", ""swaps:number"", ""optimal_liq:number""]","[{""key"": ""percentile"", ""type"": ""number"", ""label"": ""Percentile"", ""default"": ""0.95"", ""required"": true}, {""key"": ""date_range"", ""type"": ""date_range"", ""label"": ""Date Range"", ""default"": {""to"": """", ""from"": """"}, ""required"": true}]"
defi.stake_amount_distribution,defi,stake,stake_amount_distribution,Staking Percentiles,ERC20 transfers Dune,Computes percentile distribution of user staking amounts.,generic,"[""p20:number"",""p40:number"",""p60:number"",""p80:number"",""users:number""]","[{""key"": ""to_address"", ""type"": ""address"", ""label"": ""Staking Contract"", ""default"": null, ""required"": true}, {""key"": ""min_usd"", ""type"": ""number"", ""label"": ""Min USD"", ""default"": ""0"", ""required"": false}]"
defi.staker_retention,defi,staking,staker_retention,Monthly Retention Rates,Cryptex Ethereum Logs,Computes unique monthly stakers and 1/2/3-month retention.,protocol:cryptex,"[""month:date"", ""unique_stakers:number"", ""month_1:number"", ""month_2:number"", ""month_3:number""]","[{""key"": ""lookback_days"", ""type"": ""number"", ""label"": ""Lookback Days"", ""default"": ""30"", ""required"": false}]"
defi.staker_size_distribution,defi,staking,staker_size_distribution,Staker Buckets,Figment stakes,Categorizes stakers by total ETH staked into size buckets.,generic,"[""category:string"",""num_stakers:number"",""total_staked:number""]","[{""key"": ""staking_contracts"", ""type"": ""address"", ""label"": ""Staking Contracts"", ""default"": null, ""required"": true}]"
defi.stake_streak_distribution,defi,borrow,stake_streak_distribution,Continuous Stake Days,User Streak Analysis,Analyzes distribution of consecutive stake days per user.,generic,"[""streak_days:number"",""user_count:number""]","[{""key"": ""contract_address"", ""type"": ""address"", ""label"": ""Contract Address"", ""default"": null, ""required"": true}]"
defi.staking_deposit_cumulative,defi,staking,staking_deposit_cumulative,Cumulative Staked ETH,Beacon Deposit Contract,Computes cumulative ETH deposits and validators count.,protocol:BeaconChain,"[""date:date"", ""cum_eth:number"", ""validators:number""]","[{""key"": ""lookback_days"", ""type"": ""number"", ""label"": ""Lookback Days"", ""default"": ""30"", ""required"": false}]"
defi.staking_net_flow,defi,lp,staking_net_flow,Staked Amount Trend,Stake contract flows,Tracks cumulative net tokens staked/unstaked over time.,protocol:aerodrome,"[""day:date"", ""net_staked:number"", ""cumulative_staked:number""]","[{""key"": ""staking_contract"", ""type"": ""address"", ""label"": ""Stake Address"", ""default"": null, ""required"": true}, {""key"": ""contract_address"", ""type"": ""address"", ""label"": ""Contract Address"", ""default"": null, ""required"": true}]"
defi.staking_netflow_daily,defi,staking,staking_netflow_daily,Daily net stake flow,ERC20 staking contract,Computes daily net inflow minus outflow to staking contract.,generic,"[""day:date"",""net_staked:number""]","[{""key"": ""contract_address"", ""type"": ""address"", ""label"": ""Contract Address"", ""default"": null, ""required"": true}, {""key"": ""staking_address"", ""type"": ""address"", ""label"": ""Staking contract"", ""default"": null, ""required"": true}]"
defi.staking_net_flows,defi,staking,staking_net_flows,Net Staking Flows,tokens_solana.transfers,Computes net staking inflows minus outflows by direction.,generic,"[""week:date"", ""stake_flow:number"", ""unstake_flow:number"", ""net_flow:number""]","[{""key"": ""protocol"", ""type"": ""text"", ""label"": ""Protocol"", ""default"": null, ""required"": true}, {""key"": ""contract_address"", ""type"": ""address"", ""label"": ""Contract Address"", ""default"": null, ""required"": true}, {""key"": ""interval"", ""type"": ""select"", ""label"": ""Interval"", ""default"": ""week"", ""options"": [{""label"": ""Minute"", ""value"": ""minute""}, {""label"": ""Hour"", ""value"": ""hour""}, {""label"": ""Day"", ""value"": ""day""}, {""label"": ""Week"", ""value"": ""week""}, {""label"": ""Month"", ""value"": ""month""}], ""required"": false}]"
defi.staking_plan_popularity,defi,staking,staking_plan_popularity,Plan Distribution,Lingo Stake Logs,Classifies stakes by duration plans over window.,protocol:lingo,"[""plan:string"",""count:number"",""percentage:number""]","[{""key"": ""date_range"", ""type"": ""date_range"", ""label"": ""Date Range"", ""default"": {""to"": """", ""from"": """"}, ""required"": true}]"
defi.staking_tvl,defi,holders,staking_tvl,Staking TVL,ERC20 Transfers,Computes net staked token TVL.,generic,"[""date:date"", ""tvl:number""]","[{""key"": ""contract_address"", ""type"": ""address"", ""label"": ""Contract Address"", ""default"": null, ""required"": true}, {""key"": ""staking_contract"", ""type"": ""address"", ""label"": ""Staking Contract"", ""default"": null, ""required"": true}]"
defi.staking_tvl_netflow,defi,staking,staking_tvl_netflow,Cumulative TVL,Deposit withdrawal diff,Calculates net TVL from deposits minus withdrawals.,protocol:renzo,"[""day:date"", ""net_eth:number"", ""cumulative_eth:number""]","[{""key"": ""deposit_contract"", ""type"": ""address"", ""label"": ""Deposit Addr"", ""default"": null, ""required"": true}, {""key"": ""withdraw_contract"", ""type"": ""address"", ""label"": ""Withdraw Addr"", ""default"": null, ""required"": true}]"
defi.steth_yield_history,defi,yield,steth_yield_history,stETH Yield Changes,Beacon Log Updates,Computes historical stETH yield from beacon balance changes.,protocol:lido,"[""epoch_id:number"", ""balance:number"", ""change:number"", ""time:timestamp""]","[{""key"": ""lookback_days"", ""type"": ""number"", ""label"": ""Lookback Days"", ""default"": ""30"", ""required"": false}]"
defi.subtrace_swap_value,defi,dex,subtrace_swap_value,Subtrace Swap ETH,Ethereum Traces,Extracts ETH value from subtraces matching method.,generic,"[""block_time:timestamp"", ""member:string"", ""tx_hash:string"", ""nxm_in:string"", ""eth_out:number""]","[{""key"": ""contract_address"", ""type"": ""address"", ""label"": ""Contract Address"", ""default"": null, ""required"": true}, {""key"": ""method_sig"", ""type"": ""text"", ""label"": ""Method Sig"", ""default"": ""74bd0ace"", ""required"": true}]"
defi.suspicious_wallet_clusters,defi,wallet,suspicious_wallet_clusters,Wash Trading Clusters,Ethereum Transactions,Detects wallet clusters with repeated transfers interacting with contract.,generic,"[""from:string"",""to:string"",""transaction_count:number""]","[{""key"": ""contract_address"", ""type"": ""address"", ""label"": ""Contract Address"", ""default"": null, ""required"": true}, {""key"": ""min_count"", ""type"": ""number"", ""label"": ""Min Transfer Count"", ""default"": ""2"", ""required"": false}, {""key"": ""date_from"", ""type"": ""date"", ""label"": ""Start Date"", ""default"": null, ""required"": false}]"
defi.swapper_activity_classifier,defi,wallet,swapper_activity_classifier,Activity Buckets,Dune dex.trades,Classifies wallets into activity tiers by swap count.,generic,"[""swapper:string"",""num_swaps:number"",""classification:string""]","[{""key"": ""chain"", ""type"": ""chain"", ""label"": ""Chain"", ""default"": ""ethereum"", ""required"": true, ""options"": [{""label"": ""Ethereum"", ""value"": ""ethereum""}, {""label"": ""Base"", ""value"": ""base""}, {""label"": ""Optimism"", ""value"": ""optimism""}, {""label"": ""Arbitrum"", ""value"": ""arbitrum""}, {""label"": ""Polygon"", ""value"": ""polygon""}, {""label"": ""BSC"", ""value"": ""bsc""}, {""label"": ""Avalanche"", ""value"": ""avalanche""}, {""label"": ""Celo"", ""value"": ""celo""}]}, {""key"": ""date_from"", ""type"": ""date"", ""label"": ""Start Date"", ""default"": null, ""required"": false}]"
defi.swapper_classification,defi,wallet,swapper_classification,User Type Breakdown,Dune dex.trades buckets,Classifies swappers by trade frequency.,generic,"[""classification:string"",""swapper_count:number"",""volume_share:number""]","[{""key"": ""chain"", ""type"": ""chain"", ""label"": ""Chain"", ""default"": null, ""required"": true, ""options"": [{""label"": ""Ethereum"", ""value"": ""ethereum""}, {""label"": ""Base"", ""value"": ""base""}, {""label"": ""Optimism"", ""value"": ""optimism""}, {""label"": ""Arbitrum"", ""value"": ""arbitrum""}, {""label"": ""Polygon"", ""value"": ""polygon""}, {""label"": ""BSC"", ""value"": ""bsc""}, {""label"": ""Avalanche"", ""value"": ""avalanche""}, {""label"": ""Celo"", ""value"": ""celo""}]}, {""key"": ""protocol"", ""type"": ""text"", ""label"": ""Protocol"", ""default"": null, ""required"": false}, {""key"": ""lookback_days"", ""type"": ""number"", ""label"": ""Lookback Days"", ""default"": ""30"", ""required"": true}]"
defi.swap_source_breakdown,defi,dex,swap_source_breakdown,Aggregator Sources,Dune dex.trades,Classifies swaps by aggregator router tx_to.,protocol:uniswap,"[""source:string"",""volume:number"",""tx_count:number""]","[{""key"": ""protocol"", ""type"": ""text"", ""label"": ""Protocol"", ""default"": ""uniswap"", ""required"": true}, {""key"": ""lookback_days"", ""type"": ""number"", ""label"": ""Lookback Days"", ""default"": ""30"", ""required"": true}]"
defi.swap_volume_distribution,defi,dex,swap_volume_distribution,Log volume buckets,Dune dex.trades,Buckets swap volumes logarithmically for distribution analysis.,protocol:metamask,"[""volume_from:number"",""volume_to:number"",""swaps:number"",""percent_of_all_volume:number""]","[{""key"": ""chain"", ""type"": ""chain"", ""label"": ""Chain"", ""default"": ""ethereum"", ""required"": true, ""options"": [{""label"": ""Ethereum"", ""value"": ""ethereum""}, {""label"": ""Base"", ""value"": ""base""}, {""label"": ""Optimism"", ""value"": ""optimism""}, {""label"": ""Arbitrum"", ""value"": ""arbitrum""}, {""label"": ""Polygon"", ""value"": ""polygon""}, {""label"": ""BSC"", ""value"": ""bsc""}, {""label"": ""Avalanche"", ""value"": ""avalanche""}, {""label"": ""Celo"", ""value"": ""celo""}]}, {""key"": ""tx_to"", ""type"": ""address"", ""label"": ""Router address"", ""default"": null, ""required"": true}]"
defi.sy_liquidity_flow,defi,lp,sy_liquidity_flow,liquidity timeseries,lido sy logs,Computes cumulative liquidity from deposit/withdraw flows.,protocol:lido,"[""time:date"",""liquidity:number""]","[{""key"": ""yieldtoken_address"", ""type"": ""address"", ""label"": ""\""Yield Token Address\"""", ""default"": null, ""required"": true}]"
defi.sy_liquidity_timeseries,defi,vault,sy_liquidity_timeseries,SY Cumulative Liquidity,Tokenized Yield Flows,Computes daily cumulative liquidity from SY mint/redeem flows.,generic,"[""time:timestamp"", ""liquidity:number""]","[{""key"": ""sy_address"", ""type"": ""address"", ""label"": ""SY Contract"", ""default"": null, ""required"": true}]"
defi.token_accumulation_ranking,defi,dex,token_accumulation_ranking,Whale accumulation score,Dune dex.trades periods,Ranks wallets by buy-to-sell volume ratio across accumulation and dispersion periods.,generic,"[""wallet_address:string"",""buy_volume:number"",""sell_volume:number"",""accumulation_ratio:number"",""rank:number""]","[{""key"": ""token_symbol"", ""type"": ""text"", ""label"": ""Token Symbol"", ""default"": null, ""required"": true}, {""key"": ""date_range_1"", ""type"": ""date_range"", ""label"": ""Date Range 1"", ""default"": {""to"": """", ""from"": """"}, ""required"": true}, {""key"": ""date_range_2"", ""type"": ""date_range"", ""label"": ""Date Range 2"", ""default"": {""to"": """", ""from"": """"}, ""required"": true}, {""key"": ""chain"", ""type"": ""chain"", ""label"": ""Chain"", ""default"": ""ethereum"", ""required"": true, ""options"": [{""label"": ""Ethereum"", ""value"": ""ethereum""}, {""label"": ""Base"", ""value"": ""base""}, {""label"": ""Optimism"", ""value"": ""optimism""}, {""label"": ""Arbitrum"", ""value"": ""arbitrum""}, {""label"": ""Polygon"", ""value"": ""polygon""}, {""label"": ""BSC"", ""value"": ""bsc""}, {""label"": ""Avalanche"", ""value"": ""avalanche""}, {""label"": ""Celo"", ""value"": ""celo""}]}]"
defi.token_dex_new_returning_users,defi,dex,token_dex_new_returning_users,New vs Returning Traders,Dune dex.trades,Splits active traders into new and returning based on first trade date.,generic,"[""time:timestamp"", ""new_traders:number"", ""returning_traders:number""]","[{""key"": ""contract_address"", ""type"": ""address"", ""label"": ""Contract Address"", ""default"": null, ""required"": true}, {""key"": ""chain"", ""type"": ""chain"", ""label"": ""Chain"", ""default"": ""ethereum"", ""required"": true, ""options"": [{""label"": ""Ethereum"", ""value"": ""ethereum""}, {""label"": ""Base"", ""value"": ""base""}, {""label"": ""Optimism"", ""value"": ""optimism""}, {""label"": ""Arbitrum"", ""value"": ""arbitrum""}, {""label"": ""Polygon"", ""value"": ""polygon""}, {""label"": ""BSC"", ""value"": ""bsc""}, {""label"": ""Avalanche"", ""value"": ""avalanche""}, {""label"": ""Celo"", ""value"": ""celo""}]}, {""key"": ""interval"", ""type"": ""select"", ""label"": ""Interval"", ""default"": ""day"", ""options"": [{""label"": ""Minute"", ""value"": ""minute""}, {""label"": ""Hour"", ""value"": ""hour""}, {""label"": ""Day"", ""value"": ""day""}, {""label"": ""Week"", ""value"": ""week""}, {""label"": ""Month"", ""value"": ""month""}], ""required"": false}]"
defi.token_flow_to_cex,defi,cex,token_flow_to_cex,Token Flows to CEX,tokens_solana.transfers multi-hop,"Tracks token transfers to CEX hot-wallets, DEX pools, aggregators up to 3 hops.",generic,"[""wallet:string"",""hops:number"",""endpoint:string"",""amount:number"",""exchange:string""]","[{""key"": ""contract_address"", ""type"": ""address"", ""label"": ""Contract Address"", ""default"": null, ""required"": true}, {""key"": ""date_from"", ""type"": ""date"", ""label"": ""Start Date"", ""default"": null, ""required"": true}, {""key"": ""max_hops"", ""type"": ""number"", ""label"": ""Max Hops"", ""default"": ""3"", ""required"": false}]"
defi.token_new_returning_users,defi,dex,token_new_returning_users,New vs returning traders,Dune dex.trades cohort,Computes daily/weekly new and returning traders for token.,generic,"[""time:timestamp"", ""new:number"", ""returning:number""]","[{""key"": ""contract_address"", ""type"": ""address"", ""label"": ""Contract Address"", ""default"": null, ""required"": true}, {""key"": ""time_unit"", ""type"": ""text"", ""label"": ""Time granularity"", ""default"": ""day"", ""required"": false}, {""key"": ""date_from"", ""type"": ""date"", ""label"": ""Start Date"", ""default"": null, ""required"": false}]"
defi.token_price_dex,defi,dex,token_price_dex,Token price on DEX (TWAP),Dune dex.trades TWAP,Time-weighted average price for a token derived from DEX swap data.,generic,[],"[{""key"": ""chain"", ""type"": ""chain"", ""label"": ""Chain"", ""default"": ""ethereum"", ""options"": [{""label"": ""Ethereum"", ""value"": ""ethereum""}, {""label"": ""Base"", ""value"": ""base""}, {""label"": ""Optimism"", ""value"": ""optimism""}, {""label"": ""Arbitrum"", ""value"": ""arbitrum""}, {""label"": ""Polygon"", ""value"": ""polygon""}, {""label"": ""BSC"", ""value"": ""bsc""}, {""label"": ""Avalanche"", ""value"": ""avalanche""}, {""label"": ""Celo"", ""value"": ""celo""}], ""required"": true}, {""key"": ""token_address"", ""type"": ""token_address"", ""label"": ""Token address"", ""required"": true, ""placeholder"": ""0x...""}, {""key"": ""granularity"", ""type"": ""select"", ""label"": ""Granularity"", ""default"": ""day"", ""options"": [{""label"": ""Hourly"", ""value"": ""hour""}, {""label"": ""Daily"", ""value"": ""day""}], ""required"": true}, {""key"": ""days"", ""type"": ""select"", ""label"": ""Time range"", ""default"": ""30"", ""options"": [{""label"": ""Last 7 days"", ""value"": ""7""}, {""label"": ""Last 30 days"", ""value"": ""30""}, {""label"": ""Last 90 days"", ""value"": ""90""}, {""label"": ""Last 180 days"", ""value"": ""180""}, {""label"": ""Last year"", ""value"": ""365""}, {""label"": ""All time"", ""value"": ""all""}], ""required"": true}]"
defi.token_vesting,defi,vesting,token_vesting,Token vesting & unlock schedule,Vesting contract unlocks,Upcoming and historical token unlock events from vesting contracts.,generic,[],"[{""key"": ""chain"", ""type"": ""chain"", ""label"": ""Chain"", ""default"": ""ethereum"", ""options"": [{""label"": ""Ethereum"", ""value"": ""ethereum""}, {""label"": ""Base"", ""value"": ""base""}, {""label"": ""Optimism"", ""value"": ""optimism""}, {""label"": ""Arbitrum"", ""value"": ""arbitrum""}, {""label"": ""Polygon"", ""value"": ""polygon""}, {""label"": ""BSC"", ""value"": ""bsc""}, {""label"": ""Avalanche"", ""value"": ""avalanche""}, {""label"": ""Celo"", ""value"": ""celo""}], ""required"": true}, {""key"": ""token_address"", ""type"": ""token_address"", ""label"": ""Token address"", ""required"": true, ""placeholder"": ""0x...""}, {""key"": ""days"", ""type"": ""select"", ""label"": ""Time range"", ""default"": ""365"", ""options"": [{""label"": ""Last 7 days"", ""value"": ""7""}, {""label"": ""Last 30 days"", ""value"": ""30""}, {""label"": ""Last 90 days"", ""value"": ""90""}, {""label"": ""Last 180 days"", ""value"": ""180""}, {""label"": ""Last year"", ""value"": ""365""}, {""label"": ""All time"", ""value"": ""all""}], ""required"": true}]"
defi.token_wallet_pnl_estimator,defi,token,token_wallet_pnl_estimator,Wallet PNL Metrics,dex.trades first/last,Estimates wallet PNL from first buy and sell data.,generic,"[""wallet_address:string"",""total_sold:number"",""avg_sell_price:number"",""pnl_usd:number""]","[{""key"": ""contract_address"", ""type"": ""address"", ""label"": ""Contract Address"", ""default"": null, ""required"": true}, {""key"": ""chain"", ""type"": ""chain"", ""label"": ""Chain"", ""default"": ""ethereum"", ""required"": true, ""options"": [{""label"": ""Ethereum"", ""value"": ""ethereum""}, {""label"": ""Base"", ""value"": ""base""}, {""label"": ""Optimism"", ""value"": ""optimism""}, {""label"": ""Arbitrum"", ""value"": ""arbitrum""}, {""label"": ""Polygon"", ""value"": ""polygon""}, {""label"": ""BSC"", ""value"": ""bsc""}, {""label"": ""Avalanche"", ""value"": ""avalanche""}, {""label"": ""Celo"", ""value"": ""celo""}]}, {""key"": ""date_from"", ""type"": ""date"", ""label"": ""Start Date"", ""default"": null, ""required"": true}]"
defi.top_chains_by_daily_dex_volume,defi,dex,top_chains_by_daily_dex_volume,Daily Chain Rankings,dex.trades aggregation,Ranks top chains by daily DEX volume using windowed ranking.,generic,"[""day:date"", ""blockchain:string"", ""daily_volume_usd:number"", ""chain_rank:number""]","[{""key"": ""date_from"", ""type"": ""date"", ""label"": ""Start Date"", ""default"": ""2025-08-01"", ""required"": false}]"
defi.top_depositors_leaderboard,defi,wallet,top_depositors_leaderboard,Deposit Leaderboard,SOL Deposits,Ranks wallets by total deposited SOL volume.,generic,"[""address:string"",""deposited_sol:number"",""percent_of_total:number""]","[{""key"": ""protocol_address"", ""type"": ""address"", ""label"": ""\""Protocol Address\"""", ""default"": null, ""required"": true}, {""key"": ""lookback_days"", ""type"": ""number"", ""label"": ""Lookback Days"", ""default"": ""30"", ""required"": false}]"
defi.top_depositors_share,defi,bridge,top_depositors_share,Top depositor concentration,ethereum.transactions,Computes top N depositors total and share of bridge TVB.,generic,"[""topN_sum:number"",""topN_percentage:number""]","[{""key"": ""contract_address"", ""type"": ""address"", ""label"": ""Contract Address"", ""default"": null, ""required"": true}, {""key"": ""top_n"", ""type"": ""number"", ""label"": ""Top N"", ""default"": ""5"", ""required"": false}]"
defi.top_dex_traders,defi,dex,top_dex_traders,Top Trading Wallets,Solana Transactions,Ranks wallets by approximate distinct swap transaction count across DEX versions.,generic,"[""program:string"",""signer:string"",""swap_count:number""]","[{""key"": ""protocol"", ""type"": ""text"", ""label"": ""Protocol"", ""default"": ""orca"", ""required"": false}, {""key"": ""top_n"", ""type"": ""number"", ""label"": ""Top N"", ""default"": ""5"", ""required"": false}, {""key"": ""date_from"", ""type"": ""date"", ""label"": ""Start Date"", ""default"": null, ""required"": true}]"
defi.top_net_holders,defi,holders,top_net_holders,Net Balance,ethereum.traces flows,Ranks top net depositors after withdrawals.,protocol,"[""depositor:string"",""total_eth:number""]","[{""key"": ""pool_address"", ""type"": ""address"", ""label"": ""Pool Address"", ""default"": null, ""required"": true}, {""key"": ""top_n"", ""type"": ""number"", ""label"": ""Top N"", ""default"": ""20"", ""required"": false}, {""key"": ""min_eth"", ""type"": ""number"", ""label"": ""Min Net ETH"", ""default"": ""0"", ""required"": false}]"
defi.top_trader_leaderboard,defi,dex,top_trader_leaderboard,Trader PnL,Buy/sell through pool,Ranks top traders by net volume through DEX pool with buy/sell classification.,protocol:uniswap,"[""trader:string"",""buy_volume:number"",""sell_volume:number"",""net_volume:number"",""rank:number""]","[{""key"": ""pool_address"", ""type"": ""address"", ""label"": ""Pool Address"", ""default"": null, ""required"": true}, {""key"": ""date_from"", ""type"": ""date"", ""label"": ""Start Date"", ""default"": null, ""required"": false}]"
defi.top_trader_protocol_interactions,defi,wallet,top_trader_protocol_interactions,Trader Diversification,Top volume trader protocols,Ranks top traders by volume and their protocol interactions.,generic,"[""trader:string"",""protocol:string"",""interactions:number""]","[{""key"": ""top_n"", ""type"": ""number"", ""label"": ""Top N"", ""default"": ""100"", ""required"": false}, {""key"": ""lookback_days"", ""type"": ""number"", ""label"": ""Lookback Days"", ""default"": ""30"", ""required"": true}, {""key"": ""min_usd"", ""type"": ""number"", ""label"": ""Min USD"", ""default"": ""10000"", ""required"": false}]"
defi.top_trader_volume_concentration,defi,dex,top_trader_volume_concentration,Whale Concentration,Dune dex.trades,Measures top N traders' share of total volume.,protocol:uniswap,"[""trader_group:string"",""volume_share:number""]","[{""key"": ""protocol"", ""type"": ""text"", ""label"": ""Protocol"", ""default"": ""uniswap"", ""required"": false}, {""key"": ""top_n"", ""type"": ""number"", ""label"": ""Top N"", ""default"": ""5"", ""required"": false}]"
defi.trade_direction_autocorrelation,defi,dex,trade_direction_autocorrelation,Buy/Sell Autocorrelation,Dune dex.trades,Computes autocorrelation of trade directions in pools using lags.,protocol:uniswap,"[""pool_address:string"",""lag:number"",""autocorrelation:number"",""p_value:number""]","[{""key"": ""pool_address"", ""type"": ""address"", ""label"": ""Pool Address"", ""default"": null, ""required"": true}, {""key"": ""max_lag"", ""type"": ""number"", ""label"": ""Max Lag"", ""default"": ""20"", ""required"": false}]"
defi.trade_originator_classifier,defi,dex,trade_originator_classifier,Frontend Aggregator Breakdown,Dune dex.trades tx_to mapping,Classifies trades by originator like aggregators or frontends via tx_to.,protocol:uniswap,"[""originator:string"",""volume:number"",""trade_count:number""]","[{""key"": ""protocol"", ""type"": ""text"", ""label"": ""Protocol"", ""default"": ""uniswap"", ""required"": false}, {""key"": ""chain"", ""type"": ""chain"", ""label"": ""Chain"", ""default"": ""ethereum"", ""required"": false, ""options"": [{""label"": ""Ethereum"", ""value"": ""ethereum""}, {""label"": ""Base"", ""value"": ""base""}, {""label"": ""Optimism"", ""value"": ""optimism""}, {""label"": ""Arbitrum"", ""value"": ""arbitrum""}, {""label"": ""Polygon"", ""value"": ""polygon""}, {""label"": ""BSC"", ""value"": ""bsc""}, {""label"": ""Avalanche"", ""value"": ""avalanche""}, {""label"": ""Celo"", ""value"": ""celo""}]}, {""key"": ""date_from"", ""type"": ""date"", ""label"": ""Start Date"", ""default"": null, ""required"": true}]"
defi.trader_activity_classifier,defi,wallet,trader_activity_classifier,Activity Segments,Arbitrum dex.trades,Segments traders by weekly trade count.,generic,"[""week:date"", ""one_time:number"", ""casual:number"", ""power:number"", ""whale:number""]","[{""key"": ""chain"", ""type"": ""chain"", ""label"": ""Chain"", ""default"": ""arbitrum"", ""required"": true, ""options"": [{""label"": ""Ethereum"", ""value"": ""ethereum""}, {""label"": ""Base"", ""value"": ""base""}, {""label"": ""Optimism"", ""value"": ""optimism""}, {""label"": ""Arbitrum"", ""value"": ""arbitrum""}, {""label"": ""Polygon"", ""value"": ""polygon""}, {""label"": ""BSC"", ""value"": ""bsc""}, {""label"": ""Avalanche"", ""value"": ""avalanche""}, {""label"": ""Celo"", ""value"": ""celo""}]}, {""key"": ""protocol"", ""type"": ""text"", ""label"": ""Protocol"", ""default"": null, ""required"": false}, {""key"": ""lookback_days"", ""type"": ""number"", ""label"": ""Lookback Days"", ""default"": ""90"", ""required"": false}]"
defi.trader_activity_segments,defi,wallet,trader_activity_segments,Trader Segments Leaderboard,Dune dex.trades,Segments and ranks traders by volume and frequency.,protocol:uniswap,"[""taker:string"",""num_trades:number"",""total_volume_usd:number""]","[{""key"": ""chain"", ""type"": ""chain"", ""label"": ""Chain"", ""default"": ""ethereum"", ""required"": true, ""options"": [{""label"": ""Ethereum"", ""value"": ""ethereum""}, {""label"": ""Base"", ""value"": ""base""}, {""label"": ""Optimism"", ""value"": ""optimism""}, {""label"": ""Arbitrum"", ""value"": ""arbitrum""}, {""label"": ""Polygon"", ""value"": ""polygon""}, {""label"": ""BSC"", ""value"": ""bsc""}, {""label"": ""Avalanche"", ""value"": ""avalanche""}, {""label"": ""Celo"", ""value"": ""celo""}]}, {""key"": ""protocol"", ""type"": ""text"", ""label"": ""Protocol"", ""default"": ""sushiswap"", ""required"": true}, {""key"": ""top_n"", ""type"": ""number"", ""label"": ""Top N"", ""default"": ""10"", ""required"": false}]"
defi.trader_cohort_by_activity,defi,wallet,trader_cohort_by_activity,Activity Span Cohorts,Cow Protocol Traders,Cohorts traders by days between first and last trade (one-shot vs multi-day).,protocol:cow,"[""month:date"", ""cohort:string"", ""traders:number"", ""trades:number"", ""volume:number""]","[{""key"": ""protocol"", ""type"": ""text"", ""label"": ""Protocol"", ""default"": ""cow"", ""required"": true}, {""key"": ""date_from"", ""type"": ""date"", ""label"": ""Start Date"", ""default"": ""2022-01-01"", ""required"": true}]"
defi.trader_cohort_retention,defi,dex,trader_cohort_retention,New vs Returning,Dune dex.trades cohorts,Classifies traders into new and returning cohorts.,generic,"[""cohort:string"",""unique_traders:number"",""new_traders:number"",""returning_traders:number""]","[{""key"": ""lookback_days"", ""type"": ""number"", ""label"": ""Lookback Days"", ""default"": ""14"", ""required"": true}, {""key"": ""cohort_period"", ""type"": ""text"", ""label"": ""Cohort Period"", ""default"": ""day"", ""required"": true}, {""key"": ""chain"", ""type"": ""chain"", ""label"": ""Chain"", ""default"": null, ""required"": false, ""options"": [{""label"": ""Ethereum"", ""value"": ""ethereum""}, {""label"": ""Base"", ""value"": ""base""}, {""label"": ""Optimism"", ""value"": ""optimism""}, {""label"": ""Arbitrum"", ""value"": ""arbitrum""}, {""label"": ""Polygon"", ""value"": ""polygon""}, {""label"": ""BSC"", ""value"": ""bsc""}, {""label"": ""Avalanche"", ""value"": ""avalanche""}, {""label"": ""Celo"", ""value"": ""celo""}]}]"
defi.trader_concentration_hhi,defi,dex,trader_concentration_hhi,Concentration Metrics,Uniswap daily HHI,Calculates trader concentration using HHI and effective users.,generic,"[""day:date"", ""hhi:number"", ""total_volume_usd:number"", ""total_users:number""]","[{""key"": ""protocol"", ""type"": ""text"", ""label"": ""Protocol"", ""default"": null, ""required"": true}, {""key"": ""date_range"", ""type"": ""date_range"", ""label"": ""Date Range"", ""default"": {""to"": """", ""from"": """"}, ""required"": true}]"
defi.trader_cross_chain_activity,defi,wallet,trader_cross_chain_activity,Cross-Chain Trader Overlap,Dune dex.trades,Measures trader activity distribution across chains as percentages.,generic,"[""wallet:string"",""eth_pct:number"",""arb_pct:number"",""poly_pct:number"",""opt_pct:number""]","[{""key"": ""lookback_days"", ""type"": ""number"", ""label"": ""Lookback Days"", ""default"": ""14"", ""required"": true}, {""key"": ""min_trades"", ""type"": ""number"", ""label"": ""Min Trades"", ""default"": ""1"", ""required"": false}]"
defi.trader_frequency_breakdown,defi,dex,trader_frequency_breakdown,Trader Frequency,DEX Transactions,"Classifies traders into high, medium, low frequency tiers daily.",generic,"[""day:date"", ""high_freq:number"", ""medium_freq:number"", ""low_freq:number""]","[{""key"": ""protocol"", ""type"": ""text"", ""label"": ""Protocol"", ""default"": null, ""required"": true}, {""key"": ""date_from"", ""type"": ""date"", ""label"": ""Start Date"", ""default"": null, ""required"": false}]"
defi.trader_frequency_buckets,defi,wallet,trader_frequency_buckets,Volume by Frequency,Dune dex.trades,Buckets traders by daily trade frequency and aggregates volume.,generic,"[""day:date"", ""frequency_bucket:string"", ""volume:number""]","[{""key"": ""chain"", ""type"": ""chain"", ""label"": ""Chain"", ""default"": ""ethereum"", ""required"": true, ""options"": [{""label"": ""Ethereum"", ""value"": ""ethereum""}, {""label"": ""Base"", ""value"": ""base""}, {""label"": ""Optimism"", ""value"": ""optimism""}, {""label"": ""Arbitrum"", ""value"": ""arbitrum""}, {""label"": ""Polygon"", ""value"": ""polygon""}, {""label"": ""BSC"", ""value"": ""bsc""}, {""label"": ""Avalanche"", ""value"": ""avalanche""}, {""label"": ""Celo"", ""value"": ""celo""}]}, {""key"": ""category"", ""type"": ""select"", ""label"": ""Category"", ""default"": ""Aggregator"", ""required"": false, ""options"": [{""label"": ""DEX"", ""value"": ""DEX""}, {""label"": ""Aggregator"", ""value"": ""Aggregator""}]}, {""key"": ""date_from"", ""type"": ""date"", ""label"": ""Start Date"", ""default"": null, ""required"": true}]"
defi.trader_frequency_classifier,defi,wallet,trader_frequency_classifier,Frequency Tiers Volume,Dune dex.trades,Classifies traders by trade frequency and aggregates volume.,generic,"[""frequency:string"",""volume:number""]","[{""key"": ""chain"", ""type"": ""chain"", ""label"": ""Chain"", ""default"": null, ""required"": true, ""options"": [{""label"": ""Ethereum"", ""value"": ""ethereum""}, {""label"": ""Base"", ""value"": ""base""}, {""label"": ""Optimism"", ""value"": ""optimism""}, {""label"": ""Arbitrum"", ""value"": ""arbitrum""}, {""label"": ""Polygon"", ""value"": ""polygon""}, {""label"": ""BSC"", ""value"": ""bsc""}, {""label"": ""Avalanche"", ""value"": ""avalanche""}, {""label"": ""Celo"", ""value"": ""celo""}]}, {""key"": ""protocol"", ""type"": ""text"", ""label"": ""Protocol"", ""default"": null, ""required"": false}, {""key"": ""time_granularity"", ""type"": ""text"", ""label"": ""Granularity"", ""default"": ""day"", ""required"": true}, {""key"": ""lookback_days"", ""type"": ""number"", ""label"": ""Lookback Days"", ""default"": ""30"", ""required"": true}]"
defi.trader_frequency_distribution,defi,wallet,trader_frequency_distribution,Frequency Trader Counts,Dune query 459702,Classifies traders by daily trade frequency.,generic,"[""day:date"", ""frequency:string"", ""trader_count:number""]","[{""key"": ""chain"", ""type"": ""chain"", ""label"": ""Chain"", ""default"": null, ""required"": true, ""options"": [{""label"": ""Ethereum"", ""value"": ""ethereum""}, {""label"": ""Base"", ""value"": ""base""}, {""label"": ""Optimism"", ""value"": ""optimism""}, {""label"": ""Arbitrum"", ""value"": ""arbitrum""}, {""label"": ""Polygon"", ""value"": ""polygon""}, {""label"": ""BSC"", ""value"": ""bsc""}, {""label"": ""Avalanche"", ""value"": ""avalanche""}, {""label"": ""Celo"", ""value"": ""celo""}]}, {""key"": ""date_from"", ""type"": ""date"", ""label"": ""Start Date"", ""default"": null, ""required"": true}]"
defi.trader_frequency_volume_segments,defi,dex,trader_frequency_volume_segments,Trader Frequency Volume,Dune dex.trades,Segments trader volume into low/medium/high frequency buckets daily.,generic,"[""day:date"", ""frequency:string"", ""volume:number""]","[{""key"": ""protocol"", ""type"": ""text"", ""label"": ""Protocol"", ""default"": null, ""required"": true}, {""key"": ""version"", ""type"": ""text"", ""label"": ""Version"", ""default"": null, ""required"": false}, {""key"": ""date_from"", ""type"": ""date"", ""label"": ""Start Date"", ""default"": null, ""required"": false}]"
defi.trader_growth_detector,defi,dex,trader_growth_detector,YoY Trader Growth,Dune dex.trades,Compares active traders (12mo current vs previous) per project with growth %.,generic,"[""project:string"",""current_traders:number"",""previous_traders:number"",""growth_pct:number""]","[{""key"": ""lookback_months"", ""type"": ""number"", ""label"": ""Period months"", ""default"": ""12"", ""required"": false}]"
defi.trader_monthly_retention,defi,wallet,trader_monthly_retention,Monthly retention rates,Dune dex.trades,Computes trader cohort retention rates by month.,generic,"[""first_trade_month:date"", ""traders_onboarded:number"", ""month_1_retention:number"", ""month_2_retention:number"", ""month_3_retention:number""]","[{""key"": ""chain"", ""type"": ""chain"", ""label"": ""Chain"", ""default"": ""arbitrum"", ""required"": false, ""options"": [{""label"": ""Ethereum"", ""value"": ""ethereum""}, {""label"": ""Base"", ""value"": ""base""}, {""label"": ""Optimism"", ""value"": ""optimism""}, {""label"": ""Arbitrum"", ""value"": ""arbitrum""}, {""label"": ""Polygon"", ""value"": ""polygon""}, {""label"": ""BSC"", ""value"": ""bsc""}, {""label"": ""Avalanche"", ""value"": ""avalanche""}, {""label"": ""Celo"", ""value"": ""celo""}]}, {""key"": ""lookback_days"", ""type"": ""number"", ""label"": ""Lookback Days"", ""default"": ""365"", ""required"": false}]"
defi.trader_profit_efficiency,defi,wallet,trader_profit_efficiency,Win Ratio & Efficiency,Buy/sell pair matching,"Computes profit efficiency, win ratio from paired buy/sell trades.",generic,"[""trader:string"",""win_ratio:number"",""profit_efficiency:number"",""total_profit:number""]","[{""key"": ""chain"", ""type"": ""chain"", ""label"": ""Chain"", ""default"": ""ethereum"", ""required"": true, ""options"": [{""label"": ""Ethereum"", ""value"": ""ethereum""}, {""label"": ""Base"", ""value"": ""base""}, {""label"": ""Optimism"", ""value"": ""optimism""}, {""label"": ""Arbitrum"", ""value"": ""arbitrum""}, {""label"": ""Polygon"", ""value"": ""polygon""}, {""label"": ""BSC"", ""value"": ""bsc""}, {""label"": ""Avalanche"", ""value"": ""avalanche""}, {""label"": ""Celo"", ""value"": ""celo""}]}, {""key"": ""lookback_days"", ""type"": ""number"", ""label"": ""Lookback Days"", ""default"": ""30"", ""required"": false}, {""key"": ""min_trades"", ""type"": ""number"", ""label"": ""Min Trades"", ""default"": ""1"", ""required"": false}]"
defi.trader_retention_cohorts,defi,wallet,trader_retention_cohorts,Weekly Retention Rates,Dune dex_solana.trades,Computes trader cohorts and retention rates.,generic,"[""cohort_week:date"", ""cohort_size:number"", ""retention_rate:number""]","[{""key"": ""lookback_days"", ""type"": ""number"", ""label"": ""Lookback Days"", ""default"": null, ""required"": true}]"
defi.trader_retention_signal,defi,wallet,trader_retention_signal,Retention metrics,De-duped daily addresses,Computes unique traders over periods with retention signals.,generic,"[""period:string"",""unique_traders:number"",""retention_rate:number""]","[{""key"": ""chain"", ""type"": ""chain"", ""label"": ""Chain"", ""default"": null, ""required"": true, ""options"": [{""label"": ""Ethereum"", ""value"": ""ethereum""}, {""label"": ""Base"", ""value"": ""base""}, {""label"": ""Optimism"", ""value"": ""optimism""}, {""label"": ""Arbitrum"", ""value"": ""arbitrum""}, {""label"": ""Polygon"", ""value"": ""polygon""}, {""label"": ""BSC"", ""value"": ""bsc""}, {""label"": ""Avalanche"", ""value"": ""avalanche""}, {""label"": ""Celo"", ""value"": ""celo""}]}, {""key"": ""date_range"", ""type"": ""date_range"", ""label"": ""Date Range"", ""default"": {""to"": """", ""from"": """"}, ""required"": true}]"
defi.trader_segmentation,defi,wallet,trader_segmentation,Wallet tiers,Dune dex_solana.trades,Segments traders into whale/dolphin/fish/shrimp by average trade size and activity.,generic,"[""wallet_address:string"",""classification:string"",""avg_usd_vol:number"",""buy_txn:number""]","[{""key"": ""solana_token_address"", ""type"": ""address"", ""label"": ""Token filter"", ""default"": null, ""required"": false}]"
defi.trader_segmenter,defi,wallet,trader_segmenter,User Classification,Volume-based tiers,Segments traders into whale/dolphin/fish/shrimp by avg volume.,generic,"[""classification:string"",""avg_usd_vol:number""]","[{""key"": ""contract_address"", ""type"": ""address"", ""label"": ""Contract Address"", ""default"": null, ""required"": true}]"
defi.trader_size_classifier,defi,wallet,trader_size_classifier,Trader Tier,Avg trade volume tiers,"Classifies traders by average USD volume into whale, dolphin, fish, shrimp.",generic,"[""wallet:string"",""classification:string"",""avg_usd_vol:number"",""buy_txn:number""]","[{""key"": ""contract_address"", ""type"": ""address"", ""label"": ""Contract Address"", ""default"": null, ""required"": true}, {""key"": ""lookback_days"", ""type"": ""number"", ""label"": ""Lookback Days"", ""default"": ""7"", ""required"": false}]"
defi.trader_specialization_scorer,defi,wallet,trader_specialization_scorer,Token Concentration Score,Dune dex.trades,"Scores traders by single-token focus, activity, and concentration.",generic,"[""trader:string"",""concentration_score:number"",""trades_per_day:number"",""trading_days:number""]","[{""key"": ""lookback_days"", ""type"": ""number"", ""label"": ""Lookback Days"", ""default"": ""30"", ""required"": false}]"
defi.trader_tenure_classifier,defi,wallet,trader_tenure_classifier,Trader Retention,Single-day cohorts,Classifies single-day vs ongoing traders with lifetime metrics.,protocol:raydium,"[""trader_tenure:string"",""avg_active_days:number"",""avg_lifetime_tx:number""]","[{""key"": ""protocol"", ""type"": ""text"", ""label"": ""Protocol"", ""default"": ""raydium"", ""required"": true}, {""key"": ""date_from"", ""type"": ""date"", ""label"": ""Start Date"", ""default"": null, ""required"": true}]"
defi.trader_tier_volume,defi,dex,trader_tier_volume,Tiered trader volumes,Dune dex.trades,Segments traders into size tiers and aggregates volume/users/trades.,generic,"[""time:timestamp"", ""tier:string"", ""volume:number"", ""users:number"", ""trades:number""]","[{""key"": ""protocol"", ""type"": ""text"", ""label"": ""Protocol"", ""default"": null, ""required"": true}, {""key"": ""tx_to"", ""type"": ""address"", ""label"": ""Router address"", ""default"": null, ""required"": false}, {""key"": ""min_usd"", ""type"": ""number"", ""label"": ""Min USD"", ""default"": ""0"", ""required"": false}]"
defi.trader_token_diversity_classifier,defi,wallet,trader_token_diversity_classifier,Meme Specialist Traders,Dune dex.trades,Classifies traders by token diversity and meme coin focus score.,generic,"[""taker:string"",""meme_count:number"",""diversity_score:number"",""classification:string""]","[{""key"": ""chain"", ""type"": ""chain"", ""label"": ""Chain"", ""default"": ""base"", ""required"": true, ""options"": [{""label"": ""Ethereum"", ""value"": ""ethereum""}, {""label"": ""Base"", ""value"": ""base""}, {""label"": ""Optimism"", ""value"": ""optimism""}, {""label"": ""Arbitrum"", ""value"": ""arbitrum""}, {""label"": ""Polygon"", ""value"": ""polygon""}, {""label"": ""BSC"", ""value"": ""bsc""}, {""label"": ""Avalanche"", ""value"": ""avalanche""}, {""label"": ""Celo"", ""value"": ""celo""}]}, {""key"": ""date_from"", ""type"": ""date"", ""label"": ""Start Date"", ""default"": null, ""required"": true}, {""key"": ""lookback_days"", ""type"": ""number"", ""label"": ""Lookback Days"", ""default"": ""30"", ""required"": true}]"
defi.trader_transaction_segments,defi,wallet,trader_transaction_segments,Trader Transaction Buckets,Dune dex.trades,Buckets traders by transaction volume tiers.,generic,"[""segment:string"",""user_count:number"",""total_transactions:number"",""total_volume:number""]","[{""key"": ""protocol"", ""type"": ""text"", ""label"": ""Protocol"", ""default"": null, ""required"": false}, {""key"": ""date_from"", ""type"": ""date"", ""label"": ""Start Date"", ""default"": null, ""required"": true}]"
defi.trader_type_classifier,defi,wallet,trader_type_classifier,Volume-based tiers,Dune dex.trades,Classifies traders into whale/pro/amateur by monthly volume.,generic,"[""trader:string"",""trader_type:string"",""monthly_volume:number""]","[{""key"": ""chain"", ""type"": ""chain"", ""label"": ""Chain"", ""default"": ""ethereum"", ""required"": false, ""options"": [{""label"": ""Ethereum"", ""value"": ""ethereum""}, {""label"": ""Base"", ""value"": ""base""}, {""label"": ""Optimism"", ""value"": ""optimism""}, {""label"": ""Arbitrum"", ""value"": ""arbitrum""}, {""label"": ""Polygon"", ""value"": ""polygon""}, {""label"": ""BSC"", ""value"": ""bsc""}, {""label"": ""Avalanche"", ""value"": ""avalanche""}, {""label"": ""Celo"", ""value"": ""celo""}]}, {""key"": ""lookback_days"", ""type"": ""number"", ""label"": ""Lookback Days"", ""default"": ""30"", ""required"": false}]"
defi.trader_volume_distribution,defi,dex,trader_volume_distribution,Trader Volume Buckets,Dune dex.trades,Classifies traders by lifetime volume buckets.,generic,"[""category:string"",""traders:number""]","[{""key"": ""protocol"", ""type"": ""text"", ""label"": ""Protocol"", ""default"": null, ""required"": true}, {""key"": ""chain"", ""type"": ""chain"", ""label"": ""Chain"", ""default"": ""ethereum"", ""required"": true, ""options"": [{""label"": ""Ethereum"", ""value"": ""ethereum""}, {""label"": ""Base"", ""value"": ""base""}, {""label"": ""Optimism"", ""value"": ""optimism""}, {""label"": ""Arbitrum"", ""value"": ""arbitrum""}, {""label"": ""Polygon"", ""value"": ""polygon""}, {""label"": ""BSC"", ""value"": ""bsc""}, {""label"": ""Avalanche"", ""value"": ""avalanche""}, {""label"": ""Celo"", ""value"": ""celo""}]}, {""key"": ""lookback_days"", ""type"": ""number"", ""label"": ""Lookback Days"", ""default"": ""365"", ""required"": false}]"
defi.trade_size_buckets,defi,dex,trade_size_buckets,Trade Size Percentiles,Dune dex.trades,Buckets trades by USD size with counts and averages for comparison across versions.,protocol:uniswap,"[""bucket:string"",""avg_trade_usd:number"",""num_trades:number""]","[{""key"": ""protocol"", ""type"": ""text"", ""label"": ""Protocol"", ""default"": ""uniswap"", ""required"": true}, {""key"": ""version"", ""type"": ""text"", ""label"": ""Version"", ""default"": ""v2"", ""required"": false}, {""key"": ""lookback_days"", ""type"": ""number"", ""label"": ""Lookback Days"", ""default"": ""30"", ""required"": true}]"
defi.trade_size_distribution,defi,dex,trade_size_distribution,Trade Size Bins,Dune dex.trades,Bins trade sizes with fractions and cumulative distribution.,protocol:uniswap,"[""bin:number"",""frac:number"",""cum_frac:number""]","[{""key"": ""protocol"", ""type"": ""text"", ""label"": ""Protocol"", ""default"": ""uniswap"", ""required"": true}, {""key"": ""version"", ""type"": ""text"", ""label"": ""Version"", ""default"": ""3"", ""required"": true}, {""key"": ""token_a"", ""type"": ""text"", ""label"": ""Token A"", ""default"": ""WETH"", ""required"": true}, {""key"": ""token_b"", ""type"": ""text"", ""label"": ""Token B"", ""default"": ""USDC"", ""required"": true}, {""key"": ""lookback_days"", ""type"": ""number"", ""label"": ""Lookback Days"", ""default"": ""30"", ""required"": false}]"
defi.trade_size_tier_breakdown,defi,dex,trade_size_tier_breakdown,Volume by Tier,Arbitrum DEX trades,Classifies trades into plankton-to-whale tiers by USD size.,generic,"[""tier:string"",""volume:number"",""trades:number"",""avg_size:number""]","[{""key"": ""chain"", ""type"": ""chain"", ""label"": ""Chain"", ""default"": null, ""required"": true, ""options"": [{""label"": ""Ethereum"", ""value"": ""ethereum""}, {""label"": ""Base"", ""value"": ""base""}, {""label"": ""Optimism"", ""value"": ""optimism""}, {""label"": ""Arbitrum"", ""value"": ""arbitrum""}, {""label"": ""Polygon"", ""value"": ""polygon""}, {""label"": ""BSC"", ""value"": ""bsc""}, {""label"": ""Avalanche"", ""value"": ""avalanche""}, {""label"": ""Celo"", ""value"": ""celo""}]}, {""key"": ""date_range"", ""type"": ""date_range"", ""label"": ""Date Range"", ""default"": {""to"": """", ""from"": """"}, ""required"": true}]"
defi.trade_source_classifier,defi,dex,trade_source_classifier,Aggregator vs DEX Source,Dune dex.trades,Classifies trades by router into aggregators/DEXes/sources.,generic,"[""source:string"",""tx_count:number"",""volume:number""]","[{""key"": ""protocol"", ""type"": ""text"", ""label"": ""Protocol"", ""default"": null, ""required"": false}, {""key"": ""lookback_days"", ""type"": ""number"", ""label"": ""Lookback Days"", ""default"": ""180"", ""required"": true}]"
defi.trade_volume_outliers,defi,dex,trade_volume_outliers,Outlier Detection,Z-score anomalies,Detects outlier trades via z-score on volume.,generic,"[""project:string"",""amount_usd:number"",""z_score:number""]","[{""key"": ""token_symbol"", ""type"": ""text"", ""label"": ""Token Symbol"", ""default"": null, ""required"": true}, {""key"": ""z_threshold"", ""type"": ""number"", ""label"": ""Z-Score Threshold"", ""default"": ""3"", ""required"": false}]"
defi.trading_pair_cohorts,defi,dex,trading_pair_cohorts,Pair trader metrics,Dune dex.trades,"Analyzes pair trades by size cohorts, users, volume.",generic,"[""project:string"",""trading_pair:string"",""trade_count:number"",""unique_traders:number"",""total_volume:number"",""avg_trade_size:number"",""small_trades:number"",""medium_trades:number"",""large_trades:number""]","[{""key"": ""chain"", ""type"": ""chain"", ""label"": ""Chain"", ""default"": ""arbitrum"", ""required"": true, ""options"": [{""label"": ""Ethereum"", ""value"": ""ethereum""}, {""label"": ""Base"", ""value"": ""base""}, {""label"": ""Optimism"", ""value"": ""optimism""}, {""label"": ""Arbitrum"", ""value"": ""arbitrum""}, {""label"": ""Polygon"", ""value"": ""polygon""}, {""label"": ""BSC"", ""value"": ""bsc""}, {""label"": ""Avalanche"", ""value"": ""avalanche""}, {""label"": ""Celo"", ""value"": ""celo""}]}, {""key"": ""token_symbol"", ""type"": ""text"", ""label"": ""Token Symbol"", ""default"": ""USDC"", ""required"": true}, {""key"": ""lookback_days"", ""type"": ""number"", ""label"": ""Lookback Days"", ""default"": ""30"", ""required"": true}]"
defi.treasury,defi,treasury,treasury,Treasury tracker,Treasury wallet balances,Token balances and historical USD value for a DAO treasury wallet.,generic,[],"[{""key"": ""chain"", ""type"": ""chain"", ""label"": ""Chain"", ""default"": ""ethereum"", ""options"": [{""label"": ""Ethereum"", ""value"": ""ethereum""}, {""label"": ""Base"", ""value"": ""base""}, {""label"": ""Optimism"", ""value"": ""optimism""}, {""label"": ""Arbitrum"", ""value"": ""arbitrum""}, {""label"": ""Polygon"", ""value"": ""polygon""}, {""label"": ""BSC"", ""value"": ""bsc""}, {""label"": ""Avalanche"", ""value"": ""avalanche""}, {""label"": ""Celo"", ""value"": ""celo""}], ""required"": true}, {""key"": ""treasury_address"", ""type"": ""address"", ""label"": ""Treasury address"", ""required"": true, ""placeholder"": ""0x...""}, {""key"": ""days"", ""type"": ""select"", ""label"": ""Time range"", ""default"": ""180"", ""options"": [{""label"": ""Last 7 days"", ""value"": ""7""}, {""label"": ""Last 30 days"", ""value"": ""30""}, {""label"": ""Last 90 days"", ""value"": ""90""}, {""label"": ""Last 180 days"", ""value"": ""180""}, {""label"": ""Last year"", ""value"": ""365""}, {""label"": ""All time"", ""value"": ""all""}], ""required"": true}]"
defi.treasury_multi_token_balances,defi,treasury,treasury_multi_token_balances,Multi-asset treasury,Treasury token balances,Computes daily net balances for multiple tokens in treasury.,generic,"[""day:date"", ""token1:number"", ""token2:number""]","[{""key"": ""treasury_address"", ""type"": ""address"", ""label"": ""Treasury Address"", ""default"": null, ""required"": true}, {""key"": ""contract_address"", ""type"": ""address"", ""label"": ""Contract Address"", ""default"": null, ""required"": true}, {""key"": ""lookback_days"", ""type"": ""number"", ""label"": ""Lookback Days"", ""default"": ""365"", ""required"": false}]"
defi.triangular_arb_opportunities,defi,dex,triangular_arb_opportunities,Arb Profit Calc,DEX trades table,Detects potential triangular arbitrage paths and profits.,generic,"[""dex:string"",""pair:string"",""arb_profit:number"",""timestamp:timestamp""]","[{""key"": ""chain"", ""type"": ""chain"", ""label"": ""Chain"", ""default"": null, ""required"": true, ""options"": [{""label"": ""Ethereum"", ""value"": ""ethereum""}, {""label"": ""Base"", ""value"": ""base""}, {""label"": ""Optimism"", ""value"": ""optimism""}, {""label"": ""Arbitrum"", ""value"": ""arbitrum""}, {""label"": ""Polygon"", ""value"": ""polygon""}, {""label"": ""BSC"", ""value"": ""bsc""}, {""label"": ""Avalanche"", ""value"": ""avalanche""}, {""label"": ""Celo"", ""value"": ""celo""}]}, {""key"": ""min_profit"", ""type"": ""number"", ""label"": ""Min Profit USD"", ""default"": ""1000"", ""required"": false}]"
defi.twenty_four_seven_trader_detector,defi,dex,twenty_four_seven_trader_detector,24/7 Trading Wallets,Dune dex.trades,Identifies wallets trading in every hour of the day indicating bots.,protocol:uniswap,"[""sender:string"", ""trade_date:date"", ""active_hours:number""]","[{""key"": ""pool_address"", ""type"": ""address"", ""label"": ""Pool Address"", ""default"": null, ""required"": true}, {""key"": ""date_from"", ""type"": ""date"", ""label"": ""Start Date"", ""default"": null, ""required"": true}]"
defi.two_token_pool_ratios,defi,lp,two_token_pool_ratios,Pool token ratios,ERC20 transfers,Computes cumulative balances and percentages for two tokens in LP pool.,generic,"[""date:date"", ""token1_balance:number"", ""token2_balance:number"", ""token1_pct:number"", ""token2_pct:number""]","[{""key"": ""pool_address"", ""type"": ""address"", ""label"": ""Pool Address"", ""default"": null, ""required"": true}, {""key"": ""token1_address"", ""type"": ""address"", ""label"": ""Token 1 Address"", ""default"": null, ""required"": true}, {""key"": ""token2_address"", ""type"": ""address"", ""label"": ""Token 2 Address"", ""default"": null, ""required"": true}, {""key"": ""interval"", ""type"": ""select"", ""label"": ""Interval"", ""default"": ""day"", ""options"": [{""label"": ""Minute"", ""value"": ""minute""}, {""label"": ""Hour"", ""value"": ""hour""}, {""label"": ""Day"", ""value"": ""day""}, {""label"": ""Week"", ""value"": ""week""}, {""label"": ""Month"", ""value"": ""month""}], ""required"": false}]"
defi.user_activity_classifier,defi,wallet,user_activity_classifier,User Behavior Tags,Program Interactions,"Classifies users by activity across DEX, NFT, lending programs.",protocol:raydium,"[""program_type:string"",""user_count:number"",""total_users:number""]","[{""key"": ""protocol"", ""type"": ""text"", ""label"": ""Protocol"", ""default"": ""raydium"", ""required"": true}, {""key"": ""date_from"", ""type"": ""date"", ""label"": ""Start Date"", ""default"": ""2022-07-01"", ""required"": false}]"
defi.user_behavior_classifier,defi,dex,user_behavior_classifier,User Type Breakdown,Dune dex.trades,"Classifies traders into oneshot (1 project ��� shots txs), virgin (>shots txs 1 project), chad (>1 project).",generic,"[""time:timestamp"", ""oneshot:number"", ""virgin:number"", ""chad:number""]","[{""key"": ""interval"", ""type"": ""select"", ""label"": ""Interval"", ""default"": ""day"", ""options"": [{""label"": ""Minute"", ""value"": ""minute""}, {""label"": ""Hour"", ""value"": ""hour""}, {""label"": ""Day"", ""value"": ""day""}, {""label"": ""Week"", ""value"": ""week""}, {""label"": ""Month"", ""value"": ""month""}], ""required"": true}, {""key"": ""shots"", ""type"": ""number"", ""label"": ""Shot threshold"", ""default"": null, ""required"": true}]"
defi.user_churn_to_competitors,defi,dex,user_churn_to_competitors,Churn Analysis,Lost user competitor activity,Detects churned users and their activity on competitors.,protocol:pancakeswap,"[""tx_from:string"",""competitor_project:string"",""tx_count:number""]","[{""key"": ""lookback_days"", ""type"": ""number"", ""label"": ""Lookback Days"", ""default"": ""30"", ""required"": true}, {""key"": ""protocol"", ""type"": ""text"", ""label"": ""Protocol"", ""default"": ""pancakeswap"", ""required"": true}]"
defi.user_cohort_new_churn,defi,subscription,user_cohort_new_churn,New vs Churn Users,EarnMax Events,Tracks daily new enrollments vs terminal churn subscribers.,generic,"[""day:date"",""new_users:number"",""churn_users:number"",""net_growth:number""]","[{""key"": ""date_range"", ""type"": ""date_range"", ""label"": ""Date Range"", ""default"": {""to"": """", ""from"": """"}, ""required"": true}]"
defi.user_concentration_hhi,defi,dex,user_concentration_hhi,Volume Concentration HHI,Dune dex.trades,Calculates Herfindahl-Hirschman Index for daily user volume concentration.,generic,"[""day:date"", ""hhi:number"", ""total_volume_usd:number"", ""total_users:number""]","[{""key"": ""protocol"", ""type"": ""text"", ""label"": ""Protocol"", ""default"": null, ""required"": true}, {""key"": ""date_from"", ""type"": ""date"", ""label"": ""Start Date"", ""default"": null, ""required"": false}, {""key"": ""lookback_days"", ""type"": ""number"", ""label"": ""Lookback Days"", ""default"": ""30"", ""required"": false}]"
defi.user_growth_detector,defi,protocol,user_growth_detector,3x User Growth,Base transactions,Flags contracts with 3x+ DAU growth over 14-day periods.,generic,"[""to_address:string"",""last_14d_users:number"",""prev_14d_users:number"",""growth_multiple:number""]","[{""key"": ""lookback_days"", ""type"": ""number"", ""label"": ""Lookback Days"", ""default"": ""30"", ""required"": false}, {""key"": ""growth_threshold"", ""type"": ""number"", ""label"": ""Growth Threshold"", ""default"": ""3"", ""required"": false}]"
defi.user_retention,defi,wallet,user_retention,Protocol user retention cohorts,First-trade cohort retention,Weekly cohort retention — what % of first-time users return each week.,generic,[],"[{""key"": ""chain"", ""type"": ""chain"", ""label"": ""Chain"", ""default"": ""ethereum"", ""options"": [{""label"": ""Ethereum"", ""value"": ""ethereum""}, {""label"": ""Base"", ""value"": ""base""}, {""label"": ""Optimism"", ""value"": ""optimism""}, {""label"": ""Arbitrum"", ""value"": ""arbitrum""}, {""label"": ""Polygon"", ""value"": ""polygon""}, {""label"": ""BSC"", ""value"": ""bsc""}, {""label"": ""Avalanche"", ""value"": ""avalanche""}, {""label"": ""Celo"", ""value"": ""celo""}], ""required"": true}, {""key"": ""protocol"", ""type"": ""select"", ""label"": ""Protocol"", ""default"": ""uniswap_v3"", ""options"": [{""label"": ""All DEXes"", ""value"": ""all""}, {""label"": ""Uniswap V3"", ""value"": ""uniswap_v3""}, {""label"": ""Uniswap V2"", ""value"": ""uniswap_v2""}, {""label"": ""Curve"", ""value"": ""curve""}, {""label"": ""Balancer"", ""value"": ""balancer""}, {""label"": ""Aerodrome"", ""value"": ""aerodrome""}, {""label"": ""Velodrome"", ""value"": ""velodrome""}, {""label"": ""PancakeSwap"", ""value"": ""pancakeswap""}, {""label"": ""SushiSwap"", ""value"": ""sushiswap""}], ""required"": true}, {""key"": ""days"", ""type"": ""select"", ""label"": ""Time range"", ""default"": ""180"", ""options"": [{""label"": ""Last 7 days"", ""value"": ""7""}, {""label"": ""Last 30 days"", ""value"": ""30""}, {""label"": ""Last 90 days"", ""value"": ""90""}, {""label"": ""Last 180 days"", ""value"": ""180""}, {""label"": ""Last year"", ""value"": ""365""}, {""label"": ""All time"", ""value"": ""all""}], ""required"": true}]"
defi.user_retention_cohorts,defi,wallet,user_retention_cohorts,Retention by Tenure,Dune dex.trades,Segments users by retention tenure from first swap.,protocol:sushiswap,"[""tenure_bucket:string"",""swaps:number"",""volume:number"",""retention_rate:number""]","[{""key"": ""protocol"", ""type"": ""text"", ""label"": ""Protocol"", ""default"": ""sushiswap"", ""required"": true}, {""key"": ""lookback_days"", ""type"": ""number"", ""label"": ""Lookback Days"", ""default"": ""365"", ""required"": true}]"
defi.user_trade_classifier,defi,wallet,user_trade_classifier,User Trade Tier,dex.trades classification,Classifies users by average trade size into whale/dolphin/fish/shrimp.,generic,"[""user:string"",""classification:string"",""avg_usd:number""]","[{""key"": ""chain"", ""type"": ""chain"", ""label"": ""Chain"", ""default"": ""base"", ""required"": true, ""options"": [{""label"": ""Ethereum"", ""value"": ""ethereum""}, {""label"": ""Base"", ""value"": ""base""}, {""label"": ""Optimism"", ""value"": ""optimism""}, {""label"": ""Arbitrum"", ""value"": ""arbitrum""}, {""label"": ""Polygon"", ""value"": ""polygon""}, {""label"": ""BSC"", ""value"": ""bsc""}, {""label"": ""Avalanche"", ""value"": ""avalanche""}, {""label"": ""Celo"", ""value"": ""celo""}]}, {""key"": ""lookback_days"", ""type"": ""number"", ""label"": ""Lookback Days"", ""default"": ""30"", ""required"": true}]"
defi.vault_balance_tracker,defi,vault,vault_balance_tracker,Vault Balances,weETH logs,Tracks daily latest vault asset balances.,protocol:weeth,"[""day:date"", ""asset:string"", ""balance:number"", ""tx_hash:string""]","[{""key"": ""chain"", ""type"": ""chain"", ""label"": ""Chain"", ""default"": ""ethereum"", ""required"": true, ""options"": [{""label"": ""Ethereum"", ""value"": ""ethereum""}, {""label"": ""Base"", ""value"": ""base""}, {""label"": ""Optimism"", ""value"": ""optimism""}, {""label"": ""Arbitrum"", ""value"": ""arbitrum""}, {""label"": ""Polygon"", ""value"": ""polygon""}, {""label"": ""BSC"", ""value"": ""bsc""}, {""label"": ""Avalanche"", ""value"": ""avalanche""}, {""label"": ""Celo"", ""value"": ""celo""}]}]"
defi.vault_net_staked,defi,lp,vault_net_staked,Vault Staked Supply,ERC20 Transfers,Computes net staked token supply over time.,generic,"[""date:timestamp"",""net_staked:number"",""cumulative_staked:number""]","[{""key"": ""vault_address"", ""type"": ""address"", ""label"": ""Vault Address"", ""default"": null, ""required"": true}, {""key"": ""contract_address"", ""type"": ""address"", ""label"": ""Contract Address"", ""default"": null, ""required"": true}]"
defi.vault_supply_activity,defi,lending,vault_supply_activity,Supply Withdraw Metrics,Morpho vault events,Analyzes supply and withdraw activity across vault markets.,protocol:morpho,"[""market_id:string"",""supply:number"",""withdraw:number"",""net:number""]","[{""key"": ""vault_address"", ""type"": ""address"", ""label"": ""Vault Address"", ""default"": null, ""required"": true}]"
defi.vault_tvl_and_users,defi,lending,vault_tvl_and_users,Vault TVL + Metrics,Deposits/withdrawals + uniques,"Tracks TVL, deposits, withdrawals, unique users for vaults.",generic,"[""day:date"", ""tvl:number"", ""deposits:number"", ""withdrawals:number"", ""unique_users:number""]","[{""key"": ""vault_address"", ""type"": ""address"", ""label"": ""Vault Address"", ""default"": null, ""required"": true}, {""key"": ""contract_address"", ""type"": ""address"", ""label"": ""Contract Address"", ""default"": null, ""required"": true}]"
defi.vault_tvl_calculator,defi,vault,vault_tvl_calculator,Vault TVL Time Series,Deposit/Withdraw Net,Calculates TVL from deposit/withdraw events with cumulative sum.,generic,"[""week:date"",""tvl:number"",""inflows:number"",""outflows:number""]","[{""key"": ""contract_address"", ""type"": ""address"", ""label"": ""Contract Address"", ""default"": null, ""required"": true}, {""key"": ""lookback_days"", ""type"": ""number"", ""label"": ""Lookback Days"", ""default"": ""30"", ""required"": false}]"
defi.vault_tvl_tracker,defi,lp,vault_tvl_tracker,Vault TVL by deposits,ERC20 transfers,Computes vault TVL by matching LP mints with asset deposits in same tx.,generic,"[""time:date"",""deposited:number"",""withdrawn:number"",""tvl:number""]","[{""key"": ""lp_address"", ""type"": ""address"", ""label"": ""LP Token Address"", ""default"": null, ""required"": true}, {""key"": ""asset_address"", ""type"": ""address"", ""label"": ""Asset Token Address"", ""default"": null, ""required"": true}]"
defi.version_user_overlap,defi,dex,version_user_overlap,Version user segments,Dune dex.trades,Segments users by exclusive or overlapping usage across DEX versions.,protocol:uniswap,"[""segment:string"",""users:number""]","[{""key"": ""protocol"", ""type"": ""text"", ""label"": ""Protocol"", ""default"": ""uniswap"", ""required"": true}, {""key"": ""versions"", ""type"": ""text"", ""label"": ""Versions"", ""default"": ""v2,v3"", ""required"": false}]"
defi.vertex_trader_volume_classifier,defi,perp,vertex_trader_volume_classifier,Trader volume tiers,Vertex fills arb,Classifies traders by volume with maker/taker breakdown.,protocol:Vertex,"[""trader:string"",""total_volume:number"",""maker_volume:number"",""taker_volume:number"",""classification:string""]","[{""key"": ""min_usd"", ""type"": ""number"", ""label"": ""Min USD"", ""default"": ""10000"", ""required"": false}]"
defi.volume_cohort_retention,defi,dex,volume_cohort_retention,Retention by Volume,DEX trades table,Computes retention rates by user volume cohorts.,generic,"[""cohort_week:number"",""retention_rate:number"",""volume_tier:string""]","[{""key"": ""chain"", ""type"": ""chain"", ""label"": ""Chain"", ""default"": null, ""required"": true, ""options"": [{""label"": ""Ethereum"", ""value"": ""ethereum""}, {""label"": ""Base"", ""value"": ""base""}, {""label"": ""Optimism"", ""value"": ""optimism""}, {""label"": ""Arbitrum"", ""value"": ""arbitrum""}, {""label"": ""Polygon"", ""value"": ""polygon""}, {""label"": ""BSC"", ""value"": ""bsc""}, {""label"": ""Avalanche"", ""value"": ""avalanche""}, {""label"": ""Celo"", ""value"": ""celo""}]}, {""key"": ""protocol"", ""type"": ""text"", ""label"": ""Protocol"", ""default"": null, ""required"": true}, {""key"": ""lookback_days"", ""type"": ""number"", ""label"": ""Lookback Days"", ""default"": ""365"", ""required"": true}]"
defi.volume_growth_calculator,defi,dex,volume_growth_calculator,Trailing Growth Rate,Cohort volume percentage change,Computes week-over-week volume growth using lagging sums.,generic,"[""week:date"", ""growth:number""]","[{""key"": ""lookback_days"", ""type"": ""number"", ""label"": ""Lookback Days"", ""default"": ""14"", ""required"": true}, {""key"": ""token_symbol"", ""type"": ""text"", ""label"": ""Token Symbol"", ""default"": null, ""required"": true}]"
defi.volume_price_correlation,defi,dex,volume_price_correlation,Volume-Price Corr,Sushiswap dex.trades,Correlates daily volume with token price.,protocol:sushiswap,"[""correlation:number"",""trend:string""]","[{""key"": ""protocol"", ""type"": ""text"", ""label"": ""Protocol"", ""default"": ""sushiswap"", ""required"": true}, {""key"": ""chain"", ""type"": ""chain"", ""label"": ""Chain"", ""default"": ""ethereum"", ""required"": true, ""options"": [{""label"": ""Ethereum"", ""value"": ""ethereum""}, {""label"": ""Base"", ""value"": ""base""}, {""label"": ""Optimism"", ""value"": ""optimism""}, {""label"": ""Arbitrum"", ""value"": ""arbitrum""}, {""label"": ""Polygon"", ""value"": ""polygon""}, {""label"": ""BSC"", ""value"": ""bsc""}, {""label"": ""Avalanche"", ""value"": ""avalanche""}, {""label"": ""Celo"", ""value"": ""celo""}]}, {""key"": ""date_from"", ""type"": ""date"", ""label"": ""Start Date"", ""default"": null, ""required"": false}]"
defi.volume_spike_detector,defi,dex,volume_spike_detector,4H Volume Changes,Current vs prior period,Detects tokens with largest volume changes between consecutive 4H periods.,protocol:pumpdotfun,"[""token:string"",""current_volume:number"",""prev_volume:number"",""pct_change:number""]","[{""key"": ""protocol"", ""type"": ""text"", ""label"": ""Protocol"", ""default"": ""pumpdotfun"", ""required"": false}]"
defi.volume_trader_segmentation,defi,wallet,volume_trader_segmentation,Volume Tier Classification,Dune dex_solana.trades,"Segments traders into volume tiers like whale, retail, micro.",protocol:solfi,"[""trader_id:string"",""trade_count:number"",""total_volume:number"",""tier:string""]","[{""key"": ""lookback_days"", ""type"": ""number"", ""label"": ""Lookback Days"", ""default"": ""30"", ""required"": false}]"
defi.voter_activity_cohort,defi,governance,voter_activity_cohort,vote count tiers,compound governance logs,Classifies voters by vote count tiers.,generic,"[""address:string"",""vote_count:number"",""category:string""]","[{""key"": ""date_from"", ""type"": ""date"", ""label"": ""Start Date"", ""default"": null, ""required"": true}]"
defi.wallet_activity_distribution,defi,wallet,wallet_activity_distribution,Wallets by swaps,Dune dex.trades,Distributes wallets by swap count buckets with volume shares.,generic,"[""swaps:string"",""wallets:number"",""percent_of_all_wallets:number"",""percent_of_all_volume:number""]","[{""key"": ""metric"", ""type"": ""text"", ""label"": ""Metric"", ""default"": ""wallets"", ""required"": true}]"
defi.wallet_activity_gaps,defi,wallet,wallet_activity_gaps,Inactivity Periods,Dune dex_solana.trades,Detects prolonged inactivity gaps in wallet trading activity.,generic,"[""wallet:string"",""max_silence:number"",""start_again:string""]","[{""key"": ""date_from"", ""type"": ""date"", ""label"": ""Start Date"", ""default"": null, ""required"": true}, {""key"": ""threshold_days"", ""type"": ""number"", ""label"": ""Min Gap Days"", ""default"": ""3"", ""required"": false}]"
defi.wallet_behavior_classifier,defi,wallet,wallet_behavior_classifier,User Activity Classification,Dune dex.trades,"Classifies wallets by swap count, volume, and diversity into user tiers.",generic,"[""user_address:string"",""classification:string"",""total_swaps:number"",""total_volume:number"",""bot_score:number""]","[{""key"": ""chain"", ""type"": ""chain"", ""label"": ""Chain"", ""default"": null, ""required"": true, ""options"": [{""label"": ""Ethereum"", ""value"": ""ethereum""}, {""label"": ""Base"", ""value"": ""base""}, {""label"": ""Optimism"", ""value"": ""optimism""}, {""label"": ""Arbitrum"", ""value"": ""arbitrum""}, {""label"": ""Polygon"", ""value"": ""polygon""}, {""label"": ""BSC"", ""value"": ""bsc""}, {""label"": ""Avalanche"", ""value"": ""avalanche""}, {""label"": ""Celo"", ""value"": ""celo""}]}, {""key"": ""date_from"", ""type"": ""date"", ""label"": ""Start Date"", ""default"": null, ""required"": true}]"
defi.wallet_bot_classifier,defi,wallet,wallet_bot_classifier,Bot vs User Score,Multi-DEX wallet metrics,"Scores wallets as bots by tx frequency, volume, avg trade over time.",generic,"[""wallet:string"",""total_txs:number"",""total_volume:number"",""avg_trade:number"",""relative_share:number""]","[{""key"": ""lookback_days"", ""type"": ""number"", ""label"": ""Lookback Days"", ""default"": ""90"", ""required"": false}]"
defi.wallet_dex_behavior_profile,defi,wallet,wallet_dex_behavior_profile,Wallet Trading Metrics,Dune dex.trades,"Computes lifetime metrics like activity span, volume, and trade frequency.",generic,"[""first_tx:string"",""last_tx:string"",""days_active:number"",""total_volume:number"",""avg_trade_size:number"",""trade_count:number""]","[{""key"": ""wallet_address"", ""type"": ""address"", ""label"": ""Wallet Address"", ""default"": null, ""required"": true}, {""key"": ""chain"", ""type"": ""chain"", ""label"": ""Chain"", ""default"": ""ethereum"", ""required"": true, ""options"": [{""label"": ""Ethereum"", ""value"": ""ethereum""}, {""label"": ""Base"", ""value"": ""base""}, {""label"": ""Optimism"", ""value"": ""optimism""}, {""label"": ""Arbitrum"", ""value"": ""arbitrum""}, {""label"": ""Polygon"", ""value"": ""polygon""}, {""label"": ""BSC"", ""value"": ""bsc""}, {""label"": ""Avalanche"", ""value"": ""avalanche""}, {""label"": ""Celo"", ""value"": ""celo""}]}, {""key"": ""date_from"", ""type"": ""date"", ""label"": ""Start Date"", ""default"": null, ""required"": false}]"
defi.wallet_dex_net_pnl,defi,wallet,wallet_dex_net_pnl,Wallet Net PnL USD,Dune dex.trades,Calculates net profit/loss in USD from DEX trades for wallet.,generic,"[""day:date"", ""net_pnl_usd:number""]","[{""key"": ""wallet_address"", ""type"": ""address"", ""label"": ""Wallet Address"", ""default"": null, ""required"": true}, {""key"": ""date_from"", ""type"": ""date"", ""label"": ""Start Date"", ""default"": null, ""required"": true}, {""key"": ""chain"", ""type"": ""chain"", ""label"": ""Chain"", ""default"": ""ethereum"", ""required"": false, ""options"": [{""label"": ""Ethereum"", ""value"": ""ethereum""}, {""label"": ""Base"", ""value"": ""base""}, {""label"": ""Optimism"", ""value"": ""optimism""}, {""label"": ""Arbitrum"", ""value"": ""arbitrum""}, {""label"": ""Polygon"", ""value"": ""polygon""}, {""label"": ""BSC"", ""value"": ""bsc""}, {""label"": ""Avalanche"", ""value"": ""avalanche""}, {""label"": ""Celo"", ""value"": ""celo""}]}]"
defi.wallet_first_token_buys,defi,wallet,wallet_first_token_buys,First Buys Per Token,Dune dex.trades,Identifies first buy time and details for each token by wallet.,generic,"[""token_symbol:string"", ""first_buy_time:timestamp"", ""tokens_bought:number""]","[{""key"": ""lookback_days"", ""type"": ""number"", ""label"": ""Lookback Days"", ""default"": ""30"", ""required"": false}]"
defi.wallet_lifespan_classifier,defi,wallet,wallet_lifespan_classifier,Wallet Lifespan Distribution,dex.trades analysis,Classifies trader wallets by activity lifespan.,generic,"[""wallet_type:string"",""number_of_wallets:number""]","[{""key"": ""token_pair"", ""type"": ""text"", ""label"": ""Token Pair"", ""default"": null, ""required"": true}]"
defi.wallet_net_accumulation,defi,wallet,wallet_net_accumulation,Net position,Buys sells join,Calculates net token accumulation per wallet.,generic,"[""net_position:number"",""buy_volume:number"",""sell_volume:number""]","[{""key"": ""contract_address"", ""type"": ""address"", ""label"": ""Contract Address"", ""default"": null, ""required"": true}, {""key"": ""chain"", ""type"": ""chain"", ""label"": ""Chain"", ""default"": ""ethereum"", ""required"": true, ""options"": [{""label"": ""Ethereum"", ""value"": ""ethereum""}, {""label"": ""Base"", ""value"": ""base""}, {""label"": ""Optimism"", ""value"": ""optimism""}, {""label"": ""Arbitrum"", ""value"": ""arbitrum""}, {""label"": ""Polygon"", ""value"": ""polygon""}, {""label"": ""BSC"", ""value"": ""bsc""}, {""label"": ""Avalanche"", ""value"": ""avalanche""}, {""label"": ""Celo"", ""value"": ""celo""}]}, {""key"": ""lookback_days"", ""type"": ""number"", ""label"": ""Lookback Days"", ""default"": ""30"", ""required"": true}]"
defi.wallet_pnl,defi,wallet,wallet_pnl,Realized PnL,dex.trades bought/sold CTEs,Computes wallet PnL from buy/sell token trades.,generic,"[""token_addr:string"",""total_eth_spent:number"",""total_eth_received:number"",""pnl:number""]","[{""key"": ""wallet_address"", ""type"": ""address"", ""label"": ""Wallet Address"", ""default"": null, ""required"": true}, {""key"": ""base_token"", ""type"": ""address"", ""label"": ""Base Token"", ""default"": ""WETH"", ""required"": true}]"
defi.wallet_pnl_fifo,defi,wallet,wallet_pnl_fifo,FIFO PnL Calculator,dex_solana.trades,Computes wallet PnL using FIFO lot matching.,generic,"[""wallet:string"",""pnl_usd:number"",""roi:number"",""hold_days:number""]","[{""key"": ""lookback_days"", ""type"": ""number"", ""label"": ""Lookback Days"", ""default"": ""30"", ""required"": false}]"
defi.wallet_rfm_segments,defi,wallet,wallet_rfm_segments,RFM Trader Segments,Dune dex.trades,"Segments traders by recency, frequency, monetary value.",generic,"[""trader:string"",""recency:number"",""frequency:number"",""monetary:number"",""segment:string""]","[{""key"": ""protocol"", ""type"": ""text"", ""label"": ""Protocol"", ""default"": null, ""required"": true}, {""key"": ""lookback_days"", ""type"": ""number"", ""label"": ""Lookback Days"", ""default"": ""365"", ""required"": true}, {""key"": ""chain"", ""type"": ""chain"", ""label"": ""Chain"", ""default"": ""ethereum"", ""required"": true, ""options"": [{""label"": ""Ethereum"", ""value"": ""ethereum""}, {""label"": ""Base"", ""value"": ""base""}, {""label"": ""Optimism"", ""value"": ""optimism""}, {""label"": ""Arbitrum"", ""value"": ""arbitrum""}, {""label"": ""Polygon"", ""value"": ""polygon""}, {""label"": ""BSC"", ""value"": ""bsc""}, {""label"": ""Avalanche"", ""value"": ""avalanche""}, {""label"": ""Celo"", ""value"": ""celo""}]}]"
defi.wallet_roi_classifier,defi,wallet,wallet_roi_classifier,Wallet Profitability Metrics,Dune dex_solana.trades,"Classifies wallets by ROI, trade count, and recent activity.",generic,"[""wallet:string"",""trade_count:number"",""avg_roi:number"",""new_coins_traded:number""]","[{""key"": ""lookback_months"", ""type"": ""number"", ""label"": ""Lookback Months"", ""default"": ""1"", ""required"": false}]"
defi.wallet_tier_classifier,defi,wallet,wallet_tier_classifier,Activity tiers,dex_solana.trades,"Classifies DEX wallets by volume tiers, activity patterns, lifespan.",protocol:pumpdotfun,"[""wallet:string"",""tier:string"",""total_volume_usd:number"",""bot_score:number"",""lifespan_days:number""]","[{""key"": ""lookback_days"", ""type"": ""number"", ""label"": ""Lookback Days"", ""default"": ""30"", ""required"": true}, {""key"": ""chain"", ""type"": ""chain"", ""label"": ""Chain"", ""default"": ""solana"", ""required"": true, ""options"": [{""label"": ""Ethereum"", ""value"": ""ethereum""}, {""label"": ""Base"", ""value"": ""base""}, {""label"": ""Optimism"", ""value"": ""optimism""}, {""label"": ""Arbitrum"", ""value"": ""arbitrum""}, {""label"": ""Polygon"", ""value"": ""polygon""}, {""label"": ""BSC"", ""value"": ""bsc""}, {""label"": ""Avalanche"", ""value"": ""avalanche""}, {""label"": ""Celo"", ""value"": ""celo""}]}]"
defi.wallet_tier_distribution,defi,wallet,wallet_tier_distribution,Volume Tiers,Dune dex.trades,Buckets wallets into volume tiers and counts distribution.,generic,"[""tier:string"",""wallet_count:number"",""total_volume:number""]","[{""key"": ""chain"", ""type"": ""chain"", ""label"": ""Chain"", ""default"": null, ""required"": true, ""options"": [{""label"": ""Ethereum"", ""value"": ""ethereum""}, {""label"": ""Base"", ""value"": ""base""}, {""label"": ""Optimism"", ""value"": ""optimism""}, {""label"": ""Arbitrum"", ""value"": ""arbitrum""}, {""label"": ""Polygon"", ""value"": ""polygon""}, {""label"": ""BSC"", ""value"": ""bsc""}, {""label"": ""Avalanche"", ""value"": ""avalanche""}, {""label"": ""Celo"", ""value"": ""celo""}]}, {""key"": ""protocol"", ""type"": ""text"", ""label"": ""Protocol"", ""default"": null, ""required"": false}, {""key"": ""interval"", ""type"": ""select"", ""label"": ""Interval"", ""default"": ""week"", ""options"": [{""label"": ""Minute"", ""value"": ""minute""}, {""label"": ""Hour"", ""value"": ""hour""}, {""label"": ""Day"", ""value"": ""day""}, {""label"": ""Week"", ""value"": ""week""}, {""label"": ""Month"", ""value"": ""month""}], ""required"": true}, {""key"": ""lookback_days"", ""type"": ""number"", ""label"": ""Lookback Days"", ""default"": ""30"", ""required"": true}]"
defi.wallet_token_net_flow,defi,wallet,wallet_token_net_flow,Net Buy/Sell Volumes,Solana DEX Trades,Computes net token bought/sold amounts and USD volumes per wallet.,generic,"[""trader_id:string"",""buy_tokens:number"",""buy_usd:number"",""sell_tokens:number"",""sell_usd:number"",""net_tokens:number""]","[{""key"": ""contract_address"", ""type"": ""address"", ""label"": ""Contract Address"", ""default"": null, ""required"": true}, {""key"": ""wallet_address"", ""type"": ""address"", ""label"": ""Wallet Address"", ""default"": null, ""required"": false}, {""key"": ""date_from"", ""type"": ""date"", ""label"": ""Start Date"", ""default"": ""\""NOW() - INTERVAL '30' DAY\"""", ""required"": false}]"
defi.wallet_token_pnl,defi,wallet,wallet_token_pnl,Wallet Token PnL,Dune dex.trades,Calculates profit/loss for wallet trading specific token.,generic,"[""wallet:string"",""net_pnl:number"",""trades:number""]","[{""key"": ""chain"", ""type"": ""chain"", ""label"": ""Chain"", ""default"": ""ethereum"", ""required"": true, ""options"": [{""label"": ""Ethereum"", ""value"": ""ethereum""}, {""label"": ""Base"", ""value"": ""base""}, {""label"": ""Optimism"", ""value"": ""optimism""}, {""label"": ""Arbitrum"", ""value"": ""arbitrum""}, {""label"": ""Polygon"", ""value"": ""polygon""}, {""label"": ""BSC"", ""value"": ""bsc""}, {""label"": ""Avalanche"", ""value"": ""avalanche""}, {""label"": ""Celo"", ""value"": ""celo""}]}, {""key"": ""wallet_address"", ""type"": ""address"", ""label"": ""Wallet Address"", ""default"": null, ""required"": true}, {""key"": ""contract_address"", ""type"": ""address"", ""label"": ""Contract Address"", ""default"": null, ""required"": true}]"
defi.wallet_trade_quantiles,defi,wallet,wallet_trade_quantiles,Activity Distribution,Dune dex.trades NTILE,Distributes wallets by trade count quantiles.,generic,"[""quantile:number"",""wallet_count:number"",""min_trades:number"",""max_trades:number""]","[{""key"": ""chain"", ""type"": ""chain"", ""label"": ""Chain"", ""default"": ""ethereum"", ""required"": true, ""options"": [{""label"": ""Ethereum"", ""value"": ""ethereum""}, {""label"": ""Base"", ""value"": ""base""}, {""label"": ""Optimism"", ""value"": ""optimism""}, {""label"": ""Arbitrum"", ""value"": ""arbitrum""}, {""label"": ""Polygon"", ""value"": ""polygon""}, {""label"": ""BSC"", ""value"": ""bsc""}, {""label"": ""Avalanche"", ""value"": ""avalanche""}, {""label"": ""Celo"", ""value"": ""celo""}]}, {""key"": ""quantiles"", ""type"": ""number"", ""label"": ""Quantiles"", ""default"": ""10"", ""required"": false}]"
defi.wallet_transaction_cohorts,defi,wallet,wallet_transaction_cohorts,Transaction Buckets,Uniswap V3 users,Buckets wallets by transaction frequency.,protocol:Uniswap,"[""cohort:string"",""wallet_count:number"",""transaction_count:number""]","[{""key"": ""version"", ""type"": ""text"", ""label"": ""Version"", ""default"": ""v3"", ""required"": false}, {""key"": ""lookback_days"", ""type"": ""number"", ""label"": ""Lookback Days"", ""default"": ""365"", ""required"": true}]"
defi.wash_trading_cabal,defi,dex,wash_trading_cabal,Suspicious Cabal Detector,dex_solana.trades pump.fun,Detects wash trading cabals by circular volume and wallet clustering.,protocol:pumpdotfun,"[""cabal_score:number"",""suspicious_wallets:number"",""circular_trades:number""]","[{""key"": ""lookback_days"", ""type"": ""number"", ""label"": ""Lookback Days"", ""default"": ""30"", ""required"": false}]"
defi.wash_trading_volume,defi,dex,wash_trading_volume,Wash Trading Volume,Dune dex.trades,Tags and sums volume from multi-swap wash transactions.,generic,"[""month:date"", ""volume:number"", ""wash_label:boolean""]","[{""key"": ""chain"", ""type"": ""chain"", ""label"": ""Chain"", ""default"": null, ""required"": true, ""options"": [{""label"": ""Ethereum"", ""value"": ""ethereum""}, {""label"": ""Base"", ""value"": ""base""}, {""label"": ""Optimism"", ""value"": ""optimism""}, {""label"": ""Arbitrum"", ""value"": ""arbitrum""}, {""label"": ""Polygon"", ""value"": ""polygon""}, {""label"": ""BSC"", ""value"": ""bsc""}, {""label"": ""Avalanche"", ""value"": ""avalanche""}, {""label"": ""Celo"", ""value"": ""celo""}]}, {""key"": ""wash_number"", ""type"": ""number"", ""label"": ""Min Swaps per TX"", ""default"": ""2"", ""required"": true}, {""key"": ""date_from"", ""type"": ""date"", ""label"": ""Start Date"", ""default"": null, ""required"": true}]"
defi.weekly_new_depositors,defi,staking,weekly_new_depositors,New Depositors,RocketPool cohort,Counts weekly new and returning depositors to staking pool.,generic,"[""week:date"",""first_week_users:number"",""total_users:number""]","[{""key"": ""pool_address"", ""type"": ""address"", ""label"": ""Pool Address"", ""default"": null, ""required"": true}]"
defi.weekly_returning_traders,defi,dex,weekly_returning_traders,Returning Trader Cohort,dex_solana.trades,Identifies new vs returning traders weekly per project for token trades.,protocol:pumpdotfun,"[""week:date"", ""project:string"", ""new_traders:number"", ""returning_traders:number""]","[{""key"": ""contract_address"", ""type"": ""address"", ""label"": ""Contract Address"", ""default"": null, ""required"": true}]"
defi.whale_coordination_detector,defi,wallet,whale_coordination_detector,Whale Clustering,Dune dex_solana.trades,Detects coordinated large trades by whales in time buckets.,generic,"[""wallet:string"",""coordination_score:number"",""clustered_trades:number"",""hour_bucket:string""]","[{""key"": ""token_mint"", ""type"": ""address"", ""label"": ""Token Address"", ""default"": null, ""required"": true}, {""key"": ""min_usd"", ""type"": ""number"", ""label"": ""Min USD"", ""default"": ""5000"", ""required"": false}, {""key"": ""lookback_days"", ""type"": ""number"", ""label"": ""Lookback Days"", ""default"": ""14"", ""required"": true}]"
defi.whale_cross_dex_flow,defi,whale,whale_cross_dex_flow,Whale Cross-DEX Volume,Dune dex.trades,Tracks volume on secondary DEX by whales from primary DEX (90% volume threshold).,protocol:curve,"[""whale_address:string"",""secondary_volume:number"",""dex:string""]","[{""key"": ""primary_protocol"", ""type"": ""text"", ""label"": ""Primary DEX"", ""default"": ""curve"", ""required"": true}, {""key"": ""secondary_protocol"", ""type"": ""text"", ""label"": ""Secondary DEX"", ""default"": ""uniswap"", ""required"": false}, {""key"": ""date_range"", ""type"": ""date_range"", ""label"": ""Date Range"", ""default"": {""to"": """", ""from"": """"}, ""required"": true}]"
defi.whale_first_activity_cohort,defi,holders,whale_first_activity_cohort,Whale Onboarding Periods,Dune dex.trades,Identifies top volume whales and their first trade week.,protocol:curve,"[""whale_address:string"", ""first_trade_week:date"", ""volume_share:number""]","[{""key"": ""protocol"", ""type"": ""text"", ""label"": ""Protocol"", ""default"": ""curve"", ""required"": true}, {""key"": ""percentile"", ""type"": ""number"", ""label"": ""Whale Threshold"", ""default"": ""90"", ""required"": false}, {""key"": ""date_range"", ""type"": ""date_range"", ""label"": ""Date Range"", ""default"": {""to"": """", ""from"": """"}, ""required"": true}]"
defi.whale_hourly_activity,defi,wallet,whale_hourly_activity,High-Vol Trader Patterns,Dune dex.trades,Breaks down hourly activity for high-volume traders.,generic,"[""hour_of_day:number"",""trade_count:number"",""total_volume_usd:number""]","[{""key"": ""min_usd"", ""type"": ""number"", ""label"": ""Min USD"", ""default"": ""2000"", ""required"": false}, {""key"": ""lookback_days"", ""type"": ""number"", ""label"": ""Lookback Days"", ""default"": ""90"", ""required"": false}]"
defi.whale_large_trade_detector,defi,dex,whale_large_trade_detector,Whale Trade Alerts,dex_solana.trades,Identifies whale trades exceeding USD thresholds with hourly bucketing.,generic,"[""hour:timestamp"",""trader_id:string"",""amount_usd:number"",""token_bought:string""]","[{""key"": ""threshold_usd"", ""type"": ""number"", ""label"": ""Min USD Threshold"", ""default"": ""100000"", ""required"": true}, {""key"": ""date_from"", ""type"": ""date"", ""label"": ""Start Date"", ""default"": null, ""required"": true}]"
defi.whale_project_preference,defi,whale,whale_project_preference,Top Whale DEX Usage,Dune dex.trades,Analyzes top whales' swap distribution across DEX projects.,generic,"[""whale_address:string"",""project:string"",""swap_share:number"",""whale_count:number""]","[{""key"": ""date_from"", ""type"": ""date"", ""label"": ""Start Date"", ""default"": ""2021-12-01"", ""required"": true}, {""key"": ""top_n"", ""type"": ""number"", ""label"": ""Top N"", ""default"": ""1000"", ""required"": false}, {""key"": ""min_usd"", ""type"": ""number"", ""label"": ""Min USD"", ""default"": ""10000"", ""required"": false}]"
defi.whale_relative_trade_sizes,defi,dex,whale_relative_trade_sizes,Whale Trade Multiples,DEX trades avg ratio,Detects whale trades exceeding average size.,generic,"[""block_time:timestamp"", ""tx_hash:string"", ""token_bought_symbol:string"", ""transaction_value_usd:number"", ""times_avg_tx_size:number""]","[{""key"": ""token_symbol"", ""type"": ""text"", ""label"": ""Token Symbol"", ""default"": null, ""required"": true}, {""key"": ""date_from"", ""type"": ""date"", ""label"": ""Start Date"", ""default"": null, ""required"": false}]"
defi.whale_swap_patterns,defi,wallet,whale_swap_patterns,Whale Common Swaps,Dune query 3853301,Identifies frequent token swap pairs among whale depositors/traders.,generic,"[""token_pair:string"",""swap_count:number""]","[{""key"": ""min_usd"", ""type"": ""number"", ""label"": ""Min USD"", ""default"": ""1000"", ""required"": true}, {""key"": ""lookback_days"", ""type"": ""number"", ""label"": ""Lookback Days"", ""default"": ""60"", ""required"": true}, {""key"": ""protocol"", ""type"": ""text"", ""label"": ""Protocol"", ""default"": null, ""required"": false}]"
defi.whale_trade_performance,defi,dex,whale_trade_performance,Whale Trade Metrics,Dune dex.trades,Analyzes large whale trades with performance scoring over time.,generic,"[""wallet_address:string"",""total_volume:number"",""avg_trade:number"",""performance_score:number""]","[{""key"": ""min_usd"", ""type"": ""number"", ""label"": ""Min USD"", ""default"": ""100000"", ""required"": true}, {""key"": ""lookback_days"", ""type"": ""number"", ""label"": ""Lookback Days"", ""default"": ""30"", ""required"": true}]"
defi.whale_trader_distribution,defi,dex,whale_trader_distribution,Whale Trader Counts,Dune dex.trades,Counts whale traders (high-volume) per DEX project.,generic,"[""project:string"",""whale_count:number"",""total_trader_count:number""]","[{""key"": ""min_usd"", ""type"": ""number"", ""label"": ""Min USD"", ""default"": ""100000"", ""required"": false}, {""key"": ""lookback_days"", ""type"": ""number"", ""label"": ""Lookback Days"", ""default"": ""180"", ""required"": false}, {""key"": ""chain"", ""type"": ""chain"", ""label"": ""Chain"", ""default"": ""ethereum"", ""required"": false, ""options"": [{""label"": ""Ethereum"", ""value"": ""ethereum""}, {""label"": ""Base"", ""value"": ""base""}, {""label"": ""Optimism"", ""value"": ""optimism""}, {""label"": ""Arbitrum"", ""value"": ""arbitrum""}, {""label"": ""Polygon"", ""value"": ""polygon""}, {""label"": ""BSC"", ""value"": ""bsc""}, {""label"": ""Avalanche"", ""value"": ""avalanche""}, {""label"": ""Celo"", ""value"": ""celo""}]}]"
defi.whale_trader_leaderboard,defi,dex,whale_trader_leaderboard,Top Whale Traders,Avg trade threshold,Ranks top traders (whales) by average trade size exceeding threshold.,generic,"[""trader:string"",""avg_trade:number"",""total_volume:number""]","[{""key"": ""chain"", ""type"": ""chain"", ""label"": ""Chain"", ""default"": null, ""required"": true, ""options"": [{""label"": ""Ethereum"", ""value"": ""ethereum""}, {""label"": ""Base"", ""value"": ""base""}, {""label"": ""Optimism"", ""value"": ""optimism""}, {""label"": ""Arbitrum"", ""value"": ""arbitrum""}, {""label"": ""Polygon"", ""value"": ""polygon""}, {""label"": ""BSC"", ""value"": ""bsc""}, {""label"": ""Avalanche"", ""value"": ""avalanche""}, {""label"": ""Celo"", ""value"": ""celo""}]}, {""key"": ""threshold_usd"", ""type"": ""number"", ""label"": ""Min USD Threshold"", ""default"": ""5000"", ""required"": false}, {""key"": ""lookback_days"", ""type"": ""number"", ""label"": ""Lookback Days"", ""default"": ""30"", ""required"": false}]"
defi.whale_trading_pairs,defi,dex,whale_trading_pairs,Whale Top Pairs,Dune dex.trades,Identifies whales by cumulative volume threshold then ranks their top traded pairs.,generic,"[""token_pair:string"",""trade_count:number"",""total_volume:number""]","[{""key"": ""lookback_days"", ""type"": ""number"", ""label"": ""Lookback Days"", ""default"": ""30"", ""required"": true}, {""key"": ""threshold_usd"", ""type"": ""number"", ""label"": ""Min USD Threshold"", ""default"": ""1000000"", ""required"": true}]"
defi.whale_volume_classifier,defi,wallet,whale_volume_classifier,Whale Percentile Ranks,High-value trade filter,Classifies whales by trade volume percentiles.,generic,"[""trader:string"",""total_bought:number"",""whale_rank:string"",""percentile:number""]","[{""key"": ""chain"", ""type"": ""chain"", ""label"": ""Chain"", ""default"": ""ethereum"", ""required"": true, ""options"": [{""label"": ""Ethereum"", ""value"": ""ethereum""}, {""label"": ""Base"", ""value"": ""base""}, {""label"": ""Optimism"", ""value"": ""optimism""}, {""label"": ""Arbitrum"", ""value"": ""arbitrum""}, {""label"": ""Polygon"", ""value"": ""polygon""}, {""label"": ""BSC"", ""value"": ""bsc""}, {""label"": ""Avalanche"", ""value"": ""avalanche""}, {""label"": ""Celo"", ""value"": ""celo""}]}, {""key"": ""min_usd"", ""type"": ""number"", ""label"": ""Min USD"", ""default"": ""5000"", ""required"": true}, {""key"": ""date_range"", ""type"": ""date_range"", ""label"": ""Date Range"", ""default"": {""to"": """", ""from"": """"}, ""required"": false}]"
defi.whale_volume_contributors,defi,dex,whale_volume_contributors,Top Volume Whales,Cumulative 90% volume traders,Identifies whales contributing 90% of protocol volume.,generic,"[""whale_address:string"",""volume_usd:number"",""volume_pct:number""]","[{""key"": ""protocol"", ""type"": ""text"", ""label"": ""Protocol"", ""default"": null, ""required"": true}, {""key"": ""chain"", ""type"": ""chain"", ""label"": ""Chain"", ""default"": null, ""required"": true, ""options"": [{""label"": ""Ethereum"", ""value"": ""ethereum""}, {""label"": ""Base"", ""value"": ""base""}, {""label"": ""Optimism"", ""value"": ""optimism""}, {""label"": ""Arbitrum"", ""value"": ""arbitrum""}, {""label"": ""Polygon"", ""value"": ""polygon""}, {""label"": ""BSC"", ""value"": ""bsc""}, {""label"": ""Avalanche"", ""value"": ""avalanche""}, {""label"": ""Celo"", ""value"": ""celo""}]}, {""key"": ""threshold_pct"", ""type"": ""number"", ""label"": ""Volume Threshold %"", ""default"": ""90"", ""required"": false}, {""key"": ""date_range"", ""type"": ""date_range"", ""label"": ""Date Range"", ""default"": {""to"": """", ""from"": """"}, ""required"": false}]"
defi.whale_volume_impact,defi,wallet,whale_volume_impact,Hourly whale share,Dune dex.trades,Measures whale contribution to hourly volume across chains.,generic,"[""hour:timestamp"", ""whale_volume_usd:number"", ""total_volume_usd:number"", ""whale_share:number""]","[{""key"": ""chain"", ""type"": ""chain"", ""label"": ""Chain"", ""default"": null, ""required"": true, ""options"": [{""label"": ""Ethereum"", ""value"": ""ethereum""}, {""label"": ""Base"", ""value"": ""base""}, {""label"": ""Optimism"", ""value"": ""optimism""}, {""label"": ""Arbitrum"", ""value"": ""arbitrum""}, {""label"": ""Polygon"", ""value"": ""polygon""}, {""label"": ""BSC"", ""value"": ""bsc""}, {""label"": ""Avalanche"", ""value"": ""avalanche""}, {""label"": ""Celo"", ""value"": ""celo""}]}, {""key"": ""threshold_usd"", ""type"": ""number"", ""label"": ""Min USD Threshold"", ""default"": ""5000000"", ""required"": false}, {""key"": ""lookback_days"", ""type"": ""number"", ""label"": ""Lookback Days"", ""default"": ""1"", ""required"": false}]"
defi.whale_volume_share,defi,dex,whale_volume_share,Whale vs Retail Share,Dune dex.trades,Computes daily whale volume share vs retail.,generic,"[""day:date"", ""size:string"", ""share:number""]","[{""key"": ""chain"", ""type"": ""chain"", ""label"": ""Chain"", ""default"": null, ""required"": true, ""options"": [{""label"": ""Ethereum"", ""value"": ""ethereum""}, {""label"": ""Base"", ""value"": ""base""}, {""label"": ""Optimism"", ""value"": ""optimism""}, {""label"": ""Arbitrum"", ""value"": ""arbitrum""}, {""label"": ""Polygon"", ""value"": ""polygon""}, {""label"": ""BSC"", ""value"": ""bsc""}, {""label"": ""Avalanche"", ""value"": ""avalanche""}, {""label"": ""Celo"", ""value"": ""celo""}]}, {""key"": ""date_from"", ""type"": ""date"", ""label"": ""Start Date"", ""default"": null, ""required"": true}, {""key"": ""threshold_usd"", ""type"": ""number"", ""label"": ""Min USD Threshold"", ""default"": ""100000"", ""required"": true}]"
defi.withdrawal_size_distribution,defi,holders,withdrawal_size_distribution,Withdrawal Buckets,Ether.fi withdrawal logs,Buckets user withdrawals by ETH size ranges.,protocol:ether.fi,"[""bucket:string"",""count:number"",""total_eth:number""]","[{""key"": ""min_eth"", ""type"": ""number"", ""label"": ""\""Min ETH\"""", ""default"": ""0"", ""required"": false}]"
defi.yearn_v2_vault_reports,defi,vault,yearn_v2_vault_reports,Vault Performance,Yearn V2 Logs,"Computes vault gains, durations with token-adjusted decimals.",protocol:yearn,"[""contract_address:string"",""strategy_address:string"",""token_decimals:number"",""min_duration:string"",""max_duration:string"",""gain:number""]","[{""key"": ""date_from"", ""type"": ""date"", ""label"": ""Start Date"", ""default"": null, ""required"": false}]"
defi.yield_farming,defi,yield,yield_farming,Yield farming rewards,Yield farming reward emissions,Reward token emissions and APY history for a yield farming pool.,generic,[],"[{""key"": ""chain"", ""type"": ""chain"", ""label"": ""Chain"", ""default"": ""ethereum"", ""options"": [{""label"": ""Ethereum"", ""value"": ""ethereum""}, {""label"": ""Base"", ""value"": ""base""}, {""label"": ""Optimism"", ""value"": ""optimism""}, {""label"": ""Arbitrum"", ""value"": ""arbitrum""}, {""label"": ""Polygon"", ""value"": ""polygon""}, {""label"": ""BSC"", ""value"": ""bsc""}, {""label"": ""Avalanche"", ""value"": ""avalanche""}, {""label"": ""Celo"", ""value"": ""celo""}], ""required"": true}, {""key"": ""pool_address"", ""type"": ""address"", ""label"": ""Pool / farm address"", ""required"": true, ""placeholder"": ""0x...""}, {""key"": ""days"", ""type"": ""select"", ""label"": ""Time range"", ""default"": ""90"", ""options"": [{""label"": ""Last 7 days"", ""value"": ""7""}, {""label"": ""Last 30 days"", ""value"": ""30""}, {""label"": ""Last 90 days"", ""value"": ""90""}, {""label"": ""Last 180 days"", ""value"": ""180""}, {""label"": ""Last year"", ""value"": ""365""}, {""label"": ""All time"", ""value"": ""all""}], ""required"": true}]"
defi.ztoken_borrower_analyzer,defi,borrow,ztoken_borrower_analyzer,Borrower distribution,Z-token holders arb,Analyzes borrowers and balances from zToken transfers.,protocol:Z,"[""guild_addr:string"", ""borrower_addr:string"", ""borrow_amount:number"", ""timestamp:timestamp""]","[{""key"": ""guild_addr"", ""type"": ""address"", ""label"": ""guild address"", ""default"": null, ""required"": false}]"
forensics.address_clustering,forensics,clustering,address_clustering,Address clustering,Common-input address clustering,Groups addresses likely controlled by the same entity using common-input heuristic.,generic,[],"[{""key"": ""chain"", ""type"": ""chain"", ""label"": ""Chain"", ""default"": ""ethereum"", ""options"": [{""label"": ""Ethereum"", ""value"": ""ethereum""}, {""label"": ""Base"", ""value"": ""base""}, {""label"": ""Optimism"", ""value"": ""optimism""}, {""label"": ""Arbitrum"", ""value"": ""arbitrum""}, {""label"": ""Polygon"", ""value"": ""polygon""}, {""label"": ""BSC"", ""value"": ""bsc""}, {""label"": ""Avalanche"", ""value"": ""avalanche""}, {""label"": ""Celo"", ""value"": ""celo""}], ""required"": true}, {""key"": ""seed_addresses"", ""type"": ""address[]"", ""label"": ""Seed addresses"", ""required"": true, ""placeholder"": ""0x...""}, {""key"": ""days"", ""type"": ""select"", ""label"": ""Look-back window"", ""default"": ""365"", ""options"": [{""label"": ""Last 7 days"", ""value"": ""7""}, {""label"": ""Last 30 days"", ""value"": ""30""}, {""label"": ""Last 90 days"", ""value"": ""90""}, {""label"": ""Last 180 days"", ""value"": ""180""}, {""label"": ""Last year"", ""value"": ""365""}, {""label"": ""All time"", ""value"": ""all""}], ""required"": true}]"
forensics.dusting_detector,forensics,dusting,dusting_detector,Dusting attack detector,Dust transfer deanonymization,Tiny token sends used to deanonymise wallets — detects dusting patterns.,generic,[],"[{""key"": ""chain"", ""type"": ""chain"", ""label"": ""Chain"", ""default"": ""ethereum"", ""options"": [{""label"": ""Ethereum"", ""value"": ""ethereum""}, {""label"": ""Base"", ""value"": ""base""}, {""label"": ""Optimism"", ""value"": ""optimism""}, {""label"": ""Arbitrum"", ""value"": ""arbitrum""}, {""label"": ""Polygon"", ""value"": ""polygon""}, {""label"": ""BSC"", ""value"": ""bsc""}, {""label"": ""Avalanche"", ""value"": ""avalanche""}, {""label"": ""Celo"", ""value"": ""celo""}], ""required"": true}, {""key"": ""wallet"", ""type"": ""address"", ""label"": ""Wallet address"", ""required"": true, ""placeholder"": ""0x...""}, {""key"": ""max_usd"", ""type"": ""select"", ""label"": ""Max dust value (USD)"", ""default"": ""0.01"", ""options"": [{""label"": ""< $0.01"", ""value"": ""0.01""}, {""label"": ""< $0.10"", ""value"": ""0.10""}, {""label"": ""< $1.00"", ""value"": ""1.00""}], ""required"": true}, {""key"": ""days"", ""type"": ""select"", ""label"": ""Time range"", ""default"": ""365"", ""options"": [{""label"": ""Last 7 days"", ""value"": ""7""}, {""label"": ""Last 30 days"", ""value"": ""30""}, {""label"": ""Last 90 days"", ""value"": ""90""}, {""label"": ""Last 180 days"", ""value"": ""180""}, {""label"": ""Last year"", ""value"": ""365""}, {""label"": ""All time"", ""value"": ""all""}], ""required"": true}]"
forensics.frontrunning,forensics,frontrunning,frontrunning,Frontrunning analysis,Same-block higher-gas detection,"Transactions that were frontrun — same token, same block, higher gas price.",generic,[],"[{""key"": ""chain"", ""type"": ""chain"", ""label"": ""Chain"", ""default"": ""ethereum"", ""options"": [{""label"": ""Ethereum"", ""value"": ""ethereum""}, {""label"": ""Base"", ""value"": ""base""}, {""label"": ""Optimism"", ""value"": ""optimism""}, {""label"": ""Arbitrum"", ""value"": ""arbitrum""}, {""label"": ""Polygon"", ""value"": ""polygon""}, {""label"": ""BSC"", ""value"": ""bsc""}, {""label"": ""Avalanche"", ""value"": ""avalanche""}, {""label"": ""Celo"", ""value"": ""celo""}], ""required"": true}, {""key"": ""wallet"", ""type"": ""address"", ""label"": ""Victim address (optional)"", ""required"": false, ""placeholder"": ""0x...""}, {""key"": ""days"", ""type"": ""select"", ""label"": ""Time range"", ""default"": ""7"", ""options"": [{""label"": ""Last 7 days"", ""value"": ""7""}, {""label"": ""Last 30 days"", ""value"": ""30""}, {""label"": ""Last 90 days"", ""value"": ""90""}, {""label"": ""Last 180 days"", ""value"": ""180""}, {""label"": ""Last year"", ""value"": ""365""}, {""label"": ""All time"", ""value"": ""all""}], ""required"": true}]"
forensics.fund_trace,forensics,tracing,fund_trace,Multi-hop fund trace,Multi-hop fund tracing,Follow ETH and token flows N hops from a target address — primary forensics primitive.,generic,[],"[{""key"": ""chain"", ""type"": ""chain"", ""label"": ""Chain"", ""default"": ""ethereum"", ""options"": [{""label"": ""Ethereum"", ""value"": ""ethereum""}, {""label"": ""Base"", ""value"": ""base""}, {""label"": ""Optimism"", ""value"": ""optimism""}, {""label"": ""Arbitrum"", ""value"": ""arbitrum""}, {""label"": ""Polygon"", ""value"": ""polygon""}, {""label"": ""BSC"", ""value"": ""bsc""}, {""label"": ""Avalanche"", ""value"": ""avalanche""}, {""label"": ""Celo"", ""value"": ""celo""}], ""required"": true}, {""key"": ""address"", ""type"": ""address"", ""label"": ""Starting address"", ""required"": true, ""placeholder"": ""0x...""}, {""key"": ""direction"", ""type"": ""select"", ""label"": ""Direction"", ""default"": ""out"", ""options"": [{""label"": ""Outflows (follow funds forward)"", ""value"": ""out""}, {""label"": ""Inflows (trace funds backward)"", ""value"": ""in""}], ""required"": true}, {""key"": ""hops"", ""type"": ""select"", ""label"": ""Hops depth"", ""default"": ""3"", ""options"": [{""label"": ""1 hop"", ""value"": ""1""}, {""label"": ""2 hops"", ""value"": ""2""}, {""label"": ""3 hops"", ""value"": ""3""}, {""label"": ""5 hops"", ""value"": ""5""}], ""required"": true}, {""key"": ""min_eth"", ""type"": ""select"", ""label"": ""Min ETH value to follow"", ""default"": ""0.01"", ""options"": [{""label"": ""Any"", ""value"": ""0""}, {""label"": ""> 0.01 ETH"", ""value"": ""0.01""}, {""label"": ""> 0.1 ETH"", ""value"": ""0.1""}, {""label"": ""> 1 ETH"", ""value"": ""1""}], ""required"": true}, {""key"": ""days"", ""type"": ""select"", ""label"": ""Look-back window"", ""default"": ""365"", ""options"": [{""label"": ""Last 7 days"", ""value"": ""7""}, {""label"": ""Last 30 days"", ""value"": ""30""}, {""label"": ""Last 90 days"", ""value"": ""90""}, {""label"": ""Last 180 days"", ""value"": ""180""}, {""label"": ""Last year"", ""value"": ""365""}, {""label"": ""All time"", ""value"": ""all""}], ""required"": true}]"
forensics.mixer_detector,forensics,mixer,mixer_detector,Mixer interaction detector,Tornado Cash mixer exposure,Detects deposits and withdrawals involving known mixer contracts (Tornado Cash etc.).,generic,[],"[{""key"": ""chain"", ""type"": ""chain"", ""label"": ""Chain"", ""default"": ""ethereum"", ""options"": [{""label"": ""Ethereum"", ""value"": ""ethereum""}, {""label"": ""Base"", ""value"": ""base""}, {""label"": ""Optimism"", ""value"": ""optimism""}, {""label"": ""Arbitrum"", ""value"": ""arbitrum""}, {""label"": ""Polygon"", ""value"": ""polygon""}, {""label"": ""BSC"", ""value"": ""bsc""}, {""label"": ""Avalanche"", ""value"": ""avalanche""}, {""label"": ""Celo"", ""value"": ""celo""}], ""required"": true}, {""key"": ""address"", ""type"": ""address"", ""label"": ""Wallet address"", ""required"": true, ""placeholder"": ""0x...""}, {""key"": ""days"", ""type"": ""select"", ""label"": ""Look-back window"", ""default"": ""365"", ""options"": [{""label"": ""Last 7 days"", ""value"": ""7""}, {""label"": ""Last 30 days"", ""value"": ""30""}, {""label"": ""Last 90 days"", ""value"": ""90""}, {""label"": ""Last 180 days"", ""value"": ""180""}, {""label"": ""Last year"", ""value"": ""365""}, {""label"": ""All time"", ""value"": ""all""}], ""required"": true}]"
forensics.peel_chain,forensics,tracing,peel_chain,Peel chain detector,Peel chain pattern detection,Identifies peel chain patterns — sequential small transfers used to obscure fund origin.,generic,[],"[{""key"": ""chain"", ""type"": ""chain"", ""label"": ""Chain"", ""default"": ""ethereum"", ""options"": [{""label"": ""Ethereum"", ""value"": ""ethereum""}, {""label"": ""Base"", ""value"": ""base""}, {""label"": ""Optimism"", ""value"": ""optimism""}, {""label"": ""Arbitrum"", ""value"": ""arbitrum""}, {""label"": ""Polygon"", ""value"": ""polygon""}, {""label"": ""BSC"", ""value"": ""bsc""}, {""label"": ""Avalanche"", ""value"": ""avalanche""}, {""label"": ""Celo"", ""value"": ""celo""}], ""required"": true}, {""key"": ""address"", ""type"": ""address"", ""label"": ""Starting address"", ""required"": true, ""placeholder"": ""0x...""}, {""key"": ""days"", ""type"": ""select"", ""label"": ""Look-back window"", ""default"": ""90"", ""options"": [{""label"": ""Last 7 days"", ""value"": ""7""}, {""label"": ""Last 30 days"", ""value"": ""30""}, {""label"": ""Last 90 days"", ""value"": ""90""}, {""label"": ""Last 180 days"", ""value"": ""180""}, {""label"": ""Last year"", ""value"": ""365""}, {""label"": ""All time"", ""value"": ""all""}], ""required"": true}]"
forensics.pig_butchering,forensics,scam,pig_butchering,Pig butchering pattern detection,Pig-butchering scam pattern,Identifies common pig-butchering scam patterns — large repeated outflows to risky addresses.,generic,[],"[{""key"": ""chain"", ""type"": ""chain"", ""label"": ""Chain"", ""default"": ""ethereum"", ""options"": [{""label"": ""Ethereum"", ""value"": ""ethereum""}, {""label"": ""Base"", ""value"": ""base""}, {""label"": ""Optimism"", ""value"": ""optimism""}, {""label"": ""Arbitrum"", ""value"": ""arbitrum""}, {""label"": ""Polygon"", ""value"": ""polygon""}, {""label"": ""BSC"", ""value"": ""bsc""}, {""label"": ""Avalanche"", ""value"": ""avalanche""}, {""label"": ""Celo"", ""value"": ""celo""}], ""required"": true}, {""key"": ""wallet"", ""type"": ""address"", ""label"": ""Wallet to investigate"", ""required"": true, ""placeholder"": ""0x...""}, {""key"": ""days"", ""type"": ""select"", ""label"": ""Look-back window"", ""default"": ""365"", ""options"": [{""label"": ""Last 7 days"", ""value"": ""7""}, {""label"": ""Last 30 days"", ""value"": ""30""}, {""label"": ""Last 90 days"", ""value"": ""90""}, {""label"": ""Last 180 days"", ""value"": ""180""}, {""label"": ""Last year"", ""value"": ""365""}, {""label"": ""All time"", ""value"": ""all""}], ""required"": true}]"
forensics.rug_pull,forensics,rugpull,rug_pull,Rug pull pattern analysis,LP removal / deployer dump signals,"Signals associated with rug pulls — LP removal spikes, deployer dumps, liquidity drain.",generic,[],"[{""key"": ""chain"", ""type"": ""chain"", ""label"": ""Chain"", ""default"": ""ethereum"", ""options"": [{""label"": ""Ethereum"", ""value"": ""ethereum""}, {""label"": ""Base"", ""value"": ""base""}, {""label"": ""Optimism"", ""value"": ""optimism""}, {""label"": ""Arbitrum"", ""value"": ""arbitrum""}, {""label"": ""Polygon"", ""value"": ""polygon""}, {""label"": ""BSC"", ""value"": ""bsc""}, {""label"": ""Avalanche"", ""value"": ""avalanche""}, {""label"": ""Celo"", ""value"": ""celo""}], ""required"": true}, {""key"": ""token_address"", ""type"": ""token_address"", ""label"": ""Token address"", ""required"": true, ""placeholder"": ""0x...""}]"
forensics.sanctions_check,forensics,sanctions,sanctions_check,OFAC / sanctions exposure check,OFAC sanctions exposure,Direct and 1-hop indirect exposure to OFAC-sanctioned addresses.,generic,[],"[{""key"": ""chain"", ""type"": ""chain"", ""label"": ""Chain"", ""default"": ""ethereum"", ""options"": [{""label"": ""Ethereum"", ""value"": ""ethereum""}, {""label"": ""Base"", ""value"": ""base""}, {""label"": ""Optimism"", ""value"": ""optimism""}, {""label"": ""Arbitrum"", ""value"": ""arbitrum""}, {""label"": ""Polygon"", ""value"": ""polygon""}, {""label"": ""BSC"", ""value"": ""bsc""}, {""label"": ""Avalanche"", ""value"": ""avalanche""}, {""label"": ""Celo"", ""value"": ""celo""}], ""required"": true}, {""key"": ""addresses"", ""type"": ""address[]"", ""label"": ""Addresses to check"", ""required"": true, ""placeholder"": ""0x...""}, {""key"": ""days"", ""type"": ""select"", ""label"": ""Look-back window"", ""default"": ""365"", ""options"": [{""label"": ""Last 7 days"", ""value"": ""7""}, {""label"": ""Last 30 days"", ""value"": ""30""}, {""label"": ""Last 90 days"", ""value"": ""90""}, {""label"": ""Last 180 days"", ""value"": ""180""}, {""label"": ""Last year"", ""value"": ""365""}, {""label"": ""All time"", ""value"": ""all""}], ""required"": true}]"
forensics.sandwich_detector,forensics,sandwich,sandwich_detector,Sandwich attack detector,Sandwich attack detection,Detects sandwich attacks targeting a wallet or across a protocol.,generic,[],"[{""key"": ""chain"", ""type"": ""chain"", ""label"": ""Chain"", ""default"": ""ethereum"", ""options"": [{""label"": ""Ethereum"", ""value"": ""ethereum""}, {""label"": ""Base"", ""value"": ""base""}, {""label"": ""Optimism"", ""value"": ""optimism""}, {""label"": ""Arbitrum"", ""value"": ""arbitrum""}, {""label"": ""Polygon"", ""value"": ""polygon""}, {""label"": ""BSC"", ""value"": ""bsc""}, {""label"": ""Avalanche"", ""value"": ""avalanche""}, {""label"": ""Celo"", ""value"": ""celo""}], ""required"": true}, {""key"": ""victim_address"", ""type"": ""address"", ""label"": ""Victim address (optional)"", ""required"": false, ""placeholder"": ""0x...""}, {""key"": ""days"", ""type"": ""select"", ""label"": ""Time range"", ""default"": ""30"", ""options"": [{""label"": ""Last 7 days"", ""value"": ""7""}, {""label"": ""Last 30 days"", ""value"": ""30""}, {""label"": ""Last 90 days"", ""value"": ""90""}, {""label"": ""Last 180 days"", ""value"": ""180""}, {""label"": ""Last year"", ""value"": ""365""}, {""label"": ""All time"", ""value"": ""all""}], ""required"": true}]"
forensics.token_launch_forensics,forensics,launch,token_launch_forensics,Token launch forensics,Sniper bot / insider detection,"Sniper bots, bundled buys, and insider wallets at token launch.",generic,[],"[{""key"": ""chain"", ""type"": ""chain"", ""label"": ""Chain"", ""default"": ""ethereum"", ""options"": [{""label"": ""Ethereum"", ""value"": ""ethereum""}, {""label"": ""Base"", ""value"": ""base""}, {""label"": ""Optimism"", ""value"": ""optimism""}, {""label"": ""Arbitrum"", ""value"": ""arbitrum""}, {""label"": ""Polygon"", ""value"": ""polygon""}, {""label"": ""BSC"", ""value"": ""bsc""}, {""label"": ""Avalanche"", ""value"": ""avalanche""}, {""label"": ""Celo"", ""value"": ""celo""}], ""required"": true}, {""key"": ""token_address"", ""type"": ""token_address"", ""label"": ""Token address"", ""required"": true, ""placeholder"": ""0x...""}, {""key"": ""launch_window_minutes"", ""type"": ""select"", ""label"": ""Launch window"", ""default"": ""60"", ""options"": [{""label"": ""First 5 minutes"", ""value"": ""5""}, {""label"": ""First 15 minutes"", ""value"": ""15""}, {""label"": ""First 1 hour"", ""value"": ""60""}, {""label"": ""First 24 hours"", ""value"": ""1440""}], ""required"": true}]"
forensics.wash_trading_cross,forensics,wash_trading,wash_trading_cross,Wash trading detector (cross-protocol),Cross-DEX wash trading,Detects coordinated wash trading across DEXes — same wallets cycling volume.,generic,[],"[{""key"": ""chain"", ""type"": ""chain"", ""label"": ""Chain"", ""default"": ""ethereum"", ""options"": [{""label"": ""Ethereum"", ""value"": ""ethereum""}, {""label"": ""Base"", ""value"": ""base""}, {""label"": ""Optimism"", ""value"": ""optimism""}, {""label"": ""Arbitrum"", ""value"": ""arbitrum""}, {""label"": ""Polygon"", ""value"": ""polygon""}, {""label"": ""BSC"", ""value"": ""bsc""}, {""label"": ""Avalanche"", ""value"": ""avalanche""}, {""label"": ""Celo"", ""value"": ""celo""}], ""required"": true}, {""key"": ""token_address"", ""type"": ""token_address"", ""label"": ""Token address"", ""required"": true, ""placeholder"": ""0x...""}, {""key"": ""days"", ""type"": ""select"", ""label"": ""Time range"", ""default"": ""7"", ""options"": [{""label"": ""Last 7 days"", ""value"": ""7""}, {""label"": ""Last 30 days"", ""value"": ""30""}, {""label"": ""Last 90 days"", ""value"": ""90""}, {""label"": ""Last 180 days"", ""value"": ""180""}, {""label"": ""Last year"", ""value"": ""365""}, {""label"": ""All time"", ""value"": ""all""}], ""required"": true}]"
identity.batch_sybil_detector,identity,sybil,batch_sybil_detector,Sybil Pattern Matches,Arbitrum Transactions,Detects sybil wallets via batch funding and patterned spending.,generic,"[""sybil_addr:string"", ""first_tx_time:timestamp"", ""second_tx_time:timestamp""]","[{""key"": ""funder_address"", ""type"": ""address"", ""label"": ""Funder Address"", ""default"": null, ""required"": true}, {""key"": ""date_range"", ""type"": ""date_range"", ""label"": ""Date Range"", ""default"": {""to"": """", ""from"": """"}, ""required"": true}, {""key"": ""value_min1"", ""type"": ""number"", ""label"": ""Min Value1"", ""default"": null, ""required"": true}, {""key"": ""value_max1"", ""type"": ""number"", ""label"": ""Max Value1"", ""default"": null, ""required"": true}, {""key"": ""date_from2"", ""type"": ""date"", ""label"": ""Batch2 From"", ""default"": null, ""required"": true}]"
identity.dust_associated_addresses,identity,wallet,dust_associated_addresses,Associated Addresses,Ethereum Transactions,Identifies addresses linked by single low-gas transfers to/from target.,generic,"[""address:string""]","[{""key"": ""target_address"", ""type"": ""address"", ""label"": ""Target Address"", ""default"": null, ""required"": true}, {""key"": ""min_gas"", ""type"": ""number"", ""label"": ""Min Gas Threshold"", ""default"": ""22000"", ""required"": false}]"
identity.mutual_transfer_clusters,identity,wallet,mutual_transfer_clusters,Mutual Transfer Pairs,Ethereum Transactions,Identifies wallet pairs linked by mutual ETH transfers in specified period.,generic,"[""address_a:string"",""address_b:string""]","[{""key"": ""date_range"", ""type"": ""date_range"", ""label"": ""Date Range"", ""default"": {""to"": """", ""from"": """"}, ""required"": true}]"
identity.sybil_pattern_detector,identity,sybil,sybil_pattern_detector,Sybil Funding Patterns,MEXC Funded Sybils,Detects sybil wallets via nonce-zero empty-data txs funded by exchange in specific value ranges.,generic,"[""addr:string"",""rnk:number"",""suspicious:boolean""]","[{""key"": ""lookback_days"", ""type"": ""number"", ""label"": ""Lookback Days"", ""default"": ""7"", ""required"": true}, {""key"": ""min_value"", ""type"": ""number"", ""label"": ""Min Fund Amount"", ""default"": ""0.00251"", ""required"": false}, {""key"": ""max_value"", ""type"": ""number"", ""label"": ""Max Fund Amount"", ""default"": ""0.0035"", ""required"": false}]"
identity.wallet_clustering_detector,identity,wallet,wallet_clustering_detector,Fan-in Fan-out Score,Transfer pattern analysis,Detects aggregator wallets via sender/receiver concentration.,generic,"[""wallet:string"",""fanin_score:number"",""fanout_score:number"",""cluster_score:number""]","[{""key"": ""contract_address"", ""type"": ""address"", ""label"": ""Contract Address"", ""default"": null, ""required"": true}, {""key"": ""lookback_days"", ""type"": ""number"", ""label"": ""Lookback Days"", ""default"": ""30"", ""required"": true}, {""key"": ""min_senders"", ""type"": ""number"", ""label"": ""Min Senders"", ""default"": ""5"", ""required"": false}]"
infra.aa_wallet_lifetime_txs,infra,wallet,aa_wallet_lifetime_txs,Post-creation transactions,logs self-join,Counts transactions for AA wallets after creation block.,protocol:unipass,"[""num_transactions:number"", ""month_start_date:date""]","[{""key"": ""topic_creation"", ""type"": ""text"", ""label"": ""Wallet Creation Topic"", ""default"": null, ""required"": true}, {""key"": ""date_range"", ""type"": ""date_range"", ""label"": ""Date Range"", ""default"": {""to"": """", ""from"": """"}, ""required"": true}]"
infra.active_addresses_timeseries,infra,wallet,active_addresses_timeseries,Active Addresses,Ethereum Transactions,Counts unique addresses sending or receiving transactions.,generic,"[""time:timestamp"",""active_accounts:number""]","[{""key"": ""date_from"", ""type"": ""date"", ""label"": ""Start Date"", ""default"": null, ""required"": false}]"
infra.active_price_feed_publishers,infra,oracle,active_price_feed_publishers,Active Pyth Feeds,Dune Solana Transactions,Identifies active Pyth price feed publishers.,protocol:Pyth,"[""price_account:string"",""symbol:string"",""update_count:number""]","[{""key"": ""date_range"", ""type"": ""date_range"", ""label"": ""Date Range"", ""default"": {""to"": """", ""from"": """"}, ""required"": true}]"
infra.activity_seasonality_heatmap,infra,activity,activity_seasonality_heatmap,Hourly Patterns,Weekday Activity Heatmap,Aggregates activity by weekday-hour with metric and normalization options.,generic,"[""weekday:string"",""hour:number"",""value:number""]","[{""key"": ""metric"", ""type"": ""select"", ""label"": ""Metric"", ""default"": ""tx"", ""options"": [{""label"": ""Transactions"", ""value"": ""tx""}, {""label"": ""Unique wallets"", ""value"": ""uniq""}, {""label"": ""Fees"", ""value"": ""fee""}], ""required"": true}, {""key"": ""norm"", ""type"": ""select"", ""label"": ""Normalization"", ""default"": ""none"", ""options"": [{""label"": ""None"", ""value"": ""none""}, {""label"": ""Row"", ""value"": ""row""}, {""label"": ""Column"", ""value"": ""col""}], ""required"": false}, {""key"": ""lookback_days"", ""type"": ""number"", ""label"": ""Lookback Days"", ""default"": ""365"", ""required"": false}]"
infra.address_concentration_metrics,infra,wallet,address_concentration_metrics,Activity Concentration,Avalanche Transactions,"Computes daily wallet concentration via Herfindahl index, percentiles, high-activity counts.",generic,"[""block_date:date"", ""total_active_addresses:number"", ""herfindahl_index:number"", ""p95_txs_per_address:number"", ""high_activity_wallets:number""]","[{""key"": ""date_range"", ""type"": ""date_range"", ""label"": ""Date Range"", ""default"": {""to"": """", ""from"": """"}, ""required"": true}]"
infra.beacon_deposits_cumulative,infra,staking,beacon_deposits_cumulative,Beacon Deposits Cumulative,Ethereum Traces,Tracks daily and cumulative ETH deposits to beacon chain deposit contract.,generic,"[""dt:date"",""daily_deposit_eth:number"",""cum_deposit_eth:number""]","[{""key"": ""date_from"", ""type"": ""date"", ""label"": ""Start Date"", ""default"": ""2020-10-14"", ""required"": false}]"
infra.beacon_eth_deposits_daily,infra,staking,beacon_eth_deposits_daily,Staking Inflows,Ethereum Traces,Tracks daily ETH deposits to beacon chain deposit contract with moving average.,protocol:BeaconChain,"[""time:date"",""deposited_eth:number"",""ma7:number""]","[{""key"": ""deposit_contract"", ""type"": ""address"", ""label"": ""\""Deposit Contract\"""", ""default"": ""\""0x00000000219ab540356cbb839cbe05303d7705fa\"""", ""required"": false}]"
infra.blobs_per_block,infra,blob,blobs_per_block,Blob Usage Stats,Post-Dencun Blocks,"Calculates blobs per block, moving average, vs target/max with frequency.",generic,"[""time:timestamp"", ""blobs:number"", ""ma_blobs:number"", ""target_blobs:number"", ""max_blobs:number"", ""frequency:number""]","[{""key"": ""ma_window"", ""type"": ""number"", ""label"": ""MA Window"", ""default"": ""300"", ""required"": true}, {""key"": ""interval"", ""type"": ""select"", ""label"": ""Interval"", ""default"": ""hour"", ""options"": [{""label"": ""Minute"", ""value"": ""minute""}, {""label"": ""Hour"", ""value"": ""hour""}, {""label"": ""Day"", ""value"": ""day""}, {""label"": ""Week"", ""value"": ""week""}, {""label"": ""Month"", ""value"": ""month""}], ""required"": true}, {""key"": ""date_from"", ""type"": ""date"", ""label"": ""Start Date"", ""default"": null, ""required"": false}]"
infra.blob_submitter_leaderboard,infra,gas,blob_submitter_leaderboard,Blobs by Submitter,L2 Blob Activity,Ranks blob submitters (L2s) by daily blob count post-Dencun.,generic,"[""submitter:string"",""blobs:number"",""entity:string""]","[{""key"": ""date_from"", ""type"": ""date"", ""label"": ""Start Date"", ""default"": null, ""required"": true}, {""key"": ""top_n"", ""type"": ""number"", ""label"": ""Top N"", ""default"": ""10"", ""required"": false}]"
infra.blob_submitter_metrics,infra,blob,blob_submitter_metrics,Blob activity,Hourly submitters,Aggregates blobs per submitter hourly with entity labels.,generic,"[""time:timestamp"", ""submitter:string"", ""blobs:number"", ""is_relevant:boolean""]","[{""key"": ""block_number_min"", ""type"": ""number"", ""label"": ""Min block"", ""default"": ""19426589"", ""required"": false}]"
infra.blob_submitters_share,infra,blob,blob_submitters_share,Blob Usage by Entity,Ethereum Transactions + Labels,Aggregates blob counts and usage by submitter entity over time.,generic,"[""tx_time:timestamp"", ""sum_blobs:number"", ""label:string""]","[{""key"": ""date_from"", ""type"": ""date"", ""label"": ""Start Date"", ""default"": null, ""required"": false}]"
infra.blob_usage_analyzer,infra,blob_gas,blob_usage_analyzer,Blobs Per Block,Ethereum Blocks,Computes average blobs per block with targets and maximums using blob_gas_used.,generic,"[""time:timestamp"", ""avg_blobs:number"", ""target_blobs:number"", ""max_blobs:number""]","[{""key"": ""interval"", ""type"": ""select"", ""label"": ""Interval"", ""default"": ""day"", ""options"": [{""label"": ""Minute"", ""value"": ""minute""}, {""label"": ""Hour"", ""value"": ""hour""}, {""label"": ""Day"", ""value"": ""day""}, {""label"": ""Week"", ""value"": ""week""}, {""label"": ""Month"", ""value"": ""month""}], ""required"": true}]"
infra.blob_usage_metrics,infra,blob,blob_usage_metrics,Blob Usage Metrics,ethereum.blocks table,"Computes blobs per block, moving average, base fee.",generic,"[""block_number:number"", ""time:timestamp"", ""blobs:number"", ""ma_blobs:number"", ""target_blobs:number"", ""blob_base_fee:number"", ""blob_fee:number""]","[{""key"": ""lookback_days"", ""type"": ""number"", ""label"": ""Lookback Days"", ""default"": ""30"", ""required"": false}]"
infra.block_fill_distribution,infra,blocks,block_fill_distribution,Fill Categories,Ethereum Blocks,Categorizes blocks by monthly fill percentage buckets.,generic,"[""block_month:date"", ""fill_type:string"", ""block_count:number""]","[{""key"": ""date_from"", ""type"": ""date"", ""label"": ""Start Date"", ""default"": null, ""required"": false}]"
infra.block_fullness_metrics,infra,blocks,block_fullness_metrics,Block Fullness Trends,Ethereum Blocks,"Computes block fullness, base fee changes, and 30-block moving averages.",generic,"[""block_number:number"",""fullness:number"",""base_fee_rate:number"",""fullness_ma:number"",""base_fee_ma:number""]","[{""key"": ""date_from"", ""type"": ""date"", ""label"": ""Start Date"", ""default"": null, ""required"": false}]"
infra.bot_activity_candidates,infra,wallet,bot_activity_candidates,High-Freq Tx Detector,5-Min Avalanche Buckets,Detects bots via average txs per 5-min interval exceeding thresholds.,generic,"[""month:date"", ""signer:string"", ""avg_5min_txs:number"", ""bursts:number""]","[{""key"": ""date_from"", ""type"": ""date"", ""label"": ""Start Date"", ""default"": null, ""required"": true}, {""key"": ""threshold_txs"", ""type"": ""number"", ""label"": ""Min Tx/Burst"", ""default"": ""5"", ""required"": false}]"
infra.bot_burst_detector,infra,wallet,bot_burst_detector,Bot Activity Score,Base transactions,Detects bots via high-frequency bursts in 5-minute intervals.,generic,"[""signer:string"", ""month:date"", ""avg_burst_tx:number"", ""bot_score:number""]","[{""key"": ""date_from"", ""type"": ""date"", ""label"": ""Start Date"", ""default"": null, ""required"": true}, {""key"": ""interval_min"", ""type"": ""number"", ""label"": ""Interval Minutes"", ""default"": ""5"", ""required"": false}]"
infra.bot_detector,infra,wallet,bot_detector,Bot Detection Score,Tx Rate Analysis,Classifies wallets as bots by transaction frequency.,generic,"[""addr:string"",""num_txs:number"",""txs_per_hour:number"",""is_bot:boolean""]","[{""key"": ""bot_threshold"", ""type"": ""number"", ""label"": ""\""Txs per Hour Threshold\"""", ""default"": null, ""required"": true}, {""key"": ""lookback_days"", ""type"": ""number"", ""label"": ""Lookback Days"", ""default"": ""30"", ""required"": false}]"
infra.bot_timing_analyzer,infra,wallet,bot_timing_analyzer,Bot Detection Signals,Timing patterns from txs,Analyzes transaction intervals to detect bot-like behavior.,generic,"[""wallet:string"",""tx_count:number"",""avg_interval:number"",""stddev_interval:number"",""min_interval:number"",""max_interval:number""]","[{""key"": ""date_from"", ""type"": ""date"", ""label"": ""Start Date"", ""default"": null, ""required"": true}]"
infra.bridge_activity_months,infra,bridge,bridge_activity_months,Active Months,Ethereum Transactions,Classifies bridgers by distinct active months count.,generic,"[""months:number"",""wallets:number""]","[{""key"": ""contract_address"", ""type"": ""address"", ""label"": ""Contract Address"", ""default"": null, ""required"": true}]"
infra.bridge_cumulative_stats,infra,bridge,bridge_cumulative_stats,Cumulative depositors volume,Ethereum transactions,"Calculates daily unique depositors, volume, and cumulatives for bridge deposits.",generic,"[""date:date"", ""daily_users:number"", ""daily_volume:number"", ""cum_users:number"", ""cum_volume:number""]","[{""key"": ""lookback_days"", ""type"": ""number"", ""label"": ""Lookback Days"", ""default"": ""30"", ""required"": false}]"
infra.bridge_daily_activity,infra,bridge,bridge_daily_activity,Bridge Deposits Daily,L1 Bridge Txs,Daily unique depositors and ETH volume to L1 bridge.,generic,"[""day:date"", ""users:number"", ""eth_value:number""]","[{""key"": ""lookback_days"", ""type"": ""number"", ""label"": ""Lookback Days"", ""default"": ""30"", ""required"": false}]"
infra.bridge_daily_deposits,infra,bridge,bridge_daily_deposits,Daily Bridge Metrics,Ethereum Transactions,"Computes daily unique depositors, total ETH volume, and average per tx for bridges.",generic,"[""day:date"", ""unique_users:number"", ""total_eth:number"", ""avg_eth_per_tx:number""]","[{""key"": ""contract_address"", ""type"": ""address"", ""label"": ""Contract Address"", ""default"": null, ""required"": true}, {""key"": ""date_range"", ""type"": ""date_range"", ""label"": ""Date Range"", ""default"": {""to"": """", ""from"": """"}, ""required"": true}, {""key"": ""min_usd"", ""type"": ""number"", ""label"": ""Min USD"", ""default"": ""0"", ""required"": false}]"
infra.bridge_deposit_cohorts,infra,bridge,bridge_deposit_cohorts,Bridge Deposit Ranges,Ethereum Transactions,Segments bridge depositors by total ETH bridged volume.,protocol:generic_bridge,"[""cohort:string"",""wallet_count:number""]","[{""key"": ""bridge_address"", ""type"": ""address"", ""label"": ""Bridge Address"", ""default"": null, ""required"": true}, {""key"": ""min_usd"", ""type"": ""number"", ""label"": ""Min USD"", ""default"": null, ""required"": false}]"
infra.bridge_depositor_cohorts,infra,bridge,bridge_depositor_cohorts,Depositor Value Buckets,Ethereum Bridge Txs,Buckets bridge depositors by total ETH bridged.,protocol:bridge,"[""bucket:string"",""wallet_count:number"",""total_eth:number""]","[{""key"": ""bridge_address"", ""type"": ""address"", ""label"": ""Bridge Address"", ""default"": null, ""required"": true}, {""key"": ""min_eth"", ""type"": ""number"", ""label"": ""Min ETH"", ""default"": ""0.01"", ""required"": false}]"
infra.bridge_depositor_nonces,infra,bridge,bridge_depositor_nonces,Nonce Distribution,Bridge user stats,Bins depositors by max nonce.,generic,"[""nonce_range:string"",""wallet_count:number"",""total_bridged_eth:number""]","[{""key"": ""contract_address"", ""type"": ""address"", ""label"": ""Contract Address"", ""default"": null, ""required"": true}, {""key"": ""lookback_days"", ""type"": ""number"", ""label"": ""Lookback Days"", ""default"": ""30"", ""required"": false}]"
infra.bridge_depositor_value_buckets,infra,bridge,bridge_depositor_value_buckets,Depositor distribution,ethereum.transactions,Buckets unique depositors by total ETH bridged.,generic,"[""bucket:string"",""wallet_count:number""]","[{""key"": ""bridge_address"", ""type"": ""address"", ""label"": ""Bridge address"", ""default"": null, ""required"": true}]"
infra.bridge_deposit_volume,infra,bridge,bridge_deposit_volume,Bridge Deposits,Ethereum Transactions,Aggregates daily ETH deposits and unique depositors to bridges.,protocol:zkSync,"[""day:date"", ""eth_deposited:number"", ""unique_depositors:number""]","[{""key"": ""protocol"", ""type"": ""text"", ""label"": ""Protocol"", ""default"": ""zkSync"", ""required"": true}, {""key"": ""pool_address"", ""type"": ""address"", ""label"": ""Pool Address"", ""default"": ""0x32400084C286CF3E17e7B677ea9583e60a000324"", ""required"": true}]"
infra.bridge_long_term_users,infra,bridge,bridge_long_term_users,Retention Span,Ethereum Transactions,Counts wallets with interaction span exceeding threshold days.,generic,"[""addresses_count:number""]","[{""key"": ""contract_address"", ""type"": ""address"", ""label"": ""Contract Address"", ""default"": null, ""required"": true}, {""key"": ""threshold_days"", ""type"": ""number"", ""label"": ""Min Span Days"", ""default"": ""7"", ""required"": true}]"
infra.bridge_net_tvl_pareto,infra,bridge,bridge_net_tvl_pareto,TVL Percentiles,Ethereum Transactions,Computes net TVL per wallet from bridge inflows/outflows and percentile ranks.,generic,"[""percentile:number"",""tvl:number""]","[{""key"": ""contract_address"", ""type"": ""address"", ""label"": ""Contract Address"", ""default"": null, ""required"": true}, {""key"": ""lookback_days"", ""type"": ""number"", ""label"": ""Lookback Days"", ""default"": null, ""required"": false}]"
infra.bridge_user_activity_rank,infra,bridge,bridge_user_activity_rank,Bridger Activity Score,Bridge + Tx History,Ranks bridge depositors by total transaction count post-bridge.,protocol:generic_bridge,"[""wallet:string"",""tx_count:number"",""deposit_value:number""]","[{""key"": ""bridge_address"", ""type"": ""address"", ""label"": ""Bridge Address"", ""default"": null, ""required"": true}, {""key"": ""date_to"", ""type"": ""date"", ""label"": ""End Date"", ""default"": null, ""required"": false}]"
infra.bridge_user_frequency,infra,bridge,bridge_user_frequency,Repeat Bridger Counts,Bridge Transactions,Classifies users by number of transactions to a bridge contract.,generic,"[""frequency_bin:string"",""user_count:number""]","[{""key"": ""contract_address"", ""type"": ""address"", ""label"": ""Contract Address"", ""default"": null, ""required"": true}, {""key"": ""date_from"", ""type"": ""date"", ""label"": ""Start Date"", ""default"": null, ""required"": true}]"
infra.bridge_user_frequency_distribution,infra,bridge,bridge_user_frequency_distribution,User Bridge Frequency,Ethereum Bridge Activity,Buckets users by bridge transaction frequency revealing retention patterns.,generic,"[""count_group:string"",""num_users:number""]","[{""key"": ""protocol"", ""type"": ""text"", ""label"": ""Protocol"", ""default"": ""zksync"", ""required"": true}, {""key"": ""date_to"", ""type"": ""date"", ""label"": ""End Date"", ""default"": null, ""required"": false}, {""key"": ""lookback_days"", ""type"": ""number"", ""label"": ""Lookback Days"", ""default"": ""30"", ""required"": false}]"
infra.bridge_user_nonce_distribution,infra,bridge,bridge_user_nonce_distribution,Nonce Buckets,Ethereum Transactions,Classifies bridge users by max nonce into experience cohorts.,protocol:ZKSync,"[""nonce_range:string"",""wallet_count:number""]","[{""key"": ""contract_address"", ""type"": ""address"", ""label"": ""Contract Address"", ""default"": null, ""required"": true}]"
infra.bridge_user_retention,infra,bridge,bridge_user_retention,New vs returning users,Ethereum transactions,Computes daily DAU split into new and returning depositors with cumulatives.,generic,"[""dt:date"", ""dau:number"", ""new_user:number"", ""revisit_user:number"", ""txs:number"", ""cum_txs:number"", ""amount:number"", ""cum_amount:number""]","[{""key"": ""pool_address"", ""type"": ""address"", ""label"": ""Pool Address"", ""default"": null, ""required"": true}, {""key"": ""date_from"", ""type"": ""date"", ""label"": ""Start Date"", ""default"": null, ""required"": false}]"
infra.bridge_wallet_distribution,infra,bridge,bridge_wallet_distribution,Bridger Value Bins,Ethereum Transactions,Bins bridge depositors by total bridged ETH amount.,generic,"[""value_range:string"",""wallet_count:number""]","[{""key"": ""pool_address"", ""type"": ""address"", ""label"": ""Pool Address"", ""default"": null, ""required"": true}]"
infra.chain_new_contracts_daily,infra,contract,chain_new_contracts_daily,New Contracts Daily,Chain Logs,Counts daily new contracts by first appearance timestamp.,generic,"[""day:date"",""new_contract_count:number"",""cumulative:number""]","[{""key"": ""chain"", ""type"": ""chain"", ""label"": ""Chain"", ""default"": ""arbitrum"", ""required"": true, ""options"": [{""label"": ""Ethereum"", ""value"": ""ethereum""}, {""label"": ""Base"", ""value"": ""base""}, {""label"": ""Optimism"", ""value"": ""optimism""}, {""label"": ""Arbitrum"", ""value"": ""arbitrum""}, {""label"": ""Polygon"", ""value"": ""polygon""}, {""label"": ""BSC"", ""value"": ""bsc""}, {""label"": ""Avalanche"", ""value"": ""avalanche""}, {""label"": ""Celo"", ""value"": ""celo""}]}, {""key"": ""interval"", ""type"": ""select"", ""label"": ""Interval"", ""default"": ""day"", ""options"": [{""label"": ""Minute"", ""value"": ""minute""}, {""label"": ""Hour"", ""value"": ""hour""}, {""label"": ""Day"", ""value"": ""day""}, {""label"": ""Week"", ""value"": ""week""}, {""label"": ""Month"", ""value"": ""month""}], ""required"": false}]"
infra.chain_retention_cohorts,infra,wallet,chain_retention_cohorts,Weekly Retention Rates,Polygon Transactions,Computes cohort retention rates for weekly active users over 90-day window.,generic,"[""cohort_week:date"", ""retention_week:number"", ""retained_wallets:number"", ""cohort_size:number""]","[{""key"": ""lookback_days"", ""type"": ""number"", ""label"": ""Lookback Days"", ""default"": ""90"", ""required"": false}]"
infra.chain_revenue_breakdown,infra,revenue,chain_revenue_breakdown,Revenue metrics,Optimism transactions,"Computes L1/L2 fees, public goods, total revenue with cumulative.",protocol:optimism,"[""date:date"", ""total_gas_used:number"", ""l1_gas:number"", ""public_goods:number"", ""l2_fees:number"", ""revenue:number"", ""cumulative_revenue:number""]","[{""key"": ""date_range"", ""type"": ""date_range"", ""label"": ""Date Range"", ""default"": {""to"": """", ""from"": """"}, ""required"": false}]"
infra.chain_stickiness_metrics,infra,wallet,chain_stickiness_metrics,DAU/MAU stickiness,User retention cohorts,"Calculates DAU/MAU ratio, power user percentages, and retention cohorts.",generic,"[""day:date"", ""dau:number"", ""mau:number"", ""stickiness:number"", ""power_users_pct:number""]","[{""key"": ""lookback_days"", ""type"": ""number"", ""label"": ""Lookback Days"", ""default"": ""30"", ""required"": false}]"
infra.cohort_retention_analyzer,infra,wallet,cohort_retention_analyzer,Retention cohorts,Optimism transactions,Analyzes monthly new user cohorts and retention rates.,protocol:optimism,"[""cohort_month:date"", ""retention_month:string"", ""cohort_size:number"", ""retained_users:number"", ""retention_rate:number""]","[{""key"": ""lookback_days"", ""type"": ""number"", ""label"": ""Lookback Days"", ""default"": ""365"", ""required"": true}]"
infra.cohort_retention_rates,infra,wallet,cohort_retention_rates,Retention Metrics,polygon.transactions cohort analysis,Computes monthly cohort retention rates for addresses.,generic,"[""initial_period:string"",""cohort_period:number"",""retention_rate:number""]","[{""key"": ""lookback_days"", ""type"": ""number"", ""label"": ""Lookback Days"", ""default"": null, ""required"": true}]"
infra.compute_unit_distribution,infra,gas,compute_unit_distribution,Compute Unit Requests,Transaction compute budgets,Distributes requested compute units per transaction by bucket.,generic,"[""bucket:string"",""requested_units:number"",""tx_count:number""]","[{""key"": ""date_from"", ""type"": ""date"", ""label"": ""Start Date"", ""default"": null, ""required"": true}]"
infra.compute_units_per_slot,infra,gas,compute_units_per_slot,CU Per Slot,Dune Solana Transactions,Aggregates compute units consumed per slot.,generic,"[""block_slot:number"",""avg_cu:number"",""instruction_count:number""]","[{""key"": ""date_from"", ""type"": ""date"", ""label"": ""Start Date"", ""default"": null, ""required"": true}]"
infra.contract_caller_activity,infra,caller,contract_caller_activity,Caller Tx Trends,traces + labels,Counts distinct transactions calling a contract grouped by caller label over time.,generic,"[""week:date"",""caller_label:string"",""times_called:number""]","[{""key"": ""chain"", ""type"": ""chain"", ""label"": ""Chain"", ""default"": null, ""required"": true, ""options"": [{""label"": ""Ethereum"", ""value"": ""ethereum""}, {""label"": ""Base"", ""value"": ""base""}, {""label"": ""Optimism"", ""value"": ""optimism""}, {""label"": ""Arbitrum"", ""value"": ""arbitrum""}, {""label"": ""Polygon"", ""value"": ""polygon""}, {""label"": ""BSC"", ""value"": ""bsc""}, {""label"": ""Avalanche"", ""value"": ""avalanche""}, {""label"": ""Celo"", ""value"": ""celo""}]}, {""key"": ""contract"", ""type"": ""address"", ""label"": ""Target Contract"", ""default"": null, ""required"": true}, {""key"": ""months"", ""type"": ""number"", ""label"": ""Lookback Months"", ""default"": ""6"", ""required"": false}]"
infra.contract_creation_timeseries,infra,contract,contract_creation_timeseries,Daily Contract Creations,Ethereum Traces,Tracks daily contract creations with cumulative total.,generic,"[""date:date"", ""creations:number"", ""cumulative:number""]","[{""key"": ""date_range"", ""type"": ""date_range"", ""label"": ""Date Range"", ""default"": {""to"": """", ""from"": """"}, ""required"": false}]"
infra.contract_creation_trends,infra,contracts,contract_creation_trends,Deployment Metrics,Ethereum Traces,Aggregates weekly smart contract creations with cumulative totals.,generic,"[""time:date"",""created_contracts:number"",""cumulative:number""]","[{""key"": ""interval"", ""type"": ""select"", ""label"": ""Interval"", ""default"": ""week"", ""options"": [{""label"": ""Minute"", ""value"": ""minute""}, {""label"": ""Hour"", ""value"": ""hour""}, {""label"": ""Day"", ""value"": ""day""}, {""label"": ""Week"", ""value"": ""week""}, {""label"": ""Month"", ""value"": ""month""}], ""required"": false}]"
infra.contract_function_leaderboard,infra,contract,contract_function_leaderboard,Top Functions Called,Input sig decode,Ranks contract functions by call count and unique txs.,generic,"[""function_name:string"",""calls:number"",""txs:number"",""ranking:number""]","[{""key"": ""contract_address"", ""type"": ""address"", ""label"": ""Contract Address"", ""default"": null, ""required"": true}]"
infra.contract_gas_growth_detector,infra,gas,contract_gas_growth_detector,Daily Gas Growth,Ethereum Transactions,Detects contracts with accelerating daily gas usage.,generic,"[""contract_address:string"",""growth_rate:number"",""total_gas:number""]","[{""key"": ""lookback_days"", ""type"": ""number"", ""label"": ""Lookback Days"", ""default"": ""10"", ""required"": true}, {""key"": ""min_usd"", ""type"": ""number"", ""label"": ""Min USD"", ""default"": ""0.05"", ""required"": true}]"
infra.contract_growth_rank,infra,contract,contract_growth_rank,Growth Ratio,ethereum.traces calls,Ranks active contracts by recent-to-historical call growth.,generic,"[""contract_address:string"",""label:string"",""senders:number"",""calls:number"",""growth:number""]","[{""key"": ""lookback_days"", ""type"": ""number"", ""label"": ""Lookback Days"", ""default"": ""60"", ""required"": false}]"
infra.contract_label_lookup,infra,labels,contract_label_lookup,Contract Labels,Dune Labels,Retrieves labels for contract addresses.,generic,"[""address:string"",""name:string""]","[{""key"": ""contract_address"", ""type"": ""address"", ""label"": ""Contract Address"", ""default"": null, ""required"": true}]"
infra.contract_labels,infra,labels,contract_labels,Contract Labels,labels.contracts,Retrieves labeled contract names.,generic,"[""address:string"",""name:string""]","[{""key"": ""contract_address"", ""type"": ""address"", ""label"": ""Contract Address"", ""default"": null, ""required"": true}]"
infra.contract_success_rate,infra,tx,contract_success_rate,Smart Contract Success,Daily Interaction Metrics,Computes daily success rate for contract calls with non-trivial data.,generic,"[""day:date"",""success_rate_pct:number"",""total_txs:number""]","[{""key"": ""date_from"", ""type"": ""date"", ""label"": ""Start Date"", ""default"": null, ""required"": false}]"
infra.crosschain_contract_creations,infra,crosschain,crosschain_contract_creations,Ethereum contracts deployed,traces + logs join,Counts Ethereum contracts created via Polygon payment deployments.,protocol:unipass,"[""count:number""]","[{""key"": ""contract_address"", ""type"": ""address"", ""label"": ""Contract Address"", ""default"": null, ""required"": true}, {""key"": ""topic0"", ""type"": ""text"", ""label"": ""Creation Topic0"", ""default"": null, ""required"": true}, {""key"": ""topic1"", ""type"": ""text"", ""label"": ""App/Snap Topic1"", ""default"": null, ""required"": true}]"
infra.cross_chain_message_volume,infra,bridge,cross_chain_message_volume,Daily Message Counts,Time Period Cohort,Counts cross-chain messages by period with outbound/inbound logic.,protocol:Snowbridge,"[""day:date"",""outbound_count:number"",""inbound_count:number""]","[{""key"": ""time_period"", ""type"": ""text"", ""label"": ""Time Period"", ""default"": ""30days"", ""required"": true}]"
infra.cumulative_contract_deployments,infra,contract,cumulative_contract_deployments,Contract deployments,Ethereum traces,Tracks daily/weekly new contract creations and running cumulative.,generic,"[""time:timestamp"", ""created_contracts:number"", ""cum_created_contracts:number""]","[{""key"": ""interval"", ""type"": ""select"", ""label"": ""Interval"", ""default"": ""day"", ""options"": [{""label"": ""Minute"", ""value"": ""minute""}, {""label"": ""Hour"", ""value"": ""hour""}, {""label"": ""Day"", ""value"": ""day""}, {""label"": ""Week"", ""value"": ""week""}, {""label"": ""Month"", ""value"": ""month""}], ""required"": true}]"
infra.cumulative_deployers,infra,wallet,cumulative_deployers,Contract Creators,Weekly cumulative,Cumulative count of unique contract deployers over time.,generic,"[""period:string"",""total_devs:number""]","[{""key"": ""interval"", ""type"": ""select"", ""label"": ""Interval"", ""default"": ""week"", ""options"": [{""label"": ""Minute"", ""value"": ""minute""}, {""label"": ""Hour"", ""value"": ""hour""}, {""label"": ""Day"", ""value"": ""day""}, {""label"": ""Week"", ""value"": ""week""}, {""label"": ""Month"", ""value"": ""month""}], ""required"": false}, {""key"": ""date_from"", ""type"": ""date"", ""label"": ""Start Date"", ""default"": null, ""required"": false}]"
infra.cumulative_unique_committers,infra,oracle,cumulative_unique_committers,Cumulative unique addresses,vBase commitment logs,Computes cumulative unique addresses committing via multiple contracts.,protocol:hop,"[""call_day:date"", ""unique_count:number""]","[{""key"": ""date_from"", ""type"": ""date"", ""label"": ""Start Date"", ""default"": null, ""required"": true}]"
infra.cumulative_user_growth,infra,wallet,cumulative_user_growth,User Growth,Arbitrum Transactions,Tracks daily new users and cumulative unique users.,generic,"[""day:date"", ""new_users:number"", ""cumulative_users:number""]","[{""key"": ""lookback_days"", ""type"": ""number"", ""label"": ""Lookback Days"", ""default"": ""720"", ""required"": false}]"
infra.cumulative_wallet_creations,infra,wallet,cumulative_wallet_creations,Wallet growth,Ethereum traces,Computes daily new wallets via first transaction and cumulative total.,generic,"[""time:timestamp"", ""new_wallets:number"", ""cum_created_wallets:number""]","[{""key"": ""lookback_days"", ""type"": ""number"", ""label"": ""Lookback Days"", ""default"": ""30"", ""required"": false}]"
infra.daily_active_passive_classifier,infra,wallet,daily_active_passive_classifier,User cohorts,Senders vs receivers,"Classifies daily active senders, passive receivers, unique addresses.",generic,"[""day:date"",""active_users:number"",""passive_users:number"",""unique_users:number""]","[{""key"": ""date_from"", ""type"": ""date"", ""label"": ""Start Date"", ""default"": null, ""required"": true}]"
infra.daily_active_users,infra,wallet,daily_active_users,Daily Active Users,Ethereum Transactions,Calculates daily active users with 7-day moving average.,generic,"[""day:date"", ""dau:number"", ""ma7_dau:number""]","[{""key"": ""lookback_days"", ""type"": ""number"", ""label"": ""Lookback Days"", ""default"": ""180"", ""required"": false}]"
infra.daily_active_wallets,infra,wallet,daily_active_wallets,Daily Unique Active Wallets,Ethereum transactions,Counts unique wallets sending or receiving daily.,generic,"[""day:timestamp"",""active_wallets:number""]","[{""key"": ""date_range"", ""type"": ""date_range"", ""label"": ""Date Range"", ""default"": {""to"": """", ""from"": """"}, ""required"": false}]"
infra.daily_avg_compute_units,infra,gas,daily_avg_compute_units,Compute Consumption,Log parsing explode,Parses program logs to average compute units consumed per successful tx daily.,generic,"[""block_date:date"",""avg_compute_units:number"",""total_compute_units:number""]","[{""key"": ""lookback_days"", ""type"": ""number"", ""label"": ""Lookback Days"", ""default"": ""7"", ""required"": false}]"
infra.daily_avg_txs_per_block,infra,network,daily_avg_txs_per_block,Avg Txs Per Block,Ethereum Blocks,Daily average transactions per block with moving average.,generic,"[""date:date"", ""avg_transactions_per_block:number"", ""monthly_ma:number""]","[{""key"": ""lookback_days"", ""type"": ""number"", ""label"": ""Lookback Days"", ""default"": ""30"", ""required"": false}]"
infra.daily_gas_metrics,infra,gas,daily_gas_metrics,Gas Trends,Ethereum Transactions,"Computes daily median gas price, total fees with 7-day moving averages.",generic,"[""time:timestamp"", ""median_gas:number"", ""median_gas_ma_7:number"", ""sum_gas:number"", ""sum_gas_ma_7:number""]","[{""key"": ""date_from"", ""type"": ""date"", ""label"": ""Start Date"", ""default"": ""6 months ago"", ""required"": false}]"
infra.daily_gas_percentiles,infra,gas,daily_gas_percentiles,Gas Price Percentiles,Daily medians,Computes daily gas price percentiles.,generic,"[""dt:date"", ""p50_gwei:number"", ""p75_gwei:number"", ""p95_gwei:number""]","[{""key"": ""date_from"", ""type"": ""date"", ""label"": ""Start Date"", ""default"": null, ""required"": true}, {""key"": ""days_back"", ""type"": ""number"", ""label"": ""Days Back"", ""default"": ""90"", ""required"": false}]"
infra.daily_gas_price_percentiles,infra,gas,daily_gas_price_percentiles,Gas price percentiles,Ethereum transactions,Computes daily median and 90th percentile gas prices by weekday.,generic,"[""weekday:string"",""median_gwei:number"",""p90_gwei:number""]","[{""key"": ""lookback_days"", ""type"": ""number"", ""label"": ""Lookback Days"", ""default"": ""7"", ""required"": false}]"
infra.daily_gas_utilization,infra,gas,daily_gas_utilization,Gas utilization,Polygon transactions,Computes daily gas utilization with MA7.,generic,"[""dt:date"", ""utilization:number"", ""ma7_utilization:number""]","[{""key"": ""lookback_days"", ""type"": ""number"", ""label"": ""Lookback Days"", ""default"": ""90"", ""required"": false}]"
infra.daily_l1_l2_fees,infra,gas,daily_l1_l2_fees,Fee Breakdown,Optimism Transactions,"Aggregates daily L1 fees, L2 execution fees, and priority fees.",protocol:optimism,"[""day:date"", ""l1_fee:number"", ""l2_fee:number"", ""priority_fee:number"", ""total_fee:number""]","[{""key"": ""lookback_days"", ""type"": ""number"", ""label"": ""Lookback Days"", ""default"": null, ""required"": false}]"
infra.daily_median_gas_price,infra,gas,daily_median_gas_price,Daily Median Gas,Ethereum Transactions,Computes daily median gas price in Gwei using percentile.,generic,"[""dt:date"", ""median_gas_price_gwei:number""]","[{""key"": ""lookback_days"", ""type"": ""number"", ""label"": ""Lookback Days"", ""default"": ""30"", ""required"": false}]"
infra.daily_new_addresses,infra,wallet,daily_new_addresses,Daily New Addresses,Ethereum First TX,Counts daily new addresses by earliest transaction timestamp.,generic,"[""day:date"", ""new_users:number""]","[{""key"": ""lookback_days"", ""type"": ""number"", ""label"": ""Lookback Days"", ""default"": ""30"", ""required"": true}]"
infra.daily_new_contracts,infra,contracts,daily_new_contracts,New Contracts Daily,Ethereum Traces,Counts successful daily contract creations via create/create2.,generic,"[""day:date"",""new_contracts:number""]","[{""key"": ""date_range"", ""type"": ""date_range"", ""label"": ""Date Range"", ""default"": {""to"": """", ""from"": """"}, ""required"": true}]"
infra.daily_new_retained_users,infra,wallet,daily_new_retained_users,New vs Retained Users,Base transactions table,"Computes daily new users, retained users, and new user percentage from first transaction detection.",generic,"[""day:date"", ""new_users:number"", ""retained_users:number"", ""total_users:number"", ""new_pct:number""]","[{""key"": ""lookback_days"", ""type"": ""number"", ""label"": ""Lookback Days"", ""default"": ""30"", ""required"": false}]"
infra.daily_new_users_by_nonce,infra,wallet,daily_new_users_by_nonce,New users by nonce,BNB tx nonce cohorts,Counts daily new wallets using nonce thresholds.,generic,"[""day:date"", ""new_nonce_0:number"", ""new_nonce_5:number"", ""new_nonce_10:number""]","[{""key"": ""date_from"", ""type"": ""date"", ""label"": ""Start Date"", ""default"": null, ""required"": false}]"
infra.daily_new_wallets,infra,wallet,daily_new_wallets,New Wallets,Polygon first tx,Counts wallets with first transaction each day.,generic,"[""day:date"", ""new_wallets:number""]","[{""key"": ""lookback_days"", ""type"": ""number"", ""label"": ""Lookback Days"", ""default"": ""7"", ""required"": false}, {""key"": ""date_from"", ""type"": ""date"", ""label"": ""Start Date"", ""default"": null, ""required"": false}]"
infra.daily_tps_stats,infra,tps,daily_tps_stats,TPS Metrics,Arbitrum Transactions,"Computes average, min, max TPS per day from hourly data.",generic,"[""time:timestamp"", ""avg_tps:number"", ""min_tps:number"", ""max_tps:number""]","[{""key"": ""date_range"", ""type"": ""date_range"", ""label"": ""Date Range"", ""default"": {""to"": """", ""from"": """"}, ""required"": false}, {""key"": ""lookback_days"", ""type"": ""number"", ""label"": ""Lookback Days"", ""default"": ""180"", ""required"": false}]"
infra.daily_transaction_stats,infra,gas,daily_transaction_stats,Daily Tx Metrics,Ethereum Transactions,"Aggregates daily transactions, success rate, and gas stats.",generic,"[""day:date"", ""tx_count:number"", ""success_rate:number"", ""total_gas_eth:number""]","[{""key"": ""date_range"", ""type"": ""date_range"", ""label"": ""Date Range"", ""default"": {""to"": """", ""from"": """"}, ""required"": false}]"
infra.daily_transaction_success_rate,infra,gas,daily_transaction_success_rate,Success Rate,Polygon Transactions,Calculates daily successful vs failed transactions.,generic,"[""day:date"", ""successful_transactions:number"", ""failed_transactions:number""]","[{""key"": ""lookback_days"", ""type"": ""number"", ""label"": ""Lookback Days"", ""default"": ""30"", ""required"": true}]"
infra.daily_tx_growth,infra,gas,daily_tx_growth,Transaction Growth Metrics,Ethereum Transactions,Calculates daily transactions with percentage change.,generic,"[""day:date"", ""tx_count:number"", ""perc_change:number""]","[{""key"": ""date_from"", ""type"": ""date"", ""label"": ""Start Date"", ""default"": null, ""required"": false}, {""key"": ""lookback_days"", ""type"": ""number"", ""label"": ""Lookback Days"", ""default"": ""90"", ""required"": false}]"
infra.daily_tx_success_rate,infra,gas,daily_tx_success_rate,Success Rate,Optimism Transactions,"Computes daily total, successful, failed transactions and rates.",protocol:optimism,"[""day:date"", ""total_tx:number"", ""success_tx:number"", ""fail_tx:number"", ""success_rate:number""]","[{""key"": ""lookback_days"", ""type"": ""number"", ""label"": ""Lookback Days"", ""default"": null, ""required"": false}]"
infra.daily_user_retention,infra,wallet,daily_user_retention,Cohort Retention Ratios,Ethereum Transactions,Computes retention ratios for daily active user cohorts.,generic,"[""dt:date"", ""retention_ratio_1:number"", ""retention_ratio_3:number"", ""retention_ratio_7:number""]","[{""key"": ""lookback_days"", ""type"": ""number"", ""label"": ""Lookback Days"", ""default"": ""30"", ""required"": false}]"
infra.dau_growth_rate,infra,wallet,dau_growth_rate,Daily DAU growth,Chain active users trend,Calculates daily % growth in DAU with prior day comparison.,generic,"[""day:date"", ""active_users:number"", ""growth_rate:number""]","[{""key"": ""date_from"", ""type"": ""date"", ""label"": ""Start Date"", ""default"": null, ""required"": false}]"
infra.decentralization_metric,infra,wallet,decentralization_metric,Monthly Decentralization Score,Ethereum Transactions,Computes monthly decentralization score from transaction concentration of top addresses.,generic,"[""month:date"", ""score:number"", ""unique_users:number"", ""top_n_concentration:number""]","[{""key"": ""date_range"", ""type"": ""date_range"", ""label"": ""Date Range"", ""default"": {""to"": """", ""from"": """"}, ""required"": true}, {""key"": ""top_n"", ""type"": ""number"", ""label"": ""Top N"", ""default"": ""10"", ""required"": false}]"
infra.delegatecall_activity,infra,delegatecall,delegatecall_activity,Delegatecall Stats,Ethereum Traces,Aggregates delegatecall usage with averages and trends.,generic,"[""date:date"", ""daily_count:number"", ""avg_daily:number""]","[{""key"": ""lookback_days"", ""type"": ""number"", ""label"": ""Lookback Days"", ""default"": null, ""required"": true}]"
infra.delegation_status_classifier,infra,wallet,delegation_status_classifier,Alligator Usage Status,Delegation Patterns,Classifies users by delegation activity vs Alligator usage.,protocol:alligator,"[""wallet:string"",""status:string"",""last_alligator_activity:date"",""last_direct_delegation:date""]","[{""key"": ""lookback_days"", ""type"": ""number"", ""label"": ""Lookback Days"", ""default"": ""180"", ""required"": true}]"
infra.deployer_contract_activity,infra,contract,deployer_contract_activity,Deployer patterns,Create/Create2 traces,"Ranks deployers by daily contracts created, detects factory reproduction.",generic,"[""day:date"", ""deployer:string"", ""contracts_created:number"", ""unique_salts:number""]","[{""key"": ""date_range"", ""type"": ""date_range"", ""label"": ""Date Range"", ""default"": {""to"": """", ""from"": """"}, ""required"": true}]"
infra.depositor_frequency_buckets,infra,bridge,depositor_frequency_buckets,Deposit frequency distribution,Ethereum transactions,Buckets wallets by number of deposits to bridge contract.,generic,"[""frequency_bucket:string"",""wallet_count:number""]","[{""key"": ""lookback_days"", ""type"": ""number"", ""label"": ""Lookback Days"", ""default"": ""30"", ""required"": false}]"
infra.depositor_nonce_classifier,infra,bridge,depositor_nonce_classifier,Nonce Experience,ZKSync deposits,Classifies depositors by max nonce into degen/seasoned/newbie with volume.,generic,"[""nonce_range:string"",""user_count:number"",""total_volume:number""]","[{""key"": ""bridge_address"", ""type"": ""address"", ""label"": ""Bridge Address"", ""default"": null, ""required"": true}]"
infra.depositor_nonce_distribution,infra,bridge,depositor_nonce_distribution,Nonce Buckets,Ethereum Bridge Depositors,Classifies depositors by max nonce bucket to detect degens vs newbies.,generic,"[""bucket:string"",""wallet_count:number""]","[{""key"": ""bridge_address"", ""type"": ""address"", ""label"": ""Bridge Contract"", ""default"": null, ""required"": true}]"
infra.depositor_value_buckets,infra,bridge,depositor_value_buckets,Deposit distribution,Value cohorts,Buckets unique depositors by total value ranges to bridge contract.,protocol:bridge,"[""bucket:string"",""users:number""]","[{""key"": ""contract_address"", ""type"": ""address"", ""label"": ""Contract Address"", ""default"": null, ""required"": true}, {""key"": ""min_usd"", ""type"": ""number"", ""label"": ""Min USD"", ""default"": ""0"", ""required"": false}]"
infra.depositor_value_cohorts,infra,bridge,depositor_value_cohorts,Depositor Value Bins,Ethereum Bridge Txs,Bins unique depositors by total bridged value ranges.,generic,"[""value_range:string"",""wallet_count:number"",""percentage:number""]","[{""key"": ""contract_address"", ""type"": ""address"", ""label"": ""Contract Address"", ""default"": null, ""required"": true}, {""key"": ""date_from"", ""type"": ""date"", ""label"": ""Start Date"", ""default"": null, ""required"": false}, {""key"": ""min_usd"", ""type"": ""number"", ""label"": ""Min USD"", ""default"": ""0"", ""required"": false}]"
infra.developer_protocol_interactions,infra,identity,developer_protocol_interactions,Dev Protocol Counts,Multi-Query Joins,Counts interactions of developers with protocols over time.,protocol:ethereum,"[""depositor_address:string"",""protocol_name:string"",""interaction_count:number""]","[{""key"": ""lookback_days"", ""type"": ""number"", ""label"": ""Lookback Days"", ""default"": ""365"", ""required"": true}, {""key"": ""namespace"", ""type"": ""text"", ""label"": ""Namespace Filter"", ""default"": ""defi"", ""required"": false}]"
infra.double_nonce_detector,infra,anomaly,double_nonce_detector,Duplicate Nonce Detection,Replay Attempt Finder,Identifies duplicate nonces from same sender across transactions.,generic,"[""sender:string"",""nonce:number"",""hash_a:string"",""hash_b:string"",""time_a:timestamp"",""time_b:timestamp""]","[{""key"": ""date_range"", ""type"": ""date_range"", ""label"": ""Date Range"", ""default"": {""to"": """", ""from"": """"}, ""required"": false}]"
infra.eip1167_proxy_share,infra,proxy,eip1167_proxy_share,Proxy deployment ratio,Ethereum contracts,Computes share of EIP-1167 proxies among daily new contracts via bytecode patterns.,generic,"[""day:date"",""new_contracts:number"",""eip1167_count:number"",""proxy_share:number""]","[{""key"": ""date_range"", ""type"": ""date_range"", ""label"": ""Date Range"", ""default"": {""to"": """", ""from"": """"}, ""required"": true}]"
infra.eip1167_target_leaderboard,infra,contract,eip1167_target_leaderboard,Clone Deploy Counts,EIP1167 bytecode parse,Counts deployments of EIP-1167 minimal proxy clones per target implementation address.,generic,"[""target_address:string"",""deploy_count:number""]","[{""key"": ""block_min"", ""type"": ""number"", ""label"": ""Min Block Number"", ""default"": ""6068064"", ""required"": false}]"
infra.eip1559_adoption_ratios,infra,gas,eip1559_adoption_ratios,EIP-1559 Adoption Metrics,Ethereum Transactions,Measures EIP-1559 DynamicFee vs Legacy tx ratios monthly post-London.,generic,"[""month:date"", ""eip1559_ratio:number"", ""legacy_ratio:number"", ""other_ratio:number""]","[{""key"": ""date_from"", ""type"": ""date"", ""label"": ""Start Date"", ""default"": ""2021-08-05"", ""required"": false}]"
infra.eip1559_tx_share,infra,gas,eip1559_tx_share,EIP-1559 tx pct,Ethereum transactions,Percentage of DynamicFee transactions over time.,generic,"[""period:timestamp"",""pct_dynamic:number""]","[{""key"": ""interval"", ""type"": ""select"", ""label"": ""Interval"", ""default"": ""minute"", ""options"": [{""label"": ""Minute"", ""value"": ""minute""}, {""label"": ""Hour"", ""value"": ""hour""}, {""label"": ""Day"", ""value"": ""day""}, {""label"": ""Week"", ""value"": ""week""}, {""label"": ""Month"", ""value"": ""month""}], ""required"": true}]"
infra.eip7702_authorization_analyzer,infra,eip7702,eip7702_authorization_analyzer,EIP-7702 Authorizations,Wallet Delegation Analysis,Analyzes EIP-7702 txs for wallet delegations and classifications.,generic,"[""wallet:string"",""delegated_address:string"",""chain_id:number"",""category:string""]","[{""key"": ""block_from"", ""type"": ""number"", ""label"": ""Min Block"", ""default"": ""22431086"", ""required"": false}]"
infra.eip7702_authorizations,infra,eip7702,eip7702_authorizations,Auth List,EIP-7702 Parser,Extracts authorizations from EIP-7702 transactions via unnesting.,generic,"[""transaction_hash:string"",""chain_id:number"",""authorized_address:string""]","[{""key"": ""wallet_address"", ""type"": ""address"", ""label"": ""Wallet Address"", ""default"": null, ""required"": true}]"
infra.factory_wallet_activity,infra,wallet,factory_wallet_activity,Wallet TX Count,Traces self-join,Counts monthly transactions from wallets deployed by factory.,generic,"[""month:date"", ""tx_count:number""]","[{""key"": ""deployer_address"", ""type"": ""address"", ""label"": ""Factory Deployer"", ""default"": null, ""required"": true}]"
infra.failed_tx_gas_analysis,infra,gas,failed_tx_gas_analysis,Failed Tx Gas Ratio,Base transactions,Analyzes gas consumption ratio in failed transactions daily.,generic,"[""day:date"", ""avg_gas_ratio:number"", ""median_gas_ratio:number""]","[{""key"": ""lookback_days"", ""type"": ""number"", ""label"": ""Lookback Days"", ""default"": ""30"", ""required"": false}]"
infra.fee_payer_deciles,infra,wallet,fee_payer_deciles,Fee concentration,Ethereum transactions,Computes cumulative fees paid by top user deciles.,generic,"[""decile:string"",""total_fees:number"",""cumulative_fees:number"",""share:number""]","[{""key"": ""date_range"", ""type"": ""date_range"", ""label"": ""Date Range"", ""default"": {""to"": """", ""from"": """"}, ""required"": true}]"
infra.gas_efficient_wallets,infra,gas,gas_efficient_wallets,Efficient Wallets,Base transactions,Ranks wallets by average gas used among high-activity users.,generic,"[""wallet:string"",""tx_count:number"",""avg_gas:number"",""total_gas:number""]","[{""key"": ""min_tx"", ""type"": ""number"", ""label"": ""Min Transactions"", ""default"": ""50"", ""required"": false}, {""key"": ""lookback_days"", ""type"": ""number"", ""label"": ""Lookback Days"", ""default"": ""90"", ""required"": false}]"
infra.gas_forwarding_classifier,infra,gas,gas_forwarding_classifier,Gas Forwarding Type,Ethereum Traces,Classifies contracts by forwarded gas patterns.,generic,"[""contract_address:string"",""type:string"",""call_count:number"",""min_forwarded_gas:number"",""median_forwarded_gas:number"",""max_forwarded_gas:number"",""classification:string""]","[{""key"": ""date_from"", ""type"": ""date"", ""label"": ""Start Date"", ""default"": null, ""required"": false}]"
infra.gas_limit_raises,infra,gas,gas_limit_raises,Gas Limit Signals,Block Changes,Counts blocks signaling gas limit raises using deltas and thresholds.,generic,"[""time:timestamp"", ""count_raises:number"", ""pct:number""]","[{""key"": ""threshold"", ""type"": ""number"", ""label"": ""Threshold (e.g. 30e6)"", ""default"": ""30028000"", ""required"": true}, {""key"": ""interval"", ""type"": ""select"", ""label"": ""Interval"", ""default"": ""day"", ""options"": [{""label"": ""Minute"", ""value"": ""minute""}, {""label"": ""Hour"", ""value"": ""hour""}, {""label"": ""Day"", ""value"": ""day""}, {""label"": ""Week"", ""value"": ""week""}, {""label"": ""Month"", ""value"": ""month""}], ""required"": true}, {""key"": ""date_from"", ""type"": ""date"", ""label"": ""Start Date"", ""default"": null, ""required"": false}]"
infra.gas_limit_raise_signals,infra,blocks,gas_limit_raise_signals,Gas Limit Signals,Ethereum Blocks,Counts daily blocks signalling gas limit raises with percentage.,generic,"[""time:timestamp"", ""count_raises:number"", ""daily_pct:number""]","[{""key"": ""threshold_usd"", ""type"": ""number"", ""label"": ""Min USD Threshold"", ""default"": ""45000000"", ""required"": false}, {""key"": ""date_from"", ""type"": ""date"", ""label"": ""Start Date"", ""default"": null, ""required"": false}]"
infra.gas_price_by_dow_hour,infra,price,gas_price_by_dow_hour,Gas Price Percentiles,Dow/hour percentiles,Computes gas price average and percentiles by day-of-week and hour.,generic,"[""day_of_week:number"",""hour_of_day:number"",""avg_gwei:number"",""p25_gwei:number"",""median_gwei:number"",""p75_gwei:number""]","[{""key"": ""lookback_days"", ""type"": ""number"", ""label"": ""Lookback Days"", ""default"": ""30"", ""required"": false}]"
infra.gas_price_by_weekday,infra,gas,gas_price_by_weekday,Gas Price Percentiles,Ethereum Transactions,"Computes avg, median, 90th percentile gas prices by weekday.",generic,"[""weekday:string"",""avg_gas_price:number"",""median_gas_price:number"",""p90_gas_price:number""]","[{""key"": ""date_from"", ""type"": ""date"", ""label"": ""Start Date"", ""default"": ""now-7d"", ""required"": false}]"
infra.gas_price_cumdist,infra,gas,gas_price_cumdist,Gas Distribution,Weekly percentiles,Gas price buckets with cumulative distribution of transactions.,generic,"[""gas_price:number"",""cumdist:number"",""tx_percent:number"",""tx_count:number""]","[{""key"": ""lookback_days"", ""type"": ""number"", ""label"": ""Lookback Days"", ""default"": ""7"", ""required"": true}]"
infra.gas_price_distribution_by_period,infra,gas,gas_price_distribution_by_period,Gas price percentiles,Ethereum transactions,Computes average and percentile gas prices over time periods.,generic,"[""period:string"",""avg_gwei:number"",""p10_gwei:number"",""median_gwei:number"",""p90_gwei:number"",""p99_gwei:number""]","[{""key"": ""lookback_days"", ""type"": ""number"", ""label"": ""Lookback Days"", ""default"": ""30"", ""required"": false}]"
infra.gas_price_dow_percentiles,infra,gas,gas_price_dow_percentiles,Gas Price Percentiles,Ethereum Transactions,"Calculates avg, median, and 90th percentile gas prices by day of week.",generic,"[""day_of_week:string"",""avg_gwei:number"",""median_gwei:number"",""p90_gwei:number""]","[{""key"": ""lookback_days"", ""type"": ""number"", ""label"": ""Lookback Days"", ""default"": ""7"", ""required"": true}, {""key"": ""chain"", ""type"": ""chain"", ""label"": ""Chain"", ""default"": ""ethereum"", ""required"": false, ""options"": [{""label"": ""Ethereum"", ""value"": ""ethereum""}, {""label"": ""Base"", ""value"": ""base""}, {""label"": ""Optimism"", ""value"": ""optimism""}, {""label"": ""Arbitrum"", ""value"": ""arbitrum""}, {""label"": ""Polygon"", ""value"": ""polygon""}, {""label"": ""BSC"", ""value"": ""bsc""}, {""label"": ""Avalanche"", ""value"": ""avalanche""}, {""label"": ""Celo"", ""value"": ""celo""}]}]"
infra.gas_price_moving_averages,infra,gas,gas_price_moving_averages,Gas Price Trends,Ethereum Transactions,Computes daily gas price with multi-period moving averages.,generic,"[""time:timestamp"", ""mean_gas:number"", ""ma_30:number"", ""ma_90:number"", ""ma_120:number"", ""ma_360:number""]","[{""key"": ""date_from"", ""type"": ""date"", ""label"": ""Start Date"", ""default"": null, ""required"": true}]"
infra.gas_price_percentiles,infra,gas,gas_price_percentiles,Gas Price Distribution,Ethereum Transactions,"Computes daily mean, median gas fees and deviation.",generic,"[""time:timestamp"", ""gas_fees_mean:number"", ""gas_fees_median:number"", ""shock:number""]","[{""key"": ""date_range"", ""type"": ""date_range"", ""label"": ""Date Range"", ""default"": {""to"": """", ""from"": """"}, ""required"": false}]"
infra.gas_price_percentiles_by_weekday,infra,gas,gas_price_percentiles_by_weekday,Gas Price Percentiles,Ethereum Transactions,"Computes average, median, and percentile gas prices by weekday.",generic,"[""weekday:string"",""avg_gas_price:number"",""median_gas_price:number"",""p90_gas_price:number""]","[{""key"": ""lookback_days"", ""type"": ""number"", ""label"": ""Lookback Days"", ""default"": ""7"", ""required"": false}]"
infra.gas_price_percentiles_weekday,infra,gas,gas_price_percentiles_weekday,Gas percentiles weekday,Ethereum transactions,"Computes average, median, p90 gas prices by weekday over lookback.",generic,"[""weekday:string"",""avg_gas:number"",""median_gas:number"",""p90_gas:number""]","[{""key"": ""lookback_days"", ""type"": ""number"", ""label"": ""Lookback Days"", ""default"": ""7"", ""required"": false}]"
infra.gas_price_percentiles_weekly,infra,gas,gas_price_percentiles_weekly,Gas Price Percentiles,Ethereum Transactions,"Computes average, median, and 90th percentile gas prices by weekday.",generic,"[""weekday:string"",""avg_gwei:number"",""median_gwei:number"",""p90_gwei:number""]","[{""key"": ""date_from"", ""type"": ""date"", ""label"": ""Start Date"", ""default"": ""now-7 days"", ""required"": false}]"
infra.gas_price_weekday_pattern,infra,gas,gas_price_weekday_pattern,Gas Price Percentiles,By Weekday,Analyzes gas price distribution by weekday.,generic,"[""weekday:string"",""avg_gas_price:number"",""median_gas_price:number"",""p90_gas_price:number""]","[{""key"": ""lookback_days"", ""type"": ""number"", ""label"": ""Lookback Days"", ""default"": ""365"", ""required"": false}]"
infra.gas_price_weekday_percentiles,infra,gas,gas_price_weekday_percentiles,Gas Price Percentiles,Ethereum Transactions,Computes gas price statistics by weekday.,generic,"[""weekday:string"",""avg_gas_price:number"",""median_gas_price:number"",""p90_gas_price:number""]","[{""key"": ""lookback_days"", ""type"": ""number"", ""label"": ""Lookback Days"", ""default"": ""7"", ""required"": false}]"
infra.gas_usage_by_type,infra,gas,gas_usage_by_type,Tx Type Gas Split,Daily Gas Categories,"Breaks down gas usage by transfer, token, deploy, and other operations.",generic,"[""time:timestamp"", ""eth_transfers:number"", ""token_transfers:number"", ""deploys:number"", ""other:number""]","[{""key"": ""date_range"", ""type"": ""date_range"", ""label"": ""Date Range"", ""default"": {""to"": """", ""from"": """"}, ""required"": true}, {""key"": ""interval"", ""type"": ""select"", ""label"": ""Interval"", ""default"": ""day"", ""options"": [{""label"": ""Minute"", ""value"": ""minute""}, {""label"": ""Hour"", ""value"": ""hour""}, {""label"": ""Day"", ""value"": ""day""}, {""label"": ""Week"", ""value"": ""week""}, {""label"": ""Month"", ""value"": ""month""}], ""required"": false}]"
infra.gas_weekday_percentiles,infra,gas,gas_weekday_percentiles,Gas price percentiles,ethereum.transactions,Aggregates gas price stats by weekday.,generic,"[""weekday:string"",""avg_gas_price:number"",""median_gas_price:number"",""nine_tenth_gas_price:number""]","[{""key"": ""lookback_days"", ""type"": ""number"", ""label"": ""Lookback Days"", ""default"": ""7"", ""required"": false}]"
infra.gnosis_safe_deployments,infra,wallet,gnosis_safe_deployments,Safe Creations,Setup Sig Detection,Detects Gnosis Safe deployments via delegatecall to mastercopies with setup sigs.,protocol:gnosis_safe,"[""time:timestamp"", ""count:number"", ""cum_count:number""]","[{""key"": ""lookback_days"", ""type"": ""number"", ""label"": ""Lookback Days"", ""default"": ""30"", ""required"": false}]"
infra.high_activity_bot_detector,infra,wallet,high_activity_bot_detector,Bot addresses score,solana.transactions,Detects bot addresses by transactions per hour exceeding threshold.,generic,"[""address:string"",""bot_score:number"",""hours_with_tx:number""]","[{""key"": ""lookback_days"", ""type"": ""number"", ""label"": ""Lookback Days"", ""default"": ""30"", ""required"": true}, {""key"": ""threshold_hours"", ""type"": ""number"", ""label"": ""Min Hours/Day"", ""default"": ""12"", ""required"": false}]"
infra.highfrequency_wallet_detector,infra,wallet,highfrequency_wallet_detector,Bot Activity Score,Tx density analysis,Detects potential bots by tx count and short activity span.,generic,"[""wallet:string"",""tx_count:number"",""active_duration:number"",""bot_score:number""]","[{""key"": ""date_from"", ""type"": ""date"", ""label"": ""Start Date"", ""default"": null, ""required"": true}, {""key"": ""lookback_days"", ""type"": ""number"", ""label"": ""Lookback Days"", ""default"": ""7"", ""required"": true}, {""key"": ""threshold_tx"", ""type"": ""number"", ""label"": ""Min Tx Count"", ""default"": ""50"", ""required"": false}]"
infra.high_gas_tx_ratio,infra,gas,high_gas_tx_ratio,High Gas Tx Proportion,Gas limit vs total txs,Computes daily ratio of high gas limit transactions to total.,generic,"[""day:date"", ""high_gas_ratio:number"", ""avg_gas_limit:number""]","[{""key"": ""lookback_days"", ""type"": ""number"", ""label"": ""Lookback Days"", ""default"": ""180"", ""required"": true}]"
infra.high_volume_trader_bridge_usage,infra,bridge,high_volume_trader_bridge_usage,Bridge Usage Metrics,Ethereum Transactions,Identifies high-volume traders interacting with bridges.,generic,"[""trader:string"",""bridge_address:string"",""usage_count:number""]","[{""key"": ""date_from"", ""type"": ""date"", ""label"": ""Start Date"", ""default"": ""90 days ago"", ""required"": false}, {""key"": ""min_eth"", ""type"": ""number"", ""label"": ""Min Volume ETH"", ""default"": ""2000"", ""required"": false}]"
infra.hourly_gas_deciles,infra,gas,hourly_gas_deciles,Hourly gas percentiles,Polygon transactions,Gas price deciles by hour of day.,generic,"[""hour:number"",""decile:number"",""avg_gas_price:number""]","[{""key"": ""lookback_months"", ""type"": ""number"", ""label"": ""Lookback months"", ""default"": ""3"", ""required"": false}]"
infra.hourly_gas_percentiles,infra,gas,hourly_gas_percentiles,Gas Price Distribution,Arbitrum Transactions,Computes hourly gas price statistics including percentiles.,generic,"[""hour:timestamp"", ""avg_gas_price:number"", ""median_gas_price:number"", ""p90_gas_price:number""]","[{""key"": ""date_from"", ""type"": ""date"", ""label"": ""Start Date"", ""default"": null, ""required"": true}]"
infra.instruction_activity_classifier,infra,tx,instruction_activity_classifier,Instruction Breakdown,Log Messages,Classifies transaction instructions from program logs.,generic,"[""instruction_type:string"",""transaction_count:number""]","[{""key"": ""date_range"", ""type"": ""date_range"", ""label"": ""Date Range"", ""default"": {""to"": """", ""from"": """"}, ""required"": true}]"
infra.l2_bridge_daily_metrics,infra,bridge,l2_bridge_daily_metrics,Bridge Deposits Metrics,Ethereum Transactions,"Aggregates daily unique depositors, tx count, volume, avg deposit for L2 bridges.",protocol,"[""time:timestamp"", ""unique_wallets:number"", ""txs:number"", ""eth_volume:number"", ""avg_eth_per_tx:number""]","[{""key"": ""bridge_address"", ""type"": ""address"", ""label"": ""Bridge Contract"", ""default"": null, ""required"": true}, {""key"": ""date_from"", ""type"": ""date"", ""label"": ""Start Date"", ""default"": ""180 days ago"", ""required"": false}]"
infra.l2_bridge_weekly_users,infra,bridge,l2_bridge_weekly_users,Weekly Unique Users,Ethereum Bridges,Counts unique weekly bridgers across L2 protocols.,generic,"[""dt:date"",""chain:string"",""unique_users:number""]","[{""key"": ""date_from"", ""type"": ""date"", ""label"": ""Start Date"", ""default"": null, ""required"": false}]"
infra.l2_cumulative_user_growth,infra,l2,l2_cumulative_user_growth,L2 user growth,ethereum.transactions,Computes cumulative users and growth for L2 bridges.,generic,"[""day:date"", ""blockchain:string"", ""num_users:number"", ""day_on_day_diff:number""]","[{""key"": ""l2_protocol"", ""type"": ""text"", ""label"": ""L2 protocol"", ""default"": null, ""required"": true}]"
infra.l2_gas_consumption_pct,infra,l2,l2_gas_consumption_pct,L2 L1 gas share,L2 settlement txs,Daily percentage of L1 gas used by L2 settlement addresses.,generic,"[""dt:date"",""total_gas:number"",""l2_gas:number"",""pct:number""]","[{""key"": ""date_range"", ""type"": ""date_range"", ""label"": ""Date Range"", ""default"": {""to"": """", ""from"": """"}, ""required"": true}]"
infra.l2_sequencer_gas_share,infra,gas,l2_sequencer_gas_share,L2 vs Total Gas,Ethereum Gas Usage,Compares daily gas used by L2 sequencer to total Ethereum gas.,protocol:arbitrum,"[""day:date"", ""l2_gas:number"", ""total_gas:number"", ""l2_share:number""]","[{""key"": ""protocol"", ""type"": ""text"", ""label"": ""Protocol"", ""default"": ""arbitrum"", ""required"": true}, {""key"": ""lookback_days"", ""type"": ""number"", ""label"": ""Lookback Days"", ""default"": ""30"", ""required"": false}]"
infra.l2_settlement_gas,infra,l2,l2_settlement_gas,L2 settlement gas,transactions L2 contracts,Aggregates gas used for L2 settlement across multiple protocols.,generic,"[""dt:date"", ""arbitrum:number"", ""optimism:number"", ""total_gas:number""]","[{""key"": ""interval"", ""type"": ""select"", ""label"": ""Interval"", ""default"": ""week"", ""options"": [{""label"": ""Minute"", ""value"": ""minute""}, {""label"": ""Hour"", ""value"": ""hour""}, {""label"": ""Day"", ""value"": ""day""}, {""label"": ""Week"", ""value"": ""week""}, {""label"": ""Month"", ""value"": ""month""}], ""required"": true}, {""key"": ""l2_contracts"", ""type"": ""text"", ""label"": ""L2 contracts list"", ""default"": null, ""required"": false}]"
infra.label_interaction_counts,infra,identity,label_interaction_counts,Label Tx Interactions,traces + labels,Counts distinct transactions where one labeled contract executes internal transactions to another labeled contract.,generic,"[""contract_execute:string"",""contract_interacted:string"",""hash_times:number""]","[{""key"": ""chain"", ""type"": ""chain"", ""label"": ""Chain"", ""default"": null, ""required"": true, ""options"": [{""label"": ""Ethereum"", ""value"": ""ethereum""}, {""label"": ""Base"", ""value"": ""base""}, {""label"": ""Optimism"", ""value"": ""optimism""}, {""label"": ""Arbitrum"", ""value"": ""arbitrum""}, {""label"": ""Polygon"", ""value"": ""polygon""}, {""label"": ""BSC"", ""value"": ""bsc""}, {""label"": ""Avalanche"", ""value"": ""avalanche""}, {""label"": ""Celo"", ""value"": ""celo""}]}, {""key"": ""date_range"", ""type"": ""date_range"", ""label"": ""Date Range"", ""default"": {""to"": """", ""from"": """"}, ""required"": true}, {""key"": ""label_from"", ""type"": ""text"", ""label"": ""From Label"", ""default"": null, ""required"": false}, {""key"": ""label_to"", ""type"": ""text"", ""label"": ""To Label"", ""default"": null, ""required"": false}]"
infra.layering_detector,infra,wallet,layering_detector,Fast Consecutive Txs,Anomaly Detection,Detects rapid sequential transfers indicating layering or wash trading.,generic,"[""wallet:string"",""recipient:string"",""amount:number"",""time_delta:number"",""suspicious:boolean""]","[{""key"": ""lookback_days"", ""type"": ""number"", ""label"": ""Lookback Days"", ""default"": ""3"", ""required"": true}, {""key"": ""min_usd"", ""type"": ""number"", ""label"": ""Min USD"", ""default"": ""100"", ""required"": false}]"
infra.low_gas_behavior_detector,infra,gas,low_gas_behavior_detector,low gas scorer,weekly gas analysis,Scores addresses for consistently low gas usage relative to weekly averages.,generic,"[""address:string"",""low_gas_ratio:number"",""consecutive_weeks:number"",""total_txs:number""]","[{""key"": ""threshold"", ""type"": ""number"", ""label"": ""\""Low Gas Threshold %\"""", ""default"": ""70"", ""required"": false}, {""key"": ""lookback_weeks"", ""type"": ""number"", ""label"": ""\""Analysis Weeks\"""", ""default"": ""4"", ""required"": false}, {""key"": ""min_txs"", ""type"": ""number"", ""label"": ""\""Min Weekly Tx\"""", ""default"": ""10"", ""required"": false}]"
infra.median_gas_price_timeseries,infra,gas,median_gas_price_timeseries,Median Gas Price,Polygon Transactions,Computes median gas price in gwei over time intervals.,generic,"[""time:timestamp"", ""median_gas:number""]","[{""key"": ""interval"", ""type"": ""select"", ""label"": ""Interval"", ""default"": ""day"", ""options"": [{""label"": ""Minute"", ""value"": ""minute""}, {""label"": ""Hour"", ""value"": ""hour""}, {""label"": ""Day"", ""value"": ""day""}, {""label"": ""Week"", ""value"": ""week""}, {""label"": ""Month"", ""value"": ""month""}], ""required"": true}, {""key"": ""lookback_days"", ""type"": ""number"", ""label"": ""Lookback Days"", ""default"": ""30"", ""required"": true}]"
infra.merge_tx_initiators,infra,tx,merge_tx_initiators,rolling initiators,merge event analysis,Computes rolling average tx initiators pre/post merge.,generic,"[""block_number:number"",""merge_event:string"",""rolling_avg_initiators:number""]","[{""key"": ""lookback_blocks"", ""type"": ""number"", ""label"": ""Blocks Around Merge"", ""default"": ""10000"", ""required"": false}]"
infra.mining_hashrate_dist,infra,mining,mining_hashrate_dist,Hashrate Distribution,ethereum.blocks table,Distributes miner hashrates from blocks per minute.,generic,"[""hashrate:number"",""miners_count:number""]","[{""key"": ""lookback_days"", ""type"": ""number"", ""label"": ""Lookback Days"", ""default"": ""30"", ""required"": false}]"
infra.missed_slots_detector,infra,block,missed_slots_detector,Missed Slots Rate,Ethereum Blocks,Detects missed block proposals by comparing actual blocks to expected 12-second slots.,generic,"[""slot_time:timestamp"", ""missed_slot:boolean"", ""avg_blobs:number""]","[{""key"": ""hours"", ""type"": ""number"", ""label"": ""Lookback Hours"", ""default"": null, ""required"": true}]"
infra.missed_slots_trends,infra,blocks,missed_slots_trends,Missed Slots MAs,Ethereum Blocks,Calculates missed slots per minute with 30/60/120-minute moving averages.,generic,"[""time:timestamp"", ""blocks_per_min:number"", ""missed_blocks:number"", ""ma_30min:number"", ""ma_60min:number"", ""ma_120min:number""]","[{""key"": ""date_from"", ""type"": ""date"", ""label"": ""Start Date"", ""default"": ""10"", ""required"": false}]"
infra.monthly_retention_cohort,infra,wallet,monthly_retention_cohort,Cohort Retention Rates,Arbitrum Transactions,Computes retention rates by monthly user cohorts.,generic,"[""cohort_month:date"", ""retention_rate:number"", ""active_wallets:number""]","[{""key"": ""lookback_months"", ""type"": ""number"", ""label"": ""Lookback Months"", ""default"": ""4"", ""required"": true}]"
infra.monthly_user_retention,infra,wallet,monthly_user_retention,Retention Rate,Ethereum Transactions,Calculates monthly user retention from prior cohort.,generic,"[""period:string"",""retention:number"",""cohort_size:number"",""retained_size:number""]","[{""key"": ""lookback_days"", ""type"": ""number"", ""label"": ""Lookback Days"", ""default"": ""365"", ""required"": false}]"
infra.net_issuance_trends,infra,blocks,net_issuance_trends,Net Issuance MAs,Ethereum Blocks,Calculates net ETH issuance per block with 1/5/30-block moving averages.,generic,"[""block_number:number"",""net_issuance_1ma:number"",""net_issuance_5ma:number"",""net_issuance_30ma:number""]","[{""key"": ""min_block"", ""type"": ""number"", ""label"": ""Min Block"", ""default"": ""12965000"", ""required"": false}]"
infra.network_success_metrics,infra,gas,network_success_metrics,Tx Success Fees,Daily Aggregates,"Computes daily tx counts, success rates, and fees.",generic,"[""block_date:date"", ""total_tx:number"", ""success_rate:number"", ""total_fees:number"", ""avg_fee:number""]","[{""key"": ""lookback_days"", ""type"": ""number"", ""label"": ""Lookback Days"", ""default"": ""7"", ""required"": true}, {""key"": ""chain"", ""type"": ""chain"", ""label"": ""Chain"", ""default"": ""solana"", ""required"": false, ""options"": [{""label"": ""Ethereum"", ""value"": ""ethereum""}, {""label"": ""Base"", ""value"": ""base""}, {""label"": ""Optimism"", ""value"": ""optimism""}, {""label"": ""Arbitrum"", ""value"": ""arbitrum""}, {""label"": ""Polygon"", ""value"": ""polygon""}, {""label"": ""BSC"", ""value"": ""bsc""}, {""label"": ""Avalanche"", ""value"": ""avalanche""}, {""label"": ""Celo"", ""value"": ""celo""}]}]"
infra.network_user_growth,infra,wallet,network_user_growth,New vs Returning Users,Ethereum Transactions,"Computes new users, total users, transactions, and cumulatives by period.",generic,"[""time:timestamp"", ""txs:number"", ""users_new:number"", ""users:number"", ""txs_cumulative:number"", ""users_cumulative:number""]","[{""key"": ""timebox"", ""type"": ""select"", ""label"": ""Time Interval"", ""default"": ""day"", ""options"": [{""label"": ""Minute"", ""value"": ""minute""}, {""label"": ""Hour"", ""value"": ""hour""}, {""label"": ""Day"", ""value"": ""day""}, {""label"": ""Week"", ""value"": ""week""}, {""label"": ""Month"", ""value"": ""month""}], ""required"": true}]"
infra.new_contracts_weekly,infra,contracts,new_contracts_weekly,New Contracts Cohort,Arbitrum Logs Analysis,Counts weekly new contracts by first log emission.,generic,"[""week:date"", ""new_count:number"", ""pct_change:number""]","[{""key"": ""lookback_days"", ""type"": ""number"", ""label"": ""Lookback Days"", ""default"": ""30"", ""required"": false}]"
infra.new_user_cohort_daily,infra,wallet,new_user_cohort_daily,First Interaction Day,Indexer Transactions,Counts daily new users by first tx date.,protocol:ens,"[""first_day:date"",""new_users:number"",""cumulative_users:number""]","[{""key"": ""protocol"", ""type"": ""text"", ""label"": ""Protocol"", ""default"": null, ""required"": true}, {""key"": ""date_from"", ""type"": ""date"", ""label"": ""Start Date"", ""default"": null, ""required"": false}]"
infra.new_user_cohort_txs,infra,wallet,new_user_cohort_txs,Cohort Activity,Optimism Transactions,Counts transactions for new users in time cohorts post-first-tx.,protocol:optimism,"[""cohort:string"",""tx_count:number""]","[{""key"": ""lookback_days"", ""type"": ""number"", ""label"": ""Lookback Days"", ""default"": ""30"", ""required"": false}]"
infra.new_user_first_methods,infra,wallet,new_user_first_methods,First Methods,New User Onboarding,Identifies methods called by new users excluding common ones.,generic,"[""methodId:string"",""tx_count:number""]","[{""key"": ""date_from"", ""type"": ""date"", ""label"": ""Start Date"", ""default"": ""now-90d"", ""required"": false}, {""key"": ""chain"", ""type"": ""chain"", ""label"": ""Chain"", ""default"": ""arbitrum"", ""required"": false, ""options"": [{""label"": ""Ethereum"", ""value"": ""ethereum""}, {""label"": ""Base"", ""value"": ""base""}, {""label"": ""Optimism"", ""value"": ""optimism""}, {""label"": ""Arbitrum"", ""value"": ""arbitrum""}, {""label"": ""Polygon"", ""value"": ""polygon""}, {""label"": ""BSC"", ""value"": ""bsc""}, {""label"": ""Avalanche"", ""value"": ""avalanche""}, {""label"": ""Celo"", ""value"": ""celo""}]}]"
infra.new_user_value_cohorts,infra,wallet,new_user_value_cohorts,New user value bands,base.transactions,Aggregates value transacted by new users in time windows post-first-tx.,generic,"[""cohort_day:date"", ""value_24h:number"", ""value_2_7d:number"", ""total_value:number""]","[{""key"": ""lookback_days"", ""type"": ""number"", ""label"": ""Lookback Days"", ""default"": ""30"", ""required"": false}, {""key"": ""min_usd"", ""type"": ""number"", ""label"": ""Min USD"", ""default"": ""0"", ""required"": false}]"
infra.new_wallets_per_day,infra,wallet,new_wallets_per_day,New Wallets Daily,Ethereum Transactions,Counts wallets appearing with first transaction each day.,generic,"[""day:date"", ""new_wallets:number""]","[{""key"": ""lookback_days"", ""type"": ""number"", ""label"": ""Lookback Days"", ""default"": ""30"", ""required"": false}]"
infra.new_wallets_timeseries,infra,wallet,new_wallets_timeseries,New Wallets,Ethereum Transactions,Counts first-time active wallets by period.,generic,"[""period:date"",""new_wallets_count:number""]","[{""key"": ""interval"", ""type"": ""select"", ""label"": ""Interval"", ""default"": ""month"", ""options"": [{""label"": ""Minute"", ""value"": ""minute""}, {""label"": ""Hour"", ""value"": ""hour""}, {""label"": ""Day"", ""value"": ""day""}, {""label"": ""Week"", ""value"": ""week""}, {""label"": ""Month"", ""value"": ""month""}], ""required"": true}, {""key"": ""date_from"", ""type"": ""date"", ""label"": ""Start Date"", ""default"": null, ""required"": false}]"
infra.nonce_filtered_dau,infra,wallet,nonce_filtered_dau,Bot-Filtered DAU,Ethereum Transactions,Calculates DAU with nonce thresholds to classify bots vs power users.,generic,"[""day:date"", ""dau:number"", ""dau_nonce_5:number"", ""dau_nonce_10:number"", ""dau_nonce_50:number"", ""dau_nonce_100:number""]","[{""key"": ""date_range"", ""type"": ""date_range"", ""label"": ""Date Range"", ""default"": {""to"": """", ""from"": """"}, ""required"": false}]"
infra.operator_balance_leaderboard,infra,oracle,operator_balance_leaderboard,Operator Balances,EigenDA operator logs,Ranks operators by cumulative daily balances.,protocol:eigenda,"[""operator:string"",""date:date"",""balance:number""]","[{""key"": ""top_n"", ""type"": ""number"", ""label"": ""Top N"", ""default"": ""10"", ""required"": false}, {""key"": ""date_from"", ""type"": ""date"", ""label"": ""Start Date"", ""default"": null, ""required"": true}]"
infra.oracle_active_publishers,infra,oracle,oracle_active_publishers,Oracle Active Publishers,Pyth publishers and feeds,Counts active publishers and price feeds updated.,protocol:pyth,"[""publisher:string"",""price_accounts_count:number"",""updates:number""]","[{""key"": ""lookback_days"", ""type"": ""number"", ""label"": ""Lookback Days"", ""default"": ""7"", ""required"": true}]"
infra.oracle_consumer_leaderboard,infra,oracle,oracle_consumer_leaderboard,Oracle Usage Rank,Chainlink Feeds,Ranks protocols by oracle price feed calls.,generic,"[""protocol:string"",""feed_used:string"",""call_count:number""]","[{""key"": ""lookback_days"", ""type"": ""number"", ""label"": ""Lookback Days"", ""default"": ""30"", ""required"": true}, {""key"": ""price_account"", ""type"": ""address"", ""label"": ""Price Account"", ""default"": null, ""required"": false}]"
infra.oracle_feed_diff_detector,infra,oracle,oracle_feed_diff_detector,Price deviation bps,Chainlink feeds arb,Detects oracle price deviations exceeding thresholds across feeds.,generic,"[""feed_address:string"", ""deviation_bps:number"", ""timestamp:timestamp"", ""confidence:number""]","[{""key"": ""threshold_bps"", ""type"": ""number"", ""label"": ""Deviation threshold (bps)"", ""default"": ""5"", ""required"": false}, {""key"": ""date_from"", ""type"": ""date"", ""label"": ""Start Date"", ""default"": null, ""required"": true}]"
infra.oracle_request_volume,infra,oracle,oracle_request_volume,Oracle Requests Daily,Input sig filter,Counts oracle requests per receiver over time.,generic,"[""day:date"", ""receiver:string"", ""requests:number""]","[{""key"": ""oracle_sig"", ""type"": ""text"", ""label"": ""Function Sig"", ""default"": ""0x40429946"", ""required"": true}, {""key"": ""date_from"", ""type"": ""date"", ""label"": ""Start Date"", ""default"": null, ""required"": false}]"
infra.orbit_chains_batch_revenue,infra,l3,orbit_chains_batch_revenue,L3 Batch Metrics,Orbit Chains Insights,"Aggregates batches, revenue, gas across orbit sequencer chains.",protocol:arbitrum,"[""chain_name:string"",""total_batches:number"",""revenue_eth:number"",""gas_insights:number""]","[{""key"": ""chain_name"", ""type"": ""text"", ""label"": ""Chain Name"", ""default"": ""All Chains"", ""required"": false}]"
infra.peak_tps_seconds,infra,gas,peak_tps_seconds,Top TPS Moments,Second-level peaks,Ranks highest TPS seconds with active wallets.,generic,"[""second:string"",""tps:number"",""active_wallets:number"",""rank:number""]","[{""key"": ""lookback_days"", ""type"": ""number"", ""label"": ""Lookback Days"", ""default"": ""7"", ""required"": true}]"
infra.post_blob_volume_shift,infra,dex,post_blob_volume_shift,Post-Blob Volume,Dune dex.trades,Compares DEX volume pre/post EIP-4844 blob upgrade by chain.,generic,"[""dex:string"",""pre_blob:number"",""post_blob:number""]","[{""key"": ""chain"", ""type"": ""chain"", ""label"": ""Chain"", ""default"": ""arbitrum"", ""required"": true, ""options"": [{""label"": ""Ethereum"", ""value"": ""ethereum""}, {""label"": ""Base"", ""value"": ""base""}, {""label"": ""Optimism"", ""value"": ""optimism""}, {""label"": ""Arbitrum"", ""value"": ""arbitrum""}, {""label"": ""Polygon"", ""value"": ""polygon""}, {""label"": ""BSC"", ""value"": ""bsc""}, {""label"": ""Avalanche"", ""value"": ""avalanche""}, {""label"": ""Celo"", ""value"": ""celo""}]}, {""key"": ""dex"", ""type"": ""text"", ""label"": ""DEX"", ""default"": ""uniswap"", ""required"": true}]"
infra.power_user_tx_distribution,infra,wallet,power_user_tx_distribution,Transaction Count Bins,Dune Query 1969788,Classifies wallets into transaction volume tiers revealing power user distribution.,generic,"[""bin:string"",""wallet_count:number"",""pct:number""]","[{""key"": ""date_range"", ""type"": ""date_range"", ""label"": ""Date Range"", ""default"": {""to"": """", ""from"": """"}, ""required"": true}, {""key"": ""min_tx"", ""type"": ""number"", ""label"": ""Min Transactions"", ""default"": ""1"", ""required"": false}]"
infra.priority_fee_analyzer,infra,gas,priority_fee_analyzer,Priority Fee Stats,Dune Solana Transactions,Computes average priority fees per transaction bucket.,generic,"[""minute:timestamp"",""avg_priority_fee:number"",""tx_count:number""]","[{""key"": ""lookback_hours"", ""type"": ""number"", ""label"": ""\""Lookback Hours\"""", ""default"": ""720"", ""required"": true}]"
infra.priority_fee_p90,infra,gas,priority_fee_p90,P90 Priority Fee,Solana Transactions,Computes P90 priority fee from ComputeBudget instructions.,generic,"[""minute:timestamp"", ""p90_priority_fee:number""]","[{""key"": ""date_range"", ""type"": ""date_range"", ""label"": ""Date Range"", ""default"": {""to"": """", ""from"": """"}, ""required"": true}]"
infra.priority_fee_percentile,infra,gas,priority_fee_percentile,Gas Fee Percentiles,Below 75th Percentile,Sums fees below 75th percentile for priority analysis.,generic,"[""total_fee_below_p75:number"",""percentile_75:number""]","[{""key"": ""date_range"", ""type"": ""date_range"", ""label"": ""Date Range"", ""default"": {""to"": """", ""from"": """"}, ""required"": true}]"
infra.priority_fee_tier_distribution,infra,gas,priority_fee_tier_distribution,Fee tier breakdown,Solana tx classification,Classifies transactions into priority fee brackets with counts.,generic,"[""fee_category:string"",""transaction_count:number""]","[{""key"": ""day"", ""type"": ""date"", ""label"": ""Analysis day"", ""default"": null, ""required"": true}]"
infra.priority_fee_volume,infra,gas,priority_fee_volume,Priority Fee Aggregates,Dune Solana Transactions,Aggregates priority fees exceeding base from high-fee transactions.,generic,"[""date:date"", ""total_fees_sol:number"", ""avg_priority_fee:number""]","[{""key"": ""date_from"", ""type"": ""date"", ""label"": ""Start Date"", ""default"": null, ""required"": true}, {""key"": ""threshold_fee"", ""type"": ""number"", ""label"": ""Min Fee Lamports"", ""default"": ""1000"", ""required"": false}]"
infra.program_compute_consumption,infra,gas,program_compute_consumption,Compute Units per Program,Log Message Parsing,Aggregates consumed and allocated compute units per program.,generic,"[""program:string"",""cu_consumed:number"",""cu_allocated:number"",""tx_count:number""]","[{""key"": ""date_range"", ""type"": ""date_range"", ""label"": ""Date Range"", ""default"": {""to"": """", ""from"": """"}, ""required"": true}]"
infra.program_compute_leaderboard,infra,gas,program_compute_leaderboard,Compute Usage Ranking,Log-parsed CU consumption,Ranks programs by compute units consumed and invocations.,generic,"[""month:date"",""program_id:string"",""total_compute:number"",""transaction_count:number"",""unique_users:number""]","[{""key"": ""date_range"", ""type"": ""date_range"", ""label"": ""Date Range"", ""default"": {""to"": """", ""from"": """"}, ""required"": true}, {""key"": ""top_n"", ""type"": ""number"", ""label"": ""Top N"", ""default"": ""10"", ""required"": false}]"
infra.program_monthly_active_users,infra,program,program_monthly_active_users,Monthly Active Users,Instructions and Inner Instructions,Ranks programs by distinct signers monthly.,generic,"[""month:date"", ""program:string"", ""user_count:number""]","[{""key"": ""date_range"", ""type"": ""date_range"", ""label"": ""Date Range"", ""default"": {""to"": """", ""from"": """"}, ""required"": true}, {""key"": ""top_n"", ""type"": ""number"", ""label"": ""Top N"", ""default"": ""10"", ""required"": false}]"
infra.protocol_activity_share,infra,l3,protocol_activity_share,L3 Activity Share,Polygon Transactions,Computes protocol's share of total chain activity.,protocol:polygon,"[""dt:date"", ""total_txs:number"", ""protocol_txs:number"", ""tx_share:number"", ""total_users:number"", ""protocol_users:number"", ""user_share:number""]","[{""key"": ""protocol"", ""type"": ""text"", ""label"": ""Protocol"", ""default"": null, ""required"": true}, {""key"": ""date_from"", ""type"": ""date"", ""label"": ""Start Date"", ""default"": ""2022-09-05"", ""required"": false}]"
infra.protocol_daily_activity,infra,protocol,protocol_daily_activity,Daily Txs/Users,Cumulative metrics,"Daily transactions, unique users, and cumulatives for protocol.",generic,"[""block_date:date"", ""tx_count:number"", ""user_count:number"", ""cum_txs:number"", ""cum_users:number""]","[{""key"": ""contract_address"", ""type"": ""address"", ""label"": ""Contract Address"", ""default"": null, ""required"": true}, {""key"": ""date_from"", ""type"": ""date"", ""label"": ""Start Date"", ""default"": null, ""required"": true}]"
infra.protocol_gas_efficiency,infra,gas,protocol_gas_efficiency,Gas Efficiency Score,Ethereum Transactions,Ranks top protocols by gas efficiency metrics.,generic,"[""contract_address:string"",""tx_count:number"",""avg_gas_used:number"",""efficiency_score:number""]","[{""key"": ""since"", ""type"": ""date"", ""label"": ""Analysis Period"", ""default"": ""365 days ago"", ""required"": false}]"
infra.protocol_l2_fees,infra,gas,protocol_l2_fees,L2 Execution Fees,Arbitrum Transactions,Aggregates L2 execution fees excluding L1 posting costs for protocol.,generic,"[""date:date"", ""l2_fees:number""]","[{""key"": ""contract_address"", ""type"": ""address"", ""label"": ""Contract Address"", ""default"": null, ""required"": true}, {""key"": ""date_range"", ""type"": ""date_range"", ""label"": ""Date Range"", ""default"": {""to"": """", ""from"": """"}, ""required"": true}]"
infra.protocol_new_chain_users,infra,wallet,protocol_new_chain_users,New vs Migrant Users,Onboarding Classification,Classifies protocol users as new to chain or existing migrants.,generic,"[""is_new_address:string"",""number_of_addresses:number""]","[{""key"": ""protocol_address"", ""type"": ""address"", ""label"": ""Protocol Addr"", ""default"": null, ""required"": true}]"
infra.proxy_call_signatures,infra,proxy,proxy_call_signatures,Proxy Call Graph,traces + signatures,Extracts function signatures of internal calls from a proxy contract.,generic,"[""caller:string"",""funcsig_caller:string"",""funcsig_callee:string""]","[{""key"": ""chain"", ""type"": ""chain"", ""label"": ""Chain"", ""default"": null, ""required"": true, ""options"": [{""label"": ""Ethereum"", ""value"": ""ethereum""}, {""label"": ""Base"", ""value"": ""base""}, {""label"": ""Optimism"", ""value"": ""optimism""}, {""label"": ""Arbitrum"", ""value"": ""arbitrum""}, {""label"": ""Polygon"", ""value"": ""polygon""}, {""label"": ""BSC"", ""value"": ""bsc""}, {""label"": ""Avalanche"", ""value"": ""avalanche""}, {""label"": ""Celo"", ""value"": ""celo""}]}, {""key"": ""proxy"", ""type"": ""address"", ""label"": ""Proxy Contract"", ""default"": null, ""required"": true}]"
infra.safe_guards_count,infra,wallet,safe_guards_count,Enabled Guards,Safe latest logs,Counts Safes with currently enabled guards.,generic,"[""count:number""]","[{""key"": ""chain"", ""type"": ""chain"", ""label"": ""Chain"", ""default"": ""ethereum"", ""required"": true, ""options"": [{""label"": ""Ethereum"", ""value"": ""ethereum""}, {""label"": ""Base"", ""value"": ""base""}, {""label"": ""Optimism"", ""value"": ""optimism""}, {""label"": ""Arbitrum"", ""value"": ""arbitrum""}, {""label"": ""Polygon"", ""value"": ""polygon""}, {""label"": ""BSC"", ""value"": ""bsc""}, {""label"": ""Avalanche"", ""value"": ""avalanche""}, {""label"": ""Celo"", ""value"": ""celo""}]}]"
infra.second_tx_retention_cohort,infra,wallet,second_tx_retention_cohort,Cohort Retention,Polygon Transactions,Computes monthly cohorts of first-time wallets and those returning for second transaction.,generic,"[""cohort_month:date"", ""first_time_wallet:number"", ""returned_wallet:number""]","[{""key"": ""date_from"", ""type"": ""date"", ""label"": ""Start Date"", ""default"": null, ""required"": false}]"
infra.settlement_gas_daily,infra,l2,settlement_gas_daily,L2 Settlement Gas,Ethereum L2 Proofs,Daily total gas used for L2 batch settlement and proofs on L1.,generic,"[""day:date"",""total_gas_used:number""]","[{""key"": ""protocol"", ""type"": ""text"", ""label"": ""Protocol"", ""default"": ""arbitrum"", ""required"": true}, {""key"": ""date_from"", ""type"": ""date"", ""label"": ""Start Date"", ""default"": null, ""required"": false}]"
infra.single_delegatecall_txs,infra,proxy,single_delegatecall_txs,Delegatecall Executions,Depth-1 Analysis,Identifies transactions with exactly one top-level delegatecall for proxy patterns.,generic,"[""tx_hash:string"", ""proxy:string"", ""impl:string"", ""block_time:timestamp""]","[{""key"": ""lookback_days"", ""type"": ""number"", ""label"": ""Lookback Days"", ""default"": ""30"", ""required"": false}]"
infra.slot_utilization,infra,blocks,slot_utilization,Missed Slots & Fullness,Ethereum Blocks,"Computes slot utilization, missed blocks, and blob fullness with moving averages.",generic,"[""time:timestamp"", ""slot_utilization:number"", ""ma:number"", ""ma_inv:number"", ""blob_fullness:number""]","[{""key"": ""ma_window"", ""type"": ""number"", ""label"": ""MA Window"", ""default"": ""24"", ""required"": true}, {""key"": ""date_from"", ""type"": ""date"", ""label"": ""Start Date"", ""default"": null, ""required"": false}]"
infra.slot_utilization_metrics,infra,blocks,slot_utilization_metrics,Slot & Blob Fullness,Ethereum Blocks,"Computes hourly slot utilization, blob fullness, and configurable moving averages.",generic,"[""time:timestamp"", ""slot_utilization:number"", ""ma_utilization:number"", ""blob_fullness:number""]","[{""key"": ""ma_window"", ""type"": ""number"", ""label"": ""MA Window"", ""default"": null, ""required"": true}, {""key"": ""date_from"", ""type"": ""date"", ""label"": ""Start Date"", ""default"": null, ""required"": false}]"
infra.smart_account_holdings_usd,infra,wallet,smart_account_holdings_usd,Holdings Valuation,Balances x prices,Values smart account token holdings in USD.,protocol:base,"[""er""]","[{""key"": ""lookback_days"", ""type"": ""number"", ""label"": ""Lookback Days"", ""default"": ""30"", ""required"": false}]"
infra.smart_contract_deployments_cumulative,infra,create,smart_contract_deployments_cumulative,Cumulative Deployments,Contract Creations,Tracks daily and cumulative smart contract deployments.,generic,"[""date:date"", ""daily:number"", ""cumulative:number""]","[{""key"": ""interval"", ""type"": ""select"", ""label"": ""Interval"", ""default"": ""day"", ""options"": [{""label"": ""Minute"", ""value"": ""minute""}, {""label"": ""Hour"", ""value"": ""hour""}, {""label"": ""Day"", ""value"": ""day""}, {""label"": ""Week"", ""value"": ""week""}, {""label"": ""Month"", ""value"": ""month""}], ""required"": true}]"
infra.smart_wallet_eoa_pairs,infra,wallet,smart_wallet_eoa_pairs,Agent Wallet Deployments,Zyfai Agent Logs,Pairs smart wallets with EOA creators.,protocol:zyfai,"[""tx_hash:string"",""smart_wallet:string"",""eoa:string""]","[{""key"": ""protocol"", ""type"": ""text"", ""label"": ""Protocol"", ""default"": ""zyfai"", ""required"": false}]"
infra.staking_depositors_leaderboard,infra,staking,staking_depositors_leaderboard,Top Staking Depositors,Deposit contract sum,Ranks top ETH staking depositors by amount.,protocol:beacon,"[""depositor:string"",""total_eth:number""]","[{""key"": ""deposit_contract"", ""type"": ""address"", ""label"": ""Deposit Contract"", ""default"": ""0x00000000219ab540356cbb839Cbe05303d7705Fa"", ""required"": false}, {""key"": ""top_n"", ""type"": ""number"", ""label"": ""Top N"", ""default"": ""100"", ""required"": false}]"
infra.sybil_farm_detector,infra,sybil,sybil_farm_detector,Sybil Addresses,Arbitrum Transactions,Detects sybil wallets via paired low-value funding from farms and dust outflows.,protocol:arbitrum,"[""sybil_addr:string"",""first_tx_time:timestamp"",""second_tx_time:timestamp"",""funding_eth:number""]","[{""key"": ""lookback_days"", ""type"": ""number"", ""label"": ""Lookback Days"", ""default"": ""30"", ""required"": false}]"
infra.sybil_funding_detector,infra,identity,sybil_funding_detector,Sybil Farm Patterns,Dune Queries 3768316+,Detects sybil addresses funded by known sources within value ranges across time windows.,generic,"[""sybil_addr:string"",""funder:string"",""value_eth:number"",""first_tx:timestamp"",""second_tx:timestamp""]","[{""key"": ""funder_addresses"", ""type"": ""address[]"", ""label"": ""Funder Addresses"", ""default"": [], ""required"": true}, {""key"": ""value_min"", ""type"": ""number"", ""label"": ""Min Value ETH"", ""default"": ""0.001"", ""required"": true}, {""key"": ""value_max"", ""type"": ""number"", ""label"": ""Max Value ETH"", ""default"": ""0.1"", ""required"": true}, {""key"": ""date_range"", ""type"": ""date_range"", ""label"": ""Date Range"", ""default"": {""to"": """", ""from"": """"}, ""required"": true}]"
infra.template_time_to_100,infra,contract,template_time_to_100,Days to 100 clones,Ethereum contracts,Measures days from first to 100th deployment per bytecode family.,generic,"[""family:string"",""first_day:date"",""day_100:date"",""days_to_100:number""]","[{""key"": ""date_range"", ""type"": ""date_range"", ""label"": ""Date Range"", ""default"": {""to"": """", ""from"": """"}, ""required"": true}]"
infra.timeboost_success_analyzer,infra,gas,timeboost_success_analyzer,Success Rate Impact,Timeboost analysis,Measures transaction success rates split by timeboost usage and rollout period.,protocol:arbitrum,"[""date:date"",""period:string"",""success_rate:number"",""boosted_success_rate:number""]","[{""key"": ""date_from"", ""type"": ""date"", ""label"": ""Start Date"", ""default"": null, ""required"": true}, {""key"": ""block_threshold"", ""type"": ""number"", ""label"": ""Timeboost Block"", ""default"": null, ""required"": false}]"
infra.top_active_programs,infra,program,top_active_programs,Top Active Programs,By instruction invocations,Ranks programs by instruction count.,generic,"[""program:string"",""invocation_count:number""]","[{""key"": ""date_from"", ""type"": ""date"", ""label"": ""Start Date"", ""default"": null, ""required"": true}, {""key"": ""top_n"", ""type"": ""number"", ""label"": ""Top N"", ""default"": ""30"", ""required"": false}]"
infra.top_block_producers,infra,validator,top_block_producers,Validator Leaderboard,ethereum.blocks table,Ranks top validators by blocks produced and share.,generic,"[""rank:number"",""address:string"",""blocks_produced:number"",""share:number"",""first_block:number""]","[{""key"": ""lookback_days"", ""type"": ""number"", ""label"": ""Lookback Days"", ""default"": ""30"", ""required"": false}]"
infra.top_bridge_depositors,infra,bridge,top_bridge_depositors,Bridged ETH Leaderboard,Bridge Transactions,Ranks top depositors by total bridged ETH with tx count and average.,protocol,"[""rank:number"",""wallet:string"",""total_eth:number"",""tx_count:number"",""avg_eth:number""]","[{""key"": ""contract_address"", ""type"": ""address"", ""label"": ""Contract Address"", ""default"": null, ""required"": true}, {""key"": ""top_n"", ""type"": ""number"", ""label"": ""Top N"", ""default"": ""100"", ""required"": false}]"
infra.top_contract_depositors,infra,holders,top_contract_depositors,Top Depositors,Contract Deposits,Top wallets by total ETH deposited to contract.,generic,"[""wallet:string"",""total_eth:number"",""deposit_count:number""]","[{""key"": ""lookback_days"", ""type"": ""number"", ""label"": ""Lookback Days"", ""default"": ""30"", ""required"": false}]"
infra.top_contracts_activity,infra,contract,top_contracts_activity,Contract Activity,Ethereum Transactions,Ranks contracts by transaction volume.,generic,"[""contract_address:string"",""tx_count:number""]","[{""key"": ""date_from"", ""type"": ""date"", ""label"": ""Start Date"", ""default"": ""30"", ""required"": true}, {""key"": ""top_n"", ""type"": ""number"", ""label"": ""Top N"", ""default"": ""10"", ""required"": false}]"
infra.top_contracts_by_daily_txs,infra,contract,top_contracts_by_daily_txs,Contract Tx Leaderboard,Ethereum Transactions,Ranks contracts by daily interaction count.,generic,"[""day:date"", ""contract_address:string"", ""tx_count:number""]","[{""key"": ""date_from"", ""type"": ""date"", ""label"": ""Start Date"", ""default"": null, ""required"": true}, {""key"": ""top_n"", ""type"": ""number"", ""label"": ""Top N"", ""default"": ""10"", ""required"": false}]"
infra.top_contracts_daily_unique_users,infra,contract,top_contracts_daily_unique_users,Top Contracts Leaderboard,Ethereum Transactions,Ranks contracts by daily unique interacting users with contract call filter.,generic,"[""day:date"", ""contract_address:string"", ""unique_users:number"", ""rank:number""]","[{""key"": ""date_from"", ""type"": ""date"", ""label"": ""Start Date"", ""default"": null, ""required"": true}, {""key"": ""top_n"", ""type"": ""number"", ""label"": ""Top N"", ""default"": ""10"", ""required"": false}]"
infra.top_contracts_leaderboard,infra,contract,top_contracts_leaderboard,Top Contracts Tx Count,Polygon Transactions,Ranks contracts by transaction volume with links.,generic,"[""contract_address:string"",""transaction_count:number"",""link:string""]","[{""key"": ""date_from"", ""type"": ""date"", ""label"": ""Start Date"", ""default"": null, ""required"": false}, {""key"": ""top_n"", ""type"": ""number"", ""label"": ""Top N"", ""default"": ""50"", ""required"": false}]"
infra.top_deployers_leaderboard,infra,deployer,top_deployers_leaderboard,Deployer activity metrics,Ethereum contracts submitted,"Ranks deployers by contracts deployed, namespaces spanned, dynamic/factory counts.",generic,"[""deployer:string"",""contract_count:number"",""distinct_namespaces:number"",""dynamic_contracts:number"",""factory_contracts:number""]","[{""key"": ""lookback_days"", ""type"": ""number"", ""label"": ""Lookback Days"", ""default"": ""30"", ""required"": true}]"
infra.top_gas_contracts,infra,gas,top_gas_contracts,Gas Leaderboard,Arbitrum Transactions,Ranks contracts by total gas consumption.,generic,"[""contract:string"",""total_gas:number"",""tx_count:number""]","[{""key"": ""lookback_days"", ""type"": ""number"", ""label"": ""Lookback Days"", ""default"": ""30"", ""required"": false}, {""key"": ""top_n"", ""type"": ""number"", ""label"": ""Top N"", ""default"": ""20"", ""required"": false}]"
infra.top_gas_spenders,infra,gas,top_gas_spenders,Gas Spenders,Ethereum Transactions,Ranks wallets by total gas spent and tx count.,generic,"[""wallet:string"",""tx_count:number"",""total_gas_eth:number""]","[{""key"": ""date_from"", ""type"": ""date"", ""label"": ""Start Date"", ""default"": ""7"", ""required"": true}, {""key"": ""top_n"", ""type"": ""number"", ""label"": ""Top N"", ""default"": ""15"", ""required"": false}]"
infra.top_method_signatures_weekly,infra,transaction,top_method_signatures_weekly,Method Usage Trends,Ethereum + signatures,Ranks most common transaction method signatures weekly.,generic,"[""week:date"", ""signature:string"", ""occurrences:number""]","[{""key"": ""min_occurrences"", ""type"": ""number"", ""label"": ""Min Occurrences"", ""default"": ""50000"", ""required"": false}]"
infra.top_n_transaction_receivers,infra,identity,top_n_transaction_receivers,Top Receivers,Transaction counts,Ranks top transaction receivers by count.,generic,"[""account:string"",""txs:number"",""name:string"",""category:string""]","[{""key"": ""chain"", ""type"": ""chain"", ""label"": ""Chain"", ""default"": null, ""required"": true, ""options"": [{""label"": ""Ethereum"", ""value"": ""ethereum""}, {""label"": ""Base"", ""value"": ""base""}, {""label"": ""Optimism"", ""value"": ""optimism""}, {""label"": ""Arbitrum"", ""value"": ""arbitrum""}, {""label"": ""Polygon"", ""value"": ""polygon""}, {""label"": ""BSC"", ""value"": ""bsc""}, {""label"": ""Avalanche"", ""value"": ""avalanche""}, {""label"": ""Celo"", ""value"": ""celo""}]}, {""key"": ""last_dt"", ""type"": ""number"", ""label"": ""Days back"", ""default"": null, ""required"": true}, {""key"": ""top_n"", ""type"": ""number"", ""label"": ""Top N"", ""default"": null, ""required"": true}]"
infra.top_programs_by_tx,infra,program,top_programs_by_tx,Top Programs Tx Count,Dune Solana Instructions,Ranks programs by transaction volume from exploded instructions.,generic,"[""program:string"",""tx_count:number"",""label:string""]","[{""key"": ""date_range"", ""type"": ""date_range"", ""label"": ""Date Range"", ""default"": {""to"": """", ""from"": """"}, ""required"": true}, {""key"": ""top_n"", ""type"": ""number"", ""label"": ""Top N"", ""default"": ""50"", ""required"": false}]"
infra.top_programs_leaderboard,infra,programs,top_programs_leaderboard,Program Tx Rank,Instruction Explode,Ranks programs by transaction volume.,generic,"[""program:string"",""tx_count:number"",""rank:number""]","[{""key"": ""date_from"", ""type"": ""date"", ""label"": ""Start Date"", ""default"": null, ""required"": true}, {""key"": ""lookback_days"", ""type"": ""number"", ""label"": ""Lookback Days"", ""default"": ""7"", ""required"": false}]"
infra.top_tipped_oracles,infra,oracle,top_tipped_oracles,Total Tips,Chainlink tip logs,Ranks Chainlink feeds by total tips received.,protocol:chainlink,"[""tipped_feed_id:string"",""total_tips_submitted:number""]","[{""key"": ""date_from"", ""type"": ""date"", ""label"": ""Start Date"", ""default"": null, ""required"": false}, {""key"": ""top_n"", ""type"": ""number"", ""label"": ""Top N"", ""default"": ""10"", ""required"": false}]"
infra.trace_error_rate,infra,gas,trace_error_rate,Failed Traces %,Ethereum Traces,Calculates percentage of failed traces by period.,generic,"[""year:number"",""error_percentage:number""]","[{""key"": ""date_range"", ""type"": ""date_range"", ""label"": ""Date Range"", ""default"": {""to"": """", ""from"": """"}, ""required"": false}]"
infra.transaction_classifier,infra,wallet,transaction_classifier,Tx Type Breakdown,Ethereum Transactions,"Classifies transactions by patterns like deployments, whale transfers, MEV bots.",generic,"[""day:date"", ""classification:string"", ""tx_count:number"", ""volume:number""]","[{""key"": ""date_range"", ""type"": ""date_range"", ""label"": ""Date Range"", ""default"": {""to"": """", ""from"": """"}, ""required"": true}]"
infra.transaction_type_breakdown,infra,tx,transaction_type_breakdown,Tx categories,Ethereum tx types,"Categorizes transactions as contract creations, calls, or ETH transfers.",generic,"[""tx_type:string"",""count:number""]","[{""key"": ""date_range"", ""type"": ""date_range"", ""label"": ""Date Range"", ""default"": {""to"": """", ""from"": """"}, ""required"": false}]"
infra.tx_distribution_per_wallet,infra,wallet,tx_distribution_per_wallet,Tx Power Law,Polygon Transactions,Analyzes transaction count distribution per wallet.,generic,"[""txs_amount:number"",""wallet_count:number"",""percentage:number"",""average:number""]","[{""key"": ""lookback_days"", ""type"": ""number"", ""label"": ""Lookback Days"", ""default"": ""365"", ""required"": true}]"
infra.user_active_weeks_ratio,infra,wallet,user_active_weeks_ratio,Active Weeks Ratio,User Retention Metrics,Computes user active weeks ratio using nonce and week ranks.,generic,"[""address:string"",""active_weeks_ratio:number"",""tx_count:number""]","[{""key"": ""address_list"", ""type"": ""address[]"", ""label"": ""EOAs"", ""default"": [], ""required"": true}]"
infra.user_activity_days_distribution,infra,bridge,user_activity_days_distribution,Active Days Bins,Ethereum Bridge Txs,Bins bridge users by distinct active days percentage.,generic,"[""days_bin:string"",""active_users:number"",""percentage:string""]","[{""key"": ""contract_address"", ""type"": ""address"", ""label"": ""Contract Address"", ""default"": null, ""required"": true}]"
infra.user_activity_distribution,infra,wallet,user_activity_distribution,Tx Count Bins,Base transactions table,Bins users by total transaction count to reveal power law distribution.,generic,"[""tx_bin:string"",""user_count:number"",""pct:number""]","[{""key"": ""lookback_days"", ""type"": ""number"", ""label"": ""Lookback Days"", ""default"": ""30"", ""required"": false}]"
infra.user_activity_duration,infra,wallet,user_activity_duration,Activity span days,First-last tx gap,Computes days between first and last tx for repeat users.,generic,"[""time_diff:number"",""user_count:number"",""cumulative:number""]","[{""key"": ""contract_address"", ""type"": ""address"", ""label"": ""Contract Address"", ""default"": null, ""required"": true}, {""key"": ""min_txs"", ""type"": ""text"", ""label"": ""Min txs"", ""default"": ""2"", ""required"": false}]"
infra.user_activity_stickiness,infra,wallet,user_activity_stickiness,Activity day distribution,Base transactions,Percent of users by days active in period.,generic,"[""days_active_category:string"",""user_count:number"",""percentage:number""]","[{""key"": ""lookback_days"", ""type"": ""number"", ""label"": ""Lookback Days"", ""default"": ""90"", ""required"": true}]"
infra.user_contract_diversity_distribution,infra,wallet,user_contract_diversity_distribution,Contract Diversity Bins,Base transactions table,Bins users by unique contracts interacted with for activity diversity insight.,generic,"[""contract_bin:string"",""user_count:number""]","[{""key"": ""lookback_days"", ""type"": ""number"", ""label"": ""Lookback Days"", ""default"": ""30"", ""required"": false}]"
infra.user_nonce_buckets,infra,bridge,user_nonce_buckets,Nonce Experience Buckets,Ethereum Transactions,Classifies bridge users by max nonce into experience buckets.,generic,"[""nonce_range:string"",""wallet_count:number""]","[{""key"": ""contract_address"", ""type"": ""address"", ""label"": ""Contract Address"", ""default"": null, ""required"": true}, {""key"": ""date_from"", ""type"": ""date"", ""label"": ""Start Date"", ""default"": null, ""required"": false}]"
infra.user_session_analyzer,infra,wallet,user_session_analyzer,Session Patterns,Base transactions,Detects user sessions from transaction timing gaps for behavior classification.,generic,"[""wallet:string"",""session_count:number"",""avg_session_txs:number"",""bot_score:number""]","[{""key"": ""days_lookback"", ""type"": ""number"", ""label"": ""Days Lookback"", ""default"": ""7"", ""required"": true}, {""key"": ""session_gap_min"", ""type"": ""number"", ""label"": ""Session Gap Minutes"", ""default"": ""30"", ""required"": false}]"
infra.user_tx_count_cohorts,infra,bridge,user_tx_count_cohorts,User Tx Bins,Ethereum Bridge Txs,Bins unique users by number of bridge transactions.,generic,"[""tx_range:string"",""user_count:number"",""percentage:number""]","[{""key"": ""contract_address"", ""type"": ""address"", ""label"": ""Contract Address"", ""default"": null, ""required"": true}, {""key"": ""date_from"", ""type"": ""date"", ""label"": ""Start Date"", ""default"": null, ""required"": false}]"
infra.user_tx_count_distribution,infra,wallet,user_tx_count_distribution,User Buckets,Optimism Transactions,Buckets users by lifetime transaction counts.,protocol:optimism,"[""bucket:string"",""user_count:number""]","[{""key"": ""lookback_days"", ""type"": ""number"", ""label"": ""Lookback Days"", ""default"": null, ""required"": false}]"
infra.user_tx_distribution,infra,wallet,user_tx_distribution,Activity Buckets,Ethereum users,Distributes users into tx count ranges since genesis.,generic,"[""tx_range:string"",""user_count:number""]","[{""key"": ""date_from"", ""type"": ""date"", ""label"": ""Start Date"", ""default"": ""2021-11-11"", ""required"": false}]"
infra.validator_delegation_activity,infra,staking,validator_delegation_activity,Delegation metrics per validator,solana.instruction_calls,"Aggregates delegation tx counts, first/last activity per validator vote account.",generic,"[""validator_vote_account:string"",""delegation_txn_count:number"",""first_delegation:timestamp"",""last_delegation:timestamp""]","[{""key"": ""validator_vote"", ""type"": ""address"", ""label"": ""Vote Account"", ""default"": null, ""required"": false}]"
infra.vrf_fulfillment_latency,infra,oracle,vrf_fulfillment_latency,VRF Response Time,Chainlink VRF Logs,Computes latency between VRF requests and fulfillments.,protocol:chainlink_vrf,"[""request_time:timestamp"",""fulfill_time:timestamp"",""latency_seconds:number"",""request_id:string""]","[{""key"": ""date_range"", ""type"": ""date_range"", ""label"": ""Date Range"", ""default"": {""to"": """", ""from"": """"}, ""required"": true}]"
infra.wallet_activity_buckets,infra,bridge,wallet_activity_buckets,Bridge user activity,Active days/nonces,Buckets bridge wallets by active days or nonce count.,generic,"[""activity_range:string"",""wallet_count:number""]","[{""key"": ""lookback_days"", ""type"": ""number"", ""label"": ""Lookback Days"", ""default"": ""30"", ""required"": false}]"
infra.wallet_activity_classifier,infra,wallet,wallet_activity_classifier,User Activity Metrics,Dune Queries 2162942+,"Computes active weeks ratio, nonce gaps, and tx patterns to classify bot vs power vs casual users.",generic,"[""address:string"",""active_weeks_ratio:number"",""tx_count:number"",""nonce_gap:number"",""bot_score:number""]","[{""key"": ""wallet_address"", ""type"": ""address"", ""label"": ""Wallet Address"", ""default"": null, ""required"": false}, {""key"": ""lookback_days"", ""type"": ""number"", ""label"": ""Lookback Days"", ""default"": ""365"", ""required"": true}]"
infra.wallet_activity_metrics,infra,wallet,wallet_activity_metrics,Wallet engagement score,ethereum.transactions,"Computes wallet age, activity frequency, spend metrics.",generic,"[""wallet_address:string"",""tx_count:number"",""age_days:number"",""active_days:number"",""total_gas_eth:number"",""total_eth_value:number""]","[{""key"": ""wallet_address"", ""type"": ""address"", ""label"": ""Wallet Address"", ""default"": null, ""required"": true}]"
infra.wallet_activity_profile,infra,wallet,wallet_activity_profile,Wallet activity metrics,Arbitrum transactions,"Computes total transactions, active weeks, nonce progression, and recency for wallet.",generic,"[""tx_count:number"",""active_weeks:number"",""max_nonce:number"",""days_since_last_tx:number""]","[{""key"": ""wallet_address"", ""type"": ""address"", ""label"": ""Wallet Address"", ""default"": null, ""required"": true}]"
infra.wallet_age_tx_classifier,infra,wallet,wallet_age_tx_classifier,Wallet cohorts by age/tx,Dune ethereum.transactions,Classifies wallets by age and tx count into cohorts.,generic,"[""wallet:string"",""age_days:number"",""tx_count:number"",""cohort:string""]","[{""key"": ""lookback_days"", ""type"": ""number"", ""label"": ""Lookback Days"", ""default"": null, ""required"": true}]"
infra.wallet_cohort_retention,infra,wallet,wallet_cohort_retention,Cohort Retention,Fee payer cohorts,"Calculates weekly active users, retention weeks since join, program diversity.",generic,"[""cohort_week:date"", ""weeks_since:number"", ""wau:number"", ""programs:number""]","[{""key"": ""lookback_days"", ""type"": ""number"", ""label"": ""Lookback Days"", ""default"": ""90"", ""required"": true}]"
infra.wallet_cumulative_gas,infra,wallet,wallet_cumulative_gas,Cumulative spend,Gas and tx history,Tracks cumulative transactions and gas fees over wallet lifetime.,generic,"[""block_time:timestamp"",""cum_eth_gas:number"",""cum_txs:number""]","[{""key"": ""wallet_address"", ""type"": ""address"", ""label"": ""Wallet Address"", ""default"": null, ""required"": true}]"
infra.wallet_first_tx_rank,infra,wallet,wallet_first_tx_rank,Wallet Rank by First Tx,Ethereum transactions,Ranks wallets globally by their first transaction order.,generic,"[""address:string"",""first_time:timestamp"",""wallet_rank:number""]","[{""key"": ""wallet_address"", ""type"": ""address"", ""label"": ""Wallet Address"", ""default"": null, ""required"": false}]"
infra.wallet_gas_cumulative,infra,gas,wallet_gas_cumulative,Cumulative Gas Fees,Ethereum Transactions,Computes cumulative gas fees paid by wallet over time.,generic,"[""block_time:timestamp"", ""cum_gas_fees:number""]","[{""key"": ""wallet_address"", ""type"": ""address"", ""label"": ""Wallet Address"", ""default"": null, ""required"": true}]"
infra.wallet_gas_fees,infra,wallet,wallet_gas_fees,Cumulative gas fees,Ethereum transactions,Calculates cumulative gas fees spent by wallet.,generic,"[""block_time:timestamp"", ""cum_gas_fees:number""]","[{""key"": ""wallet_address"", ""type"": ""address"", ""label"": ""Wallet Address"", ""default"": null, ""required"": true}]"
infra.wallet_gas_rank,infra,gas,wallet_gas_rank,Gas spending percentiles,Base transactions,Ranks wallets by total gas spent with percentile buckets.,generic,"[""wallet_address:string"",""total_gas_spent_eth:number"",""rank:number"",""percentile_bucket:string""]","[{""key"": ""date_from"", ""type"": ""date"", ""label"": ""Start Date"", ""default"": ""2024-01-01"", ""required"": true}, {""key"": ""top_n"", ""type"": ""number"", ""label"": ""Top N"", ""default"": ""1000000"", ""required"": false}]"
infra.wallet_linkage_detector,infra,identity,wallet_linkage_detector,Linked wallet pairs,Mutual transfer clustering,Detects wallet clusters via bidirectional transfers indicating linkage.,generic,"[""master_address:string"",""linked_count:number"",""paired_addresses:string""]","[{""key"": ""date_range"", ""type"": ""date_range"", ""label"": ""Date Range"", ""default"": {""to"": """", ""from"": """"}, ""required"": false}]"
infra.wallet_new_vs_returning_daily,infra,wallet,wallet_new_vs_returning_daily,Daily New/Returning Wallets,Polygon Transactions,"Counts daily new first-time, returning, and total active wallets.",generic,"[""day:date"", ""new_wallets:number"", ""returning_wallets:number"", ""total_wallets:number""]","[{""key"": ""date_from"", ""type"": ""date"", ""label"": ""Start Date"", ""default"": null, ""required"": false}, {""key"": ""lookback_days"", ""type"": ""number"", ""label"": ""Lookback Days"", ""default"": ""90"", ""required"": false}]"
infra.wallet_nonce_classifier,infra,wallet,wallet_nonce_classifier,Nonce Classification,Ethereum Transactions,Classifies wallets by nonce and value patterns.,generic,"[""classification:string"",""wallet:string"",""max_nonce:number"",""total_value:number""]","[{""key"": ""contract_address"", ""type"": ""address"", ""label"": ""Contract Address"", ""default"": null, ""required"": true}]"
infra.wallet_tx_count_distribution,infra,wallet,wallet_tx_count_distribution,Tx count CDF per wallet,Dune ethereum.transactions,Computes daily tx count distribution with CDF for wallets.,generic,"[""tx_count_per_day:number"",""num_wallets:number"",""pct_of_wallets:number"",""cdf:number""]","[{""key"": ""date_from"", ""type"": ""date"", ""label"": ""Start Date"", ""default"": null, ""required"": true}]"
infra.wallet_type_classifier,infra,wallet,wallet_type_classifier,Wallet activity types,polygon.transactions,Classifies wallets by total fees paid and transaction volume.,generic,"[""wallet_address:string"",""total_fees_eth:number"",""tx_count:number"",""wallet_type:string""]","[{""key"": ""lookback_days"", ""type"": ""number"", ""label"": ""Lookback Days"", ""default"": ""30"", ""required"": false}, {""key"": ""top_n"", ""type"": ""number"", ""label"": ""Top N"", ""default"": ""100"", ""required"": false}]"
infra.weekday_gas_percentiles,infra,gas,weekday_gas_percentiles,Gas Price Percentiles,Ethereum Transactions,"Computes average, median, and P90 gas prices by weekday.",generic,"[""weekday:string"",""avg_gwei:number"",""median_gwei:number"",""p90_gwei:number""]","[{""key"": ""lookback_days"", ""type"": ""number"", ""label"": ""Lookback Days"", ""default"": ""7"", ""required"": false}]"
infra.weekly_cohort_retention,infra,wallet,weekly_cohort_retention,Cohort retention rates,Base transactions,Computes weekly cohort retention with active users by weeks since cohort.,generic,"[""cohort:string"", ""week:date"", ""weeks:number"", ""active_addresses:number""]","[{""key"": ""protocol_address"", ""type"": ""address"", ""label"": ""Protocol address"", ""default"": null, ""required"": true}, {""key"": ""interval"", ""type"": ""select"", ""label"": ""Interval"", ""default"": ""week"", ""options"": [{""label"": ""Minute"", ""value"": ""minute""}, {""label"": ""Hour"", ""value"": ""hour""}, {""label"": ""Day"", ""value"": ""day""}, {""label"": ""Week"", ""value"": ""week""}, {""label"": ""Month"", ""value"": ""month""}], ""required"": false}]"
infra.weekly_network_stats,infra,network,weekly_network_stats,Network Usage Metrics,Ethereum Transactions,"Aggregates weekly users, txs, cumulative txs, gas usage with median.",generic,"[""time:timestamp"", ""user_count:number"", ""tx_count:number"", ""cum_tx_count:number"", ""total_gas_used:number"", ""avg_gas_used:number"", ""median_gas_used:number""]","[{""key"": ""lookback_days"", ""type"": ""number"", ""label"": ""Lookback Days"", ""default"": ""365"", ""required"": false}]"
infra.weekly_new_vs_returning_users,infra,wallet,weekly_new_vs_returning_users,New vs Returning,Polygon Transactions,Computes weekly new and returning active users.,generic,"[""week:date"", ""unique_users:number"", ""new_users:number"", ""returning_users:number""]","[{""key"": ""contract_address"", ""type"": ""address"", ""label"": ""Contract Address"", ""default"": null, ""required"": true}, {""key"": ""lookback_days"", ""type"": ""number"", ""label"": ""Lookback Days"", ""default"": ""365"", ""required"": true}]"
infra.weekly_returning_wallets,infra,wallet,weekly_returning_wallets,Returning wallets,Polygon transactions,Counts weekly returning wallets.,generic,"[""week:date"", ""returning_wallets:number""]","[{""key"": ""lookback_days"", ""type"": ""number"", ""label"": ""Lookback Days"", ""default"": ""180"", ""required"": false}]"
infra.weekly_wallet_retention,infra,wallet,weekly_wallet_retention,Weekly Retention Rates,Ethereum Transactions,"Computes 1-week, 2-week, and 3-week retention rates for weekly active wallets.",generic,"[""wk:string"",""retention_week_1:number"",""retention_week_2:number"",""retention_week_3:number""]","[{""key"": ""lookback_weeks"", ""type"": ""number"", ""label"": ""Lookback Weeks"", ""default"": ""10"", ""required"": false}]"
infra.withdrawal_request_processor,infra,oracle,withdrawal_request_processor,Processed Requests,ethereum.traces,Tracks processed withdrawal requests with sequential IDs.,protocol:0x7d5706f6ef3f89b3951e23e557cdfbc3239d4e2c,"[""timestamp:timestamp"", ""blockNumber:number"", ""maxRequestId:number""]","[{""key"": ""date_from"", ""type"": ""date"", ""label"": ""Start Date"", ""default"": null, ""required"": true}]"
lending.borrower_debt_usd,lending,borrow,borrower_debt_usd,Debt USD Value,Debt + prices join,Converts borrower running debt to USD at loan timestamp.,generic,"[""timestamp:timestamp"", ""borrower:string"", ""borrow_usd:number""]","[{""key"": ""pool_address"", ""type"": ""address"", ""label"": ""Pool Address"", ""default"": null, ""required"": true}, {""key"": ""price_token"", ""type"": ""address"", ""label"": ""Price Token"", ""default"": null, ""required"": true}]"
lending.delinquency_risk_scorer,lending,borrow,delinquency_risk_scorer,Borrower risk,Transaction patterns,Scores borrower delinquency risk from activity and loan patterns.,generic,"[""borrower:string"",""risk_score:number"",""signals:string""]","[{""key"": ""lookback_days"", ""type"": ""number"", ""label"": ""Lookback Days"", ""default"": ""7"", ""required"": true}, {""key"": ""min_loan_usd"", ""type"": ""number"", ""label"": ""Min loan USD"", ""default"": ""10000"", ""required"": false}]"
lending.interest_rate_adjustments,lending,borrow,interest_rate_adjustments,Rate change history,traces input parsing,Extracts interest rate changes by asset from batch calls.,generic,"[""block_time:timestamp"", ""asset:string"", ""interest_rate:number""]","[{""key"": ""contract_address"", ""type"": ""address"", ""label"": ""Contract Address"", ""default"": null, ""required"": true}, {""key"": ""date_from"", ""type"": ""date"", ""label"": ""Start Date"", ""default"": null, ""required"": false}]"
lending.liquidation_volume,lending,borrow,liquidation_volume,Liquidation Metrics,Pre-bal change sum,Aggregates liquidation volumes by token from failed logs.,generic,"[""date:date"", ""token_mint:string"", ""volume:number""]","[{""key"": ""lookback_days"", ""type"": ""number"", ""label"": ""Lookback Days"", ""default"": ""30"", ""required"": false}]"
mev.arbitrage_bot_detector,mev,arb,arbitrage_bot_detector,Detects arb bot wallets,Dune dex.trades self-join,Identifies arbitrage bots via circular token swaps in same tx.,generic,"[""address:string"",""name:string"",""blockchain:string"",""count:number""]","[{""key"": ""protocol"", ""type"": ""text"", ""label"": ""Protocol"", ""default"": null, ""required"": true}, {""key"": ""lookback_days"", ""type"": ""number"", ""label"": ""Lookback Days"", ""default"": ""30"", ""required"": false}]"
mev.arbitrage_trade_detector,mev,arb,arbitrage_trade_detector,Arb Trade Insights,dex_solana.trades,Detects arbitrage trades by identifying first/last tokens in multi-instruction DEX transactions.,generic,"[""tx_id:string"",""block_time:timestamp"",""amount_usd:number"",""token_sold:string"",""token_bought:string""]","[{""key"": ""date_from"", ""type"": ""date"", ""label"": ""Start Date"", ""default"": null, ""required"": true}, {""key"": ""chain"", ""type"": ""chain"", ""label"": ""Chain"", ""default"": ""solana"", ""required"": false, ""options"": [{""label"": ""Ethereum"", ""value"": ""ethereum""}, {""label"": ""Base"", ""value"": ""base""}, {""label"": ""Optimism"", ""value"": ""optimism""}, {""label"": ""Arbitrum"", ""value"": ""arbitrum""}, {""label"": ""Polygon"", ""value"": ""polygon""}, {""label"": ""BSC"", ""value"": ""bsc""}, {""label"": ""Avalanche"", ""value"": ""avalanche""}, {""label"": ""Celo"", ""value"": ""celo""}]}]"
mev.high_freq_trader_detector,mev,wallet,high_freq_trader_detector,Bot signals,dex_solana.trades,Flags high-frequency traders by trades per minute and total volume.,generic,"[""wallet:string"",""trades_per_min:number"",""total_trades:number"",""bot_score:number""]","[{""key"": ""lookback_days"", ""type"": ""number"", ""label"": ""Lookback Days"", ""default"": ""30"", ""required"": true}, {""key"": ""min_trades"", ""type"": ""number"", ""label"": ""Min trades"", ""default"": ""100"", ""required"": false}]"
mev.mev_block_share,mev,mev,mev_block_share,MEV Blocks Ratio,Blocks + MEV Data,Calculates percentage of blocks containing MEV activity versus total blocks weekly.,generic,"[""time:timestamp"", ""mev_pct:number""]","[{""key"": ""lookback_days"", ""type"": ""number"", ""label"": ""Lookback Days"", ""default"": ""30"", ""required"": false}]"
mev.mev_builder_classifier,mev,builders,mev_builder_classifier,Builder Shares,Ethereum Traces,Classifies MEV builders from block proposer calls.,generic,"[""builder:string"",""tx_count:number""]","[{""key"": ""date_from"", ""type"": ""date"", ""label"": ""Start Date"", ""default"": null, ""required"": true}]"
mev.mev_bundle_detector,mev,bundle,mev_bundle_detector,MEV Bundles,Ethereum Transactions,Detects potential MEV bundles via close-index transactions with from-to links.,generic,"[""block_time:timestamp"", ""block_number:number"", ""hash:string""]","[{""key"": ""chain"", ""type"": ""chain"", ""label"": ""Chain"", ""default"": ""ethereum"", ""required"": false, ""options"": [{""label"": ""Ethereum"", ""value"": ""ethereum""}, {""label"": ""Base"", ""value"": ""base""}, {""label"": ""Optimism"", ""value"": ""optimism""}, {""label"": ""Arbitrum"", ""value"": ""arbitrum""}, {""label"": ""Polygon"", ""value"": ""polygon""}, {""label"": ""BSC"", ""value"": ""bsc""}, {""label"": ""Avalanche"", ""value"": ""avalanche""}, {""label"": ""Celo"", ""value"": ""celo""}]}]"
mev.mev_kickback_detector,mev,kickback,mev_kickback_detector,builder payments,flashbots transfers,Identifies kickback patterns in builder block transfers.,protocol:flashbots,"[""transfer_count:number"",""rn:number"",""is_kickback:boolean""]","[{""key"": ""builder_address"", ""type"": ""address"", ""label"": ""Builder Address"", ""default"": ""0xDAFEA492D9c6733ae3d56b7Ed1ADB60692c98Bc5"", ""required"": true}, {""key"": ""min_block"", ""type"": ""number"", ""label"": ""Min Block"", ""default"": null, ""required"": false}]"
mev.mev_pool_extractor,mev,arb,mev_pool_extractor,Pool MEV Extraction,Dune Solana Balances,Detects MEV extraction via token balance changes in specific pool instructions across DEXes.,generic,"[""day:date"", ""mev_usd:number"", ""wallet:string"", ""pool:string""]","[{""key"": ""pool_address"", ""type"": ""address"", ""label"": ""Pool Address"", ""default"": null, ""required"": true}, {""key"": ""lookback_days"", ""type"": ""number"", ""label"": ""Lookback Days"", ""default"": ""7"", ""required"": false}]"
mev.mev_searcher_leaderboard,mev,searcher,mev_searcher_leaderboard,Searcher Profit Leaderboard,Flashbots Builder Transfers,Ranks MEV searchers by profit from proposer payments in Flashbots blocks.,generic,"[""searcher:string"",""profit:number"",""blocks:number"",""transfer_count:number""]","[{""key"": ""block_from"", ""type"": ""number"", ""label"": ""Block From"", ""default"": null, ""required"": false}, {""key"": ""block_to"", ""type"": ""number"", ""label"": ""Block To"", ""default"": null, ""required"": false}]"
mev.multi_tx_per_block_detector,mev,bot,multi_tx_per_block_detector,MEV Signals,polygon.transactions block analysis,Detects addresses sending multiple transactions per block.,generic,"[""address:string"",""block_number:number"",""tx_count:number""]","[{""key"": ""date_range"", ""type"": ""date_range"", ""label"": ""Date Range"", ""default"": {""to"": """", ""from"": """"}, ""required"": true}, {""key"": ""min_tx"", ""type"": ""number"", ""label"": ""Min txs per block"", ""default"": ""2"", ""required"": false}]"
mev.sandwich_detector,mev,sandwich,sandwich_detector,Sandwich trades,Dune dex.trades,Detects victim trades sandwiched by front/back-running.,generic,"[""tx_hash:string"",""victim_tx:string"",""sandwicher:string"",""profit:number""]","[{""key"": ""chain"", ""type"": ""chain"", ""label"": ""Chain"", ""default"": null, ""required"": true, ""options"": [{""label"": ""Ethereum"", ""value"": ""ethereum""}, {""label"": ""Base"", ""value"": ""base""}, {""label"": ""Optimism"", ""value"": ""optimism""}, {""label"": ""Arbitrum"", ""value"": ""arbitrum""}, {""label"": ""Polygon"", ""value"": ""polygon""}, {""label"": ""BSC"", ""value"": ""bsc""}, {""label"": ""Avalanche"", ""value"": ""avalanche""}, {""label"": ""Celo"", ""value"": ""celo""}]}, {""key"": ""lookback_days"", ""type"": ""number"", ""label"": ""Lookback Days"", ""default"": ""30"", ""required"": true}]"
mev.sandwich_trade_detector,mev,sandwich,sandwich_trade_detector,Sandwich Attack Detection,Front/back-run tx matching,Detects sandwich attacks via correlated tx patterns.,generic,"[""victim_tx:string"",""attacker_tx:string"",""backrun_tx:string"",""profit_usd:number""]","[{""key"": ""chain"", ""type"": ""chain"", ""label"": ""Chain"", ""default"": null, ""required"": true, ""options"": [{""label"": ""Ethereum"", ""value"": ""ethereum""}, {""label"": ""Base"", ""value"": ""base""}, {""label"": ""Optimism"", ""value"": ""optimism""}, {""label"": ""Arbitrum"", ""value"": ""arbitrum""}, {""label"": ""Polygon"", ""value"": ""polygon""}, {""label"": ""BSC"", ""value"": ""bsc""}, {""label"": ""Avalanche"", ""value"": ""avalanche""}, {""label"": ""Celo"", ""value"": ""celo""}]}, {""key"": ""lookback_hours"", ""type"": ""number"", ""label"": ""Lookback Hours"", ""default"": ""25"", ""required"": false}]"
mev.top_bribe_payers,mev,bribes,top_bribe_payers,Total Bribes Paid,ethereum.traces payments,Leaderboard of top ETH bribe payers to MEV builder.,generic,"[""payer:string"",""total_paid_eth:number""]","[{""key"": ""builder_address"", ""type"": ""address"", ""label"": ""Builder Address"", ""default"": null, ""required"": true}]"
mev.triangular_arb_mev,mev,arb,triangular_arb_mev,Arb Profit Extractor,Cycle Detection,Detects triangular arbitrage cycles and extracts MEV profit from token swaps.,generic,"[""day:date"", ""mev_usd:number"", ""tx_count:number""]","[{""key"": ""token_mint"", ""type"": ""address"", ""label"": ""Base Token"", ""default"": ""EPjFWdd5AufqSSqeM2qN1xzybapC8G4wEGGkZwyTDt1v"", ""required"": true}, {""key"": ""pool_address"", ""type"": ""address"", ""label"": ""Pool Address"", ""default"": null, ""required"": true}, {""key"": ""date_range"", ""type"": ""date_range"", ""label"": ""Date Range"", ""default"": {""to"": """", ""from"": """"}, ""required"": false}]"
mev.tx_revert_analysis,mev,bundle,tx_revert_analysis,Reverted Calls per Tx,Success filter count,Detects successful txs with internal reverts.,generic,"[""tx_hash:string"",""reverted_calls:number"",""total_calls:number""]","[{""key"": ""date_from"", ""type"": ""date"", ""label"": ""Start Date"", ""default"": ""30"", ""required"": false}, {""key"": ""top_n"", ""type"": ""number"", ""label"": ""Top N"", ""default"": ""50"", ""required"": false}]"
nft.atomic_flip_detector,nft,wallet,atomic_flip_detector,Atomic Flips,nft.trades self-join,Detects atomic NFT flips where same token bought and sold in same block.,generic,"[""token_id:string"", ""sold_date:date"", ""bought_date:date"", ""seller:string"", ""sold_platform:string"", ""bought_platform:string""]","[{""key"": ""lookback_days"", ""type"": ""number"", ""label"": ""Lookback Days"", ""default"": ""30"", ""required"": false}]"
nft.average_holding_time,nft,holders,average_holding_time,Holder hold duration,LAG on trades,Calculates average holding time for current holders using last trade lags.,generic,"[""avg_hold_days:number"",""holder_count:number"",""median_hold_days:number""]","[{""key"": ""contract_address"", ""type"": ""address"", ""label"": ""Contract Address"", ""default"": null, ""required"": true}, {""key"": ""lookback_days"", ""type"": ""number"", ""label"": ""Lookback Days"", ""default"": ""365"", ""required"": false}]"
nft.average_hold_time,nft,holders,average_hold_time,Avg Token Hold Time,nft.trades LAG window,Computes average days held per NFT token using sequential transaction lags.,generic,"[""avg_time:number"",""trnx_count:number""]","[{""key"": ""contract_address"", ""type"": ""address"", ""label"": ""Contract Address"", ""default"": null, ""required"": true}]"
nft.average_nft_holder_length,nft,holders,average_nft_holder_length,Avg Holder Duration,Dune NFT Trades,Calculates average holding time for current holders using last trade per token.,generic,"[""avg_holding_days:number"",""holder_count:number"",""collection:string""]","[{""key"": ""contract_address"", ""type"": ""address"", ""label"": ""Contract Address"", ""default"": null, ""required"": true}, {""key"": ""chain"", ""type"": ""chain"", ""label"": ""Chain"", ""default"": ""ethereum"", ""required"": true, ""options"": [{""label"": ""Ethereum"", ""value"": ""ethereum""}, {""label"": ""Base"", ""value"": ""base""}, {""label"": ""Optimism"", ""value"": ""optimism""}, {""label"": ""Arbitrum"", ""value"": ""arbitrum""}, {""label"": ""Polygon"", ""value"": ""polygon""}, {""label"": ""BSC"", ""value"": ""bsc""}, {""label"": ""Avalanche"", ""value"": ""avalanche""}, {""label"": ""Celo"", ""value"": ""celo""}]}]"
nft.avg_holder_hold_time,nft,holders,avg_holder_hold_time,Holder Hold Time,Current holders analysis,Calculates average hold time for current NFT holders.,generic,"[""avg_hold_time:interval"",""holder_count:number""]","[{""key"": ""contract_address"", ""type"": ""address"", ""label"": ""Contract Address"", ""default"": null, ""required"": true}]"
nft.avg_holding_days,nft,holders,avg_holding_days,Average Holding Time,Dune NFT Trades,Calculates average holding periods using sequential trade ranks per token.,generic,"[""avg_hold_days:number"",""token_id:string"",""holder:string""]","[{""key"": ""contract_address"", ""type"": ""address"", ""label"": ""Contract Address"", ""default"": null, ""required"": true}, {""key"": ""lookback_days"", ""type"": ""number"", ""label"": ""Lookback Days"", ""default"": ""90"", ""required"": true}]"
nft.avg_token_hold_time,nft,holders,avg_token_hold_time,Average Hold Duration,NFT Trades LAG Analysis,Computes average days held per token at weekly sales using LAG.,protocol:pudgy_penguins,"[""week:date"", ""avg_days_held:number""]","[{""key"": ""contract_address"", ""type"": ""address"", ""label"": ""Contract Address"", ""default"": null, ""required"": true}, {""key"": ""lookback_days"", ""type"": ""number"", ""label"": ""Lookback Days"", ""default"": ""365"", ""required"": false}]"
nft.bluechip_volume_share,nft,marketplace,bluechip_volume_share,Bluechip Volume Share,Dune NFT Trades,Computes top collections volume share over period.,generic,"[""month:date"", ""bluechip_pct:number"", ""total_volume:number"", ""top_collections_count:number""]","[{""key"": ""lookback_months"", ""type"": ""number"", ""label"": ""Lookback Months"", ""default"": ""12"", ""required"": false}, {""key"": ""min_usd"", ""type"": ""number"", ""label"": ""Min USD"", ""default"": ""0"", ""required"": false}]"
nft.buyer_cohort_analyzer,nft,wallet,buyer_cohort_analyzer,New vs returning buyers,License buy event analysis,Classifies NFT buyers as new or returning based on first purchase timing.,protocol:playfi,"[""account:string"", ""classification:string"", ""amount:number"", ""paid:number"", ""block_time:timestamp""]","[{""key"": ""contract_address"", ""type"": ""address"", ""label"": ""Contract Address"", ""default"": ""0x66f49158826a5a3953636ff63350ba815c9665ad"", ""required"": true}, {""key"": ""date_from"", ""type"": ""date"", ""label"": ""Start Date"", ""default"": null, ""required"": true}]"
nft.buyer_collection_diversity,nft,buyer,buyer_collection_diversity,Buyer Diversity,nft.trades aggregation,Distributions buyers by distinct collections traded.,generic,"[""num_collections:number"",""buyer_count:number""]","[{""key"": ""platform"", ""type"": ""text"", ""label"": ""Platform"", ""default"": ""OpenSea"", ""required"": false}, {""key"": ""date_from"", ""type"": ""date"", ""label"": ""Start Date"", ""default"": null, ""required"": false}]"
nft.buyer_count_distribution,nft,wallet,buyer_count_distribution,Buyer count cohorts,Dune nft.trades,Bins buyers by total NFTs purchased.,generic,"[""cohort:string"",""buyer_count:number""]","[{""key"": ""chain"", ""type"": ""chain"", ""label"": ""Chain"", ""default"": ""ethereum"", ""required"": true, ""options"": [{""label"": ""Ethereum"", ""value"": ""ethereum""}, {""label"": ""Base"", ""value"": ""base""}, {""label"": ""Optimism"", ""value"": ""optimism""}, {""label"": ""Arbitrum"", ""value"": ""arbitrum""}, {""label"": ""Polygon"", ""value"": ""polygon""}, {""label"": ""BSC"", ""value"": ""bsc""}, {""label"": ""Avalanche"", ""value"": ""avalanche""}, {""label"": ""Celo"", ""value"": ""celo""}]}, {""key"": ""lookback_months"", ""type"": ""number"", ""label"": ""Lookback Months"", ""default"": ""36"", ""required"": true}]"
nft.buyer_seller_ratio,nft,traders,buyer_seller_ratio,Trader Ratio Trends,nft.trades single collection,Calculates daily buyer-to-seller participation ratio.,protocol:nft.trades,"[""day:date"", ""buyer_pct:number"", ""seller_pct:number"", ""avg_price:number""]","[{""key"": ""lookback_days"", ""type"": ""number"", ""label"": ""Lookback Days"", ""default"": ""30"", ""required"": false}]"
nft.buyer_volume_cohorts,nft,wallet,buyer_volume_cohorts,Whale vs Retail Volume,Buyer rank bucketing,Buckets buyer volume into whale tiers and attributes trade volume to cohorts.,generic,"[""week:date"", ""project:string"", ""top_whales:number"", ""mid_whales:number"", ""retail:number""]","[{""key"": ""date_from"", ""type"": ""date"", ""label"": ""Start Date"", ""default"": null, ""required"": true}, {""key"": ""protocol"", ""type"": ""text"", ""label"": ""Protocol"", ""default"": null, ""required"": false}]"
nft.cohort_traded_nfts,nft,cohort,cohort_traded_nfts,Activation cohort trades,Dune NFT trades,Counts NFTs traded per user in activation month cohorts.,protocol:opensea,"[""activation_month:date"",""nfts_traded:number"",""user_count:number""]","[{""key"": ""cohort_months"", ""type"": ""number"", ""label"": ""Months since activation"", ""default"": null, ""required"": false}]"
nft.collection_crossover_count,nft,holders,collection_crossover_count,Collection Overlap Count,Holder Intersection Join,Counts wallets holding both NFT collections.,generic,"[""overlap_wallets:number"",""collection_a_holders:number"",""collection_b_holders:number""]","[{""key"": ""contract_a"", ""type"": ""address"", ""label"": ""Collection A Address"", ""default"": null, ""required"": true}, {""key"": ""contract_b"", ""type"": ""address"", ""label"": ""Collection B Address"", ""default"": null, ""required"": true}]"
nft.collection_crossover_holders,nft,holders,collection_crossover_holders,Overlap Holders,Dual collection join,Counts shared holders between collections.,generic,"[""collection_a:string"",""collection_b:string"",""overlap_wallets:number""]","[{""key"": ""contract_a"", ""type"": ""address"", ""label"": ""Contract A"", ""default"": null, ""required"": true}, {""key"": ""contract_b"", ""type"": ""address"", ""label"": ""Contract B"", ""default"": null, ""required"": true}]"
nft.collection_daily_active_users,nft,traders,collection_daily_active_users,Daily Active Users,Buyer-seller union distinct,Computes daily active users via unique buyers and sellers.,protocol:Town Star,"[""date:date"", ""dau:number""]","[{""key"": ""protocol"", ""type"": ""text"", ""label"": ""Protocol"", ""default"": null, ""required"": true}, {""key"": ""date_from"", ""type"": ""date"", ""label"": ""Start Date"", ""default"": null, ""required"": false}]"
nft.collection_overlap,nft,holders,collection_overlap,Overlap Holders,Dual ERC721,Counts wallets holding both collections.,generic,"[""overlap_wallets:number"",""collection_a:string"",""collection_b:string""]","[{""key"": ""contract_a"", ""type"": ""address"", ""label"": ""Contract A"", ""default"": null, ""required"": true}, {""key"": ""contract_b"", ""type"": ""address"", ""label"": ""Contract B"", ""default"": null, ""required"": true}]"
nft.collection_trader_pnl_leaderboard,nft,traders,collection_trader_pnl_leaderboard,Trader PNL Leaderboard,nft.trades self-join,Ranks traders by realized profit/loss on collection sales.,generic,"[""seller:string"",""profit_loss:number""]","[{""key"": ""contract_address"", ""type"": ""address"", ""label"": ""Contract Address"", ""default"": null, ""required"": true}]"
nft.collection_volume,nft,collection,collection_volume,Collection sales volume,nft.trades daily aggregation,"Daily sales volume, floor price, and trade count for an NFT collection.",generic,[],"[{""key"": ""chain"", ""type"": ""chain"", ""label"": ""Chain"", ""default"": ""ethereum"", ""options"": [{""label"": ""Ethereum"", ""value"": ""ethereum""}, {""label"": ""Base"", ""value"": ""base""}, {""label"": ""Optimism"", ""value"": ""optimism""}, {""label"": ""Arbitrum"", ""value"": ""arbitrum""}, {""label"": ""Polygon"", ""value"": ""polygon""}, {""label"": ""BSC"", ""value"": ""bsc""}, {""label"": ""Avalanche"", ""value"": ""avalanche""}, {""label"": ""Celo"", ""value"": ""celo""}], ""required"": true}, {""key"": ""contract_address"", ""type"": ""address"", ""label"": ""Collection address"", ""required"": true, ""placeholder"": ""0x...""}, {""key"": ""marketplace"", ""type"": ""select"", ""label"": ""Marketplace"", ""default"": ""all"", ""options"": [{""label"": ""All marketplaces"", ""value"": ""all""}, {""label"": ""OpenSea"", ""value"": ""opensea""}, {""label"": ""Blur"", ""value"": ""blur""}, {""label"": ""LooksRare"", ""value"": ""looksrare""}, {""label"": ""X2Y2"", ""value"": ""x2y2""}, {""label"": ""Magic Eden"", ""value"": ""magiceden""}], ""required"": true}, {""key"": ""days"", ""type"": ""select"", ""label"": ""Time range"", ""default"": ""30"", ""options"": [{""label"": ""Last 7 days"", ""value"": ""7""}, {""label"": ""Last 30 days"", ""value"": ""30""}, {""label"": ""Last 90 days"", ""value"": ""90""}, {""label"": ""Last 180 days"", ""value"": ""180""}, {""label"": ""Last year"", ""value"": ""365""}, {""label"": ""All time"", ""value"": ""all""}], ""required"": true}]"
nft.collection_volume_distribution,nft,holders,collection_volume_distribution,Volume Buckets,nft.trades tiers,Counts collections by cumulative trading volume tiers.,generic,"[""volume_tier:string"",""collection_count:number""]","[{""key"": ""date_to"", ""type"": ""date"", ""label"": ""End Date"", ""default"": null, ""required"": false}]"
nft.collection_wallet_overlap,nft,holders,collection_wallet_overlap,Overlapping Holders,Dual collection intersection,Finds wallets holding NFTs from two collections.,generic,"[""wallet:string"",""collection1_nfts:number"",""collection2_nfts:number""]","[{""key"": ""contract_address_1"", ""type"": ""address"", ""label"": ""Contract 1"", ""default"": null, ""required"": true}, {""key"": ""contract_address_2"", ""type"": ""address"", ""label"": ""Contract 2"", ""default"": null, ""required"": true}]"
nft.concentration_hhi,nft,holders,concentration_hhi,HHI concentration score,Daily holder shares,Computes Herfindahl-Hirschman Index over time.,generic,"[""date:date"", ""hhi:number""]","[{""key"": ""contract_address"", ""type"": ""address"", ""label"": ""Contract Address"", ""default"": null, ""required"": true}]"
nft.crossover_holder_count,nft,crossover,crossover_holder_count,Shared Holders,Dual collection holders,Counts wallets holding both NFT collections.,generic,"[""collection_a:string"",""collection_b:string"",""shared_wallets:number""]","[{""key"": ""lookback_days"", ""type"": ""number"", ""label"": ""Lookback Days"", ""default"": ""30"", ""required"": false}]"
nft.crossover_holder_intersection,nft,holders,crossover_holder_intersection,Shared Holders,Multi-collection overlap,Counts wallets holding NFTs from two collections.,generic,"[""shared_wallets:number"",""collection1_wallets:number"",""collection2_wallets:number"",""overlap_pct:number""]","[{""key"": ""contract_address1"", ""type"": ""address"", ""label"": ""Contract 1"", ""default"": null, ""required"": true}, {""key"": ""contract_address2"", ""type"": ""address"", ""label"": ""Contract 2"", ""default"": null, ""required"": true}]"
nft.crossover_holders,nft,holders,crossover_holders,Overlapping holders,Dual-collection intersection,Identifies wallets holding NFTs from two collections.,generic,"[""wallet:string"",""count_a:number"",""count_b:number""]","[{""key"": ""contract_a"", ""type"": ""address"", ""label"": ""Contract A"", ""default"": null, ""required"": true}, {""key"": ""contract_b"", ""type"": ""address"", ""label"": ""Contract B"", ""default"": null, ""required"": true}]"
nft.cross_platform_overlap,nft,wallet,cross_platform_overlap,Common Users,nft.trades intersection,Finds users active as buyers on multiple platforms before cutoff.,generic,"[""wallet_address:string""]","[{""key"": ""lookback_days"", ""type"": ""number"", ""label"": ""Lookback Days"", ""default"": ""30"", ""required"": false}]"
nft.cumulative_owner_growth,nft,holders,cumulative_owner_growth,Cumulative Owners,nft.trades first-buy CTE,Computes daily unique owners with cumulative growth from first buys.,generic,"[""date:date"", ""wallets:number""]","[{""key"": ""contract_address"", ""type"": ""address"", ""label"": ""Contract Address"", ""default"": null, ""required"": true}]"
nft.cumulative_unique_buyers,nft,holders,cumulative_unique_buyers,Cumulative Unique Buyers,Dune NFT Trades,Tracks cumulative unique buyers for top collections.,generic,"[""project:string"", ""block_date:date"", ""cumulative_buyers:number""]","[{""key"": ""date_range"", ""type"": ""date_range"", ""label"": ""Date Range"", ""default"": {""to"": """", ""from"": """"}, ""required"": true}, {""key"": ""top_n"", ""type"": ""number"", ""label"": ""Top N"", ""default"": ""50"", ""required"": false}]"
nft.cumulative_unique_holders,nft,holders,cumulative_unique_holders,Unique Holders Over Time,First transfer per wallet,Tracks cumulative and daily new unique holders over time.,generic,"[""day:timestamp"",""cumulative:number"",""daily_new:number""]","[{""key"": ""contract_address"", ""type"": ""address"", ""label"": ""Contract Address"", ""default"": null, ""required"": true}, {""key"": ""date_from"", ""type"": ""date"", ""label"": ""Start Date"", ""default"": null, ""required"": false}]"
nft.cumulative_unique_traders,nft,traders,cumulative_unique_traders,Cumulative Users,NFT trades unions,Computes cumulative unique buyers and sellers over time.,generic,"[""date:date"", ""users:number""]","[{""key"": ""date_from"", ""type"": ""date"", ""label"": ""Start Date"", ""default"": null, ""required"": false}]"
nft.current_holder_avg_cost,nft,holders,current_holder_avg_cost,Avg Hold Cost,Current holder acquisition cost,Computes average purchase cost for current holders.,generic,"[""avg_cost:number"",""platform:string"",""holder_count:number""]","[{""key"": ""contract_address"", ""type"": ""address"", ""label"": ""Contract Address"", ""default"": null, ""required"": true}]"
nft.current_holder_distribution,nft,holders,current_holder_distribution,Holder counts by wallet,ERC721 latest transfers,Computes current holder balances and ranks top holders.,generic,"[""wallet:string"",""count:number"",""token_ids:string""]","[{""key"": ""contract_address"", ""type"": ""address"", ""label"": ""Contract Address"", ""default"": null, ""required"": true}]"
nft.current_holders_leaderboard,nft,holders,current_holders_leaderboard,Top Holders,ERC721 Transfers,Ranks current holders by token count.,generic,"[""wallet:string"",""count:number"",""token_ids:string""]","[{""key"": ""contract_address"", ""type"": ""address"", ""label"": ""Contract Address"", ""default"": null, ""required"": true}]"
nft.daily_floor_price,nft,floor_price,daily_floor_price,Floor Price Evolution,nft.trades table,Computes daily floor price via 10th percentile of trade amounts.,generic,"[""day:date"", ""floor:number""]","[{""key"": ""contract_address"", ""type"": ""address"", ""label"": ""Contract Address"", ""default"": null, ""required"": true}, {""key"": ""interval"", ""type"": ""select"", ""label"": ""Interval"", ""default"": ""day"", ""options"": [{""label"": ""Minute"", ""value"": ""minute""}, {""label"": ""Hour"", ""value"": ""hour""}, {""label"": ""Day"", ""value"": ""day""}, {""label"": ""Week"", ""value"": ""week""}, {""label"": ""Month"", ""value"": ""month""}], ""required"": false}, {""key"": ""date_from"", ""type"": ""date"", ""label"": ""Start Date"", ""default"": null, ""required"": false}]"
nft.daily_new_holders,nft,holders,daily_new_holders,New Holders Growth,First acquisition,Tracks daily first-time holders.,generic,"[""day:date"",""new_holders:number"",""growth_rate:number""]","[{""key"": ""contract_address"", ""type"": ""address"", ""label"": ""Contract Address"", ""default"": null, ""required"": true}, {""key"": ""lookback_days"", ""type"": ""number"", ""label"": ""Lookback Days"", ""default"": ""30"", ""required"": false}]"
nft.daily_trader_count,nft,wallet,daily_trader_count,Unique Traders,nft.trades unnest,Counts daily unique NFT traders combining buyers and sellers.,generic,"[""date:date"", ""trader_count:number""]","[{""key"": ""lookback_days"", ""type"": ""number"", ""label"": ""Lookback Days"", ""default"": ""30"", ""required"": false}]"
nft.daily_unique_holders,nft,holders,daily_unique_holders,Daily Unique Holders,Running Balances CTE,Tracks daily unique NFT holder count over time.,generic,"[""day:timestamp"",""unique_holders:number""]","[{""key"": ""contract_address"", ""type"": ""address"", ""label"": ""Contract Address"", ""default"": null, ""required"": true}, {""key"": ""date_from"", ""type"": ""date"", ""label"": ""Start Date"", ""default"": null, ""required"": false}]"
nft.dau_mau_ratio,nft,users,dau_mau_ratio,Engagement Ratio,Dune NFT Trades,Computes daily and monthly active users ratio.,protocol:trades,"[""date:date"", ""dau:number"", ""mau:number"", ""ratio:number""]","[{""key"": ""contract_address"", ""type"": ""address"", ""label"": ""Contract Address"", ""default"": null, ""required"": true}, {""key"": ""lookback_days"", ""type"": ""number"", ""label"": ""Lookback Days"", ""default"": ""30"", ""required"": false}]"
nft.diamond_hands_analyzer,nft,holders,diamond_hands_analyzer,Hold Time Distribution,Per-token hold durations,Analyzes diamond hands via hold time cohorts per token.,generic,"[""hold_time_bucket:string"",""token_count:number"",""avg_hold_days:number""]","[{""key"": ""contract_address"", ""type"": ""address"", ""label"": ""Contract Address"", ""default"": null, ""required"": true}, {""key"": ""lookback_days"", ""type"": ""number"", ""label"": ""Lookback Days"", ""default"": ""365"", ""required"": false}]"
nft.diamond_hands_count,nft,holders,diamond_hands_count,Diamond Hands Holders,nft.trades analysis,Counts wallets that bought NFTs but never sold them.,generic,"[""category:string"",""count:number""]","[{""key"": ""lookback_days"", ""type"": ""number"", ""label"": ""Lookback Days"", ""default"": ""30"", ""required"": false}]"
nft.diamond_hands_counter,nft,holders,diamond_hands_counter,Never sold holders,Dune nft.trades,Counts buyers who never sold any tokens.,generic,"[""category:string"",""count:number""]","[{""key"": ""contract_address"", ""type"": ""address"", ""label"": ""Contract Address"", ""default"": null, ""required"": true}]"
nft.diamond_hands_holders,nft,holders,diamond_hands_holders,Unsold Holder Ratio,Buyer-seller exclusion,"Identifies holders who bought but never sold, computing diamond hands ratio.",generic,"[""diamond_count:number"",""total_holders:number"",""retention_ratio:number""]","[{""key"": ""contract_address"", ""type"": ""address"", ""label"": ""Contract Address"", ""default"": null, ""required"": true}, {""key"": ""date_from"", ""type"": ""date"", ""label"": ""Start Date"", ""default"": null, ""required"": false}]"
nft.diamond_hands_ratio,nft,holders,diamond_hands_ratio,Never-Sold Holders,Mint-only owners,Ratio of original minters who never transferred out.,generic,"[""never_sold_wallets:number"",""total_minters:number"",""ratio:number""]","[{""key"": ""contract_address"", ""type"": ""address"", ""label"": ""Contract Address"", ""default"": null, ""required"": true}]"
nft.diamond_holder_classifier,nft,holders,diamond_holder_classifier,Diamond Hands Count,Holder Retention Split,Classifies diamond holders (buyers never sold) vs others.,protocol:Mocaverse,"[""holder_type:string"",""count:number""]","[{""key"": ""contract_address"", ""type"": ""address"", ""label"": ""Contract Address"", ""default"": null, ""required"": true}]"
nft.effective_royalty_rate,nft,royalty,effective_royalty_rate,Royalty rate per collection,Monthly royalty analysis,Calculates effective royalty rate as royalty volume over sales volume.,generic,"[""month:date"",""sales:number"",""eth_volume:number"",""royalties:number"",""royalty_rate:number""]","[{""key"": ""contract_address"", ""type"": ""address"", ""label"": ""Contract Address"", ""default"": null, ""required"": false}]"
nft.effective_royalty_rates,nft,royalty,effective_royalty_rates,Effective Royalty Rates,NFT Trades,Calculates royalties earned as percentage of sales volume per collection weekly.,generic,"[""week:date"", ""collection:string"", ""sales:number"", ""eth_volume:number"", ""royalties:number"", ""effective_rate:number""]","[{""key"": ""lookback_days"", ""type"": ""number"", ""label"": ""Lookback Days"", ""default"": ""30"", ""required"": false}]"
nft.flip_pnl_analyzer,nft,wallet,flip_pnl_analyzer,Trade PnL calculator,Buy-sell profit ranking,Computes realized PnL for wallet flips with ROI scoring.,generic,"[""wallet:string"",""total_pnl:number"",""roi:number"",""flip_count:number""]","[{""key"": ""contract_address"", ""type"": ""address"", ""label"": ""Contract Address"", ""default"": null, ""required"": true}, {""key"": ""lookback_days"", ""type"": ""number"", ""label"": ""Lookback Days"", ""default"": ""180"", ""required"": true}]"
nft.floor_price_history,nft,floor_price,floor_price_history,Floor price history,Daily floor price history,Historical floor price trend for an NFT collection.,generic,[],"[{""key"": ""chain"", ""type"": ""chain"", ""label"": ""Chain"", ""default"": ""ethereum"", ""options"": [{""label"": ""Ethereum"", ""value"": ""ethereum""}, {""label"": ""Base"", ""value"": ""base""}, {""label"": ""Optimism"", ""value"": ""optimism""}, {""label"": ""Arbitrum"", ""value"": ""arbitrum""}, {""label"": ""Polygon"", ""value"": ""polygon""}, {""label"": ""BSC"", ""value"": ""bsc""}, {""label"": ""Avalanche"", ""value"": ""avalanche""}, {""label"": ""Celo"", ""value"": ""celo""}], ""required"": true}, {""key"": ""contract_address"", ""type"": ""address"", ""label"": ""Collection address"", ""required"": true, ""placeholder"": ""0x...""}, {""key"": ""days"", ""type"": ""select"", ""label"": ""Time range"", ""default"": ""90"", ""options"": [{""label"": ""Last 7 days"", ""value"": ""7""}, {""label"": ""Last 30 days"", ""value"": ""30""}, {""label"": ""Last 90 days"", ""value"": ""90""}, {""label"": ""Last 180 days"", ""value"": ""180""}, {""label"": ""Last year"", ""value"": ""365""}, {""label"": ""All time"", ""value"": ""all""}], ""required"": true}]"
nft.floor_price_moving_avg,nft,price,floor_price_moving_avg,Floor Sweep Analysis,nft.trades single collection,Computes daily floor price with 7-day moving average.,protocol:nft.trades,"[""day:date"", ""floor:number"", ""ma7:number""]","[{""key"": ""lookback_days"", ""type"": ""number"", ""label"": ""Lookback Days"", ""default"": ""30"", ""required"": false}]"
nft.floor_price_timeseries,nft,price,floor_price_timeseries,Daily Floor Price,NFT trades percentile,Computes continuous daily floor prices excluding bundles/mints.,generic,"[""day:date"", ""floor_eth:number"", ""median_eth:number"", ""volume_eth:number""]","[{""key"": ""contract_address"", ""type"": ""address"", ""label"": ""Contract Address"", ""default"": null, ""required"": true}, {""key"": ""date_from"", ""type"": ""date"", ""label"": ""Start Date"", ""default"": null, ""required"": false}]"
nft.gini_coefficient,nft,holders,gini_coefficient,Holder concentration score,ERC721 transfers,Calculates Gini coefficient for holder inequality.,generic,"[""gini:number"",""unique_holders:number"",""total_supply:number""]","[{""key"": ""lookback_days"", ""type"": ""number"", ""label"": ""Lookback Days"", ""default"": ""30"", ""required"": false}]"
nft.holder_balance_distribution,nft,holders,holder_balance_distribution,NFT Holdings Buckets,Net balance movements,Distributes wallets by net NFT holdings from buy/sell changes.,generic,"[""bucket:string"",""wallet_count:number"",""total_nfts:number""]","[{""key"": ""contract_address"", ""type"": ""address"", ""label"": ""Contract Address"", ""default"": null, ""required"": true}]"
nft.holder_count_buckets,nft,holders,holder_count_buckets,Holder Distribution Buckets,ERC721 Transfers,Computes wallet counts by held NFT quantity buckets.,generic,"[""bucket:string"",""wallet_count:number"",""percentage:number""]","[{""key"": ""contract_address"", ""type"": ""address"", ""label"": ""Contract Address"", ""default"": null, ""required"": true}]"
nft.holder_count_distribution,nft,holders,holder_count_distribution,Holders by Count,Latest trade per token,Counts holders by number of NFTs held from latest trades.,generic,"[""holder_count_bucket:string"",""holder_count:number""]","[{""key"": ""contract_address"", ""type"": ""address"", ""label"": ""Contract Address"", ""default"": null, ""required"": true}]"
nft.holder_distribution,nft,holders,holder_distribution,Holder counts by wallet,ERC721 latest transfers,"Current holder count, whale concentration, and bucket breakdown.",generic,"[""wallet:string"",""count:number"",""token_ids:string""]","[{""key"": ""chain"", ""type"": ""chain"", ""label"": ""Chain"", ""default"": ""ethereum"", ""options"": [{""label"": ""Ethereum"", ""value"": ""ethereum""}, {""label"": ""Base"", ""value"": ""base""}, {""label"": ""Optimism"", ""value"": ""optimism""}, {""label"": ""Arbitrum"", ""value"": ""arbitrum""}, {""label"": ""Polygon"", ""value"": ""polygon""}, {""label"": ""BSC"", ""value"": ""bsc""}, {""label"": ""Avalanche"", ""value"": ""avalanche""}, {""label"": ""Celo"", ""value"": ""celo""}], ""required"": true}, {""key"": ""contract_address"", ""type"": ""address"", ""label"": ""Collection address"", ""required"": true, ""placeholder"": ""0x...""}]"
nft.holder_distribution_buckets,nft,holders,holder_distribution_buckets,Wallets by NFT Count,ERC721 latest holders,Aggregates current holders into buckets by NFT count.,generic,"[""bucket:string"",""wallet_count:number"",""total_nfts:number""]","[{""key"": ""contract_address"", ""type"": ""address"", ""label"": ""Contract Address"", ""default"": null, ""required"": true}]"
nft.holder_gini_coefficient,nft,holders,holder_gini_coefficient,Holder Inequality Score,Gini Concentration Index,Calculates Gini coefficient for holder inequality.,generic,"[""gini_score:number"",""unique_holders:number"",""total_supply:number""]","[{""key"": ""contract_address"", ""type"": ""address"", ""label"": ""Contract Address"", ""default"": null, ""required"": true}]"
nft.holder_gini_index,nft,holders,holder_gini_index,Gini Concentration Index,Balance inequality metric,Calculates Gini coefficient for holder concentration evolution.,generic,"[""period:timestamp"",""gini:number"",""unique_holders:number""]","[{""key"": ""contract_address"", ""type"": ""address"", ""label"": ""Contract Address"", ""default"": null, ""required"": true}, {""key"": ""interval"", ""type"": ""select"", ""label"": ""Interval"", ""default"": ""day"", ""options"": [{""label"": ""Minute"", ""value"": ""minute""}, {""label"": ""Hour"", ""value"": ""hour""}, {""label"": ""Day"", ""value"": ""day""}, {""label"": ""Week"", ""value"": ""week""}, {""label"": ""Month"", ""value"": ""month""}], ""required"": false}]"
nft.holder_growth_over_time,nft,holders,holder_growth_over_time,Unique Holders Trend,ERC721 Transfer Events,Computes daily unique holder growth.,generic,"[""date:date"", ""unique_holders:number""]","[{""key"": ""contract_address"", ""type"": ""address"", ""label"": ""Contract Address"", ""default"": null, ""required"": true}]"
nft.holder_leaderboard,nft,holders,holder_leaderboard,Top Holders,ERC721 transfers,Ranks wallets by current NFT holdings.,generic,"[""wallet:string"",""holdings:number"",""token_ids:string""]","[{""key"": ""contract_address"", ""type"": ""address"", ""label"": ""Contract Address"", ""default"": null, ""required"": true}]"
nft.holder_overlap,nft,holders,holder_overlap,Overlap Count,ERC721 Transfers,Wallets holding NFTs from multiple collections — finds shared communities.,generic,"[""overlap_count:number"",""collection_a:string"",""collection_b:string""]","[{""key"": ""chain"", ""type"": ""chain"", ""label"": ""Chain"", ""default"": ""ethereum"", ""options"": [{""label"": ""Ethereum"", ""value"": ""ethereum""}, {""label"": ""Base"", ""value"": ""base""}, {""label"": ""Optimism"", ""value"": ""optimism""}, {""label"": ""Arbitrum"", ""value"": ""arbitrum""}, {""label"": ""Polygon"", ""value"": ""polygon""}, {""label"": ""BSC"", ""value"": ""bsc""}, {""label"": ""Avalanche"", ""value"": ""avalanche""}, {""label"": ""Celo"", ""value"": ""celo""}], ""required"": true}, {""key"": ""collections"", ""type"": ""address[]"", ""label"": ""Collection addresses"", ""required"": true, ""placeholder"": ""0x...""}]"
nft.holder_ranking_by_balance,nft,holders,holder_ranking_by_balance,Top Holders Ranking,NFT Trades,Ranks wallets by net NFT holdings from buy/sell history.,generic,"[""wallet_address:string"",""net_balance:number"",""buy_count:number"",""sell_count:number""]","[{""key"": ""lookback_days"", ""type"": ""number"", ""label"": ""Lookback Days"", ""default"": ""30"", ""required"": false}]"
nft.holders_distribution,nft,holders,holders_distribution,Holder Buckets,ERC721 Transfers,Computes distribution of holders by NFT count buckets.,generic,"[""bucket:string"",""wallet_count:number"",""total_nfts:number""]","[{""key"": ""contract_address"", ""type"": ""address"", ""label"": ""Contract Address"", ""default"": null, ""required"": true}]"
nft.holders_evolution,nft,holders,holders_evolution,Unique Holders Over Time,ERC721 Transfers,Tracks cumulative unique holders over time.,generic,"[""day:date"",""unique_holders:number""]","[{""key"": ""contract_address"", ""type"": ""address"", ""label"": ""Contract Address"", ""default"": null, ""required"": true}, {""key"": ""date_from"", ""type"": ""date"", ""label"": ""Start Date"", ""default"": null, ""required"": false}]"
nft.holders_ratio,nft,holders,holders_ratio,Unique Holder Ratio,ERC721 Transfers,Computes unique holders vs total supply ratio.,generic,"[""unique_holders:number"",""total_supply:number"",""ratio:number""]","[{""key"": ""contract_address"", ""type"": ""address"", ""label"": ""Contract Address"", ""default"": null, ""required"": true}]"
nft.holders_timeseries,nft,holders,holders_timeseries,Holders Over Time,ERC721 transfers,Computes unique holders count daily.,generic,"[""day:timestamp"",""unique_holders:number""]","[{""key"": ""contract_address"", ""type"": ""address"", ""label"": ""Contract Address"", ""default"": null, ""required"": true}, {""key"": ""interval"", ""type"": ""select"", ""label"": ""Interval"", ""default"": ""day"", ""options"": [{""label"": ""Minute"", ""value"": ""minute""}, {""label"": ""Hour"", ""value"": ""hour""}, {""label"": ""Day"", ""value"": ""day""}, {""label"": ""Week"", ""value"": ""week""}, {""label"": ""Month"", ""value"": ""month""}], ""required"": false}]"
nft.holding_period_buckets,nft,holders,holding_period_buckets,Holder tenure distribution,Duration since last transfer,Buckets holders by days since last acquisition.,generic,"[""bucket:string"",""holders:number"",""percentage:number""]","[{""key"": ""contract_address"", ""type"": ""address"", ""label"": ""Contract Address"", ""default"": null, ""required"": true}]"
nft.holding_period_distribution,nft,holders,holding_period_distribution,Hold Periods,ERC721 Transfers,Distributes tokens by holding duration.,generic,"[""token_id:string"",""hold_days:number"",""holder:string""]","[{""key"": ""contract_address"", ""type"": ""address"", ""label"": ""Contract Address"", ""default"": null, ""required"": true}]"
nft.holding_time_distribution,nft,holders,holding_time_distribution,Days Since Last Transfer,ERC721 Transfers,Buckets tokens by days since last transfer.,generic,"[""bucket:string"",""token_count:number""]","[{""key"": ""contract_address"", ""type"": ""address"", ""label"": ""Contract Address"", ""default"": null, ""required"": true}]"
nft.inscription_daily_stats,nft,inscription,inscription_daily_stats,Ordinal Inscriptions,Cumulative fees volume,"Tracks daily inscriptions, cumulative count, trailing avg, fees USD.",generic,"[""day:date"",""inscriptions:number"",""cumulative:number"",""trailing_avg:number"",""fees_usd:number""]","[{""key"": ""lookback_days"", ""type"": ""number"", ""label"": ""Lookback Days"", ""default"": null, ""required"": false}]"
nft.inscription_metadata_extractor,nft,inscriptions,inscription_metadata_extractor,Inscription Data,Data: Protocol Parser,Parses inscription metadata from transaction input data.,generic,"[""decode_data:string"",""tick:string"",""id:string"",""creator:string"",""owner:string""]","[{""key"": ""date_from"", ""type"": ""date"", ""label"": ""Start Date"", ""default"": null, ""required"": false}]"
nft.latest_floor_prices_per_collection,nft,floor_price,latest_floor_prices_per_collection,Latest Floor USD,Ranked latest sales percentile,Calculates latest daily floor prices per collection.,generic,"[""collection:string"",""floor_price_usd:number"",""min_floor_price_usd:number""]","[{""key"": ""date_to"", ""type"": ""date"", ""label"": ""End Date"", ""default"": null, ""required"": false}]"
nft.lending_marketshare_timeseries,nft,lending,lending_marketshare_timeseries,NFT Lending Marketshare,Gondi protocol loans,Computes timeseries of outstanding principal marketshare by platform and currency.,protocol:gondi,"[""timestamp:timestamp"",""platform:string"",""currency_address:string"",""outstanding:number""]","[{""key"": ""start_time"", ""type"": ""date"", ""label"": ""Start Time"", ""default"": null, ""required"": true}]"
nft.longterm_holder_churn,nft,holders,longterm_holder_churn,1Y+ Holder Loss,First acquisition CTE,Measures churn of holders acquired over 1 year ago.,generic,"[""churn_rate:number"",""retained:number"",""churned:number""]","[{""key"": ""contract_address"", ""type"": ""address"", ""label"": ""Contract Address"", ""default"": null, ""required"": true}, {""key"": ""lookback_days"", ""type"": ""number"", ""label"": ""Lookback Days"", ""default"": ""365"", ""required"": false}]"
nft.marketplace_active_wallets,nft,marketplace,marketplace_active_wallets,Weekly Active Wallets,Buyer seller union,Counts unique active wallets per marketplace weekly.,generic,"[""week:date"", ""platform:string"", ""active_wallets:number""]","[{""key"": ""lookback_days"", ""type"": ""number"", ""label"": ""Lookback Days"", ""default"": ""365"", ""required"": false}]"
nft.marketplace_breakdown,nft,marketplace,marketplace_breakdown,Marketplace breakdown,nft.trades by marketplace,Volume split by marketplace for a collection — OpenSea vs Blur vs others.,generic,[],"[{""key"": ""chain"", ""type"": ""chain"", ""label"": ""Chain"", ""default"": ""ethereum"", ""options"": [{""label"": ""Ethereum"", ""value"": ""ethereum""}, {""label"": ""Base"", ""value"": ""base""}, {""label"": ""Optimism"", ""value"": ""optimism""}, {""label"": ""Arbitrum"", ""value"": ""arbitrum""}, {""label"": ""Polygon"", ""value"": ""polygon""}, {""label"": ""BSC"", ""value"": ""bsc""}, {""label"": ""Avalanche"", ""value"": ""avalanche""}, {""label"": ""Celo"", ""value"": ""celo""}], ""required"": true}, {""key"": ""contract_address"", ""type"": ""address"", ""label"": ""Collection address"", ""required"": true, ""placeholder"": ""0x...""}, {""key"": ""days"", ""type"": ""select"", ""label"": ""Time range"", ""default"": ""30"", ""options"": [{""label"": ""Last 7 days"", ""value"": ""7""}, {""label"": ""Last 30 days"", ""value"": ""30""}, {""label"": ""Last 90 days"", ""value"": ""90""}, {""label"": ""Last 180 days"", ""value"": ""180""}, {""label"": ""Last year"", ""value"": ""365""}, {""label"": ""All time"", ""value"": ""all""}], ""required"": true}]"
nft.marketplace_royalty_rates,nft,marketplace,marketplace_royalty_rates,Effective Royalties,Dune NFT Trades,Calculates effective royalty rates per marketplace.,generic,"[""marketplace:string"",""sales:number"",""volume:number"",""royalty_rate:number""]","[{""key"": ""date_from"", ""type"": ""date"", ""label"": ""Start Date"", ""default"": null, ""required"": true}, {""key"": ""min_usd"", ""type"": ""number"", ""label"": ""Min USD"", ""default"": ""0"", ""required"": false}]"
nft.marketplace_share_sellers,nft,sellers,marketplace_share_sellers,OS Preference Ratio,nft.trades opensea,Ranks top sellers by OpenSea volume share.,protocol:opensea,"[""seller:string"",""os_ratio:number"",""gmv14d:number"",""rank:number""]","[{""key"": ""lookback_days"", ""type"": ""number"", ""label"": ""Lookback Days"", ""default"": ""30"", ""required"": false}]"
nft.marketplace_user_activity,nft,marketplace,marketplace_user_activity,Daily Active Users,nft.trades table,Counts daily distinct users per NFT marketplace.,generic,"[""day:date"", ""platform:string"", ""users:number""]","[{""key"": ""date_from"", ""type"": ""date"", ""label"": ""Start Date"", ""default"": ""1 year ago"", ""required"": false}]"
nft.marketplace_volume_share,nft,marketplace,marketplace_volume_share,Platform Volume Share,Trades by project/platform,Aggregates volume/trades/buyers/sellers by marketplace over time.,generic,"[""period:string"",""project:string"",""volume_usd:number"",""num_trades:number"",""unique_buyers:number"",""unique_sellers:number""]","[{""key"": ""contract_address"", ""type"": ""address"", ""label"": ""Contract Address"", ""default"": null, ""required"": true}, {""key"": ""interval"", ""type"": ""select"", ""label"": ""Interval"", ""default"": ""day"", ""options"": [{""label"": ""Minute"", ""value"": ""minute""}, {""label"": ""Hour"", ""value"": ""hour""}, {""label"": ""Day"", ""value"": ""day""}, {""label"": ""Week"", ""value"": ""week""}, {""label"": ""Month"", ""value"": ""month""}], ""required"": true}, {""key"": ""date_from"", ""type"": ""date"", ""label"": ""Start Date"", ""default"": null, ""required"": false}]"
nft.marketplace_volume_timeseries,nft,marketplace,marketplace_volume_timeseries,Marketplace Volumes,NFT Trades,Aggregates USD volume across major NFT marketplaces over time.,generic,"[""date:date"", ""opensea:number"", ""looksrare:number"", ""rarible:number"", ""superrare:number"", ""foundation:number"", ""larvalabs:number""]","[{""key"": ""lookback_days"", ""type"": ""number"", ""label"": ""Lookback Days"", ""default"": ""30"", ""required"": false}]"
nft.mint_activity,nft,minter,mint_activity,Mint activity,ERC721 mint events,"Daily mint count, unique minters, and ETH revenue for an NFT collection.",generic,[],"[{""key"": ""chain"", ""type"": ""chain"", ""label"": ""Chain"", ""default"": ""ethereum"", ""options"": [{""label"": ""Ethereum"", ""value"": ""ethereum""}, {""label"": ""Base"", ""value"": ""base""}, {""label"": ""Optimism"", ""value"": ""optimism""}, {""label"": ""Arbitrum"", ""value"": ""arbitrum""}, {""label"": ""Polygon"", ""value"": ""polygon""}, {""label"": ""BSC"", ""value"": ""bsc""}, {""label"": ""Avalanche"", ""value"": ""avalanche""}, {""label"": ""Celo"", ""value"": ""celo""}], ""required"": true}, {""key"": ""contract_address"", ""type"": ""address"", ""label"": ""Collection address"", ""required"": true, ""placeholder"": ""0x...""}, {""key"": ""days"", ""type"": ""select"", ""label"": ""Time range"", ""default"": ""30"", ""options"": [{""label"": ""Last 7 days"", ""value"": ""7""}, {""label"": ""Last 30 days"", ""value"": ""30""}, {""label"": ""Last 90 days"", ""value"": ""90""}, {""label"": ""Last 180 days"", ""value"": ""180""}, {""label"": ""Last year"", ""value"": ""365""}, {""label"": ""All time"", ""value"": ""all""}], ""required"": true}]"
nft.minter_experience_classifier,nft,wallet,minter_experience_classifier,Minter Experience Cohorts,Ethereum Transactions,Classifies minters by prior tx count at mint time.,generic,"[""experience_cohort:string"",""wallet_count:number""]","[{""key"": ""mint_contract"", ""type"": ""address"", ""label"": ""Mint Contract"", ""default"": null, ""required"": true}]"
nft.minter_experience_cohorts,nft,minter,minter_experience_cohorts,Minter Cohort Distribution,Experience Levels,Segments minters by prior transaction count.,protocol:ethereum.transactions,"[""week:date"",""cohort:string"",""tx_hash:string"",""minter:string""]","[{""key"": ""contract_address"", ""type"": ""address"", ""label"": ""Contract Address"", ""default"": null, ""required"": true}, {""key"": ""interval"", ""type"": ""select"", ""label"": ""Interval"", ""default"": ""week"", ""options"": [{""label"": ""Minute"", ""value"": ""minute""}, {""label"": ""Hour"", ""value"": ""hour""}, {""label"": ""Day"", ""value"": ""day""}, {""label"": ""Week"", ""value"": ""week""}, {""label"": ""Month"", ""value"": ""month""}], ""required"": false}]"
nft.minter_still_holding,nft,holders,minter_still_holding,Minter Retention,Mint vs current holders,Compares unique minters to current holders.,generic,"[""minters:number"",""current_holders:number"",""retention_pct:number""]","[{""key"": ""lookback_days"", ""type"": ""number"", ""label"": ""Lookback Days"", ""default"": ""30"", ""required"": false}]"
nft.monthly_active_users,nft,marketplace,monthly_active_users,Monthly Active Addresses,nft.trades buyers/sellers,Computes monthly unique active addresses across buyers and sellers.,generic,"[""date:date"", ""monthly_active_addresses:number""]","[{""key"": ""protocol"", ""type"": ""text"", ""label"": ""Protocol"", ""default"": null, ""required"": true}, {""key"": ""date_from"", ""type"": ""date"", ""label"": ""Start Date"", ""default"": null, ""required"": false}]"
nft.monthly_growth_rank,nft,growth,monthly_growth_rank,MoM Volume Change,nft.trades collections,Ranks collections by month-over-month volume growth.,generic,"[""collection:string"",""this_month:number"",""last_month:number"",""growth_pct:number""]","[{""key"": ""lookback_days"", ""type"": ""number"", ""label"": ""Lookback Days"", ""default"": ""30"", ""required"": false}]"
nft.monthly_top_collections_by_volume,nft,rankings,monthly_top_collections_by_volume,Top monthly NFT volume,nft.trades aggregations,Ranks collections by monthly USD volume using window ranking.,generic,"[""year:number"",""month:number"",""collection:string"",""volume:number"",""rank:number""]","[{""key"": ""top_n"", ""type"": ""number"", ""label"": ""Top N"", ""default"": ""10"", ""required"": false}, {""key"": ""chain"", ""type"": ""chain"", ""label"": ""Chain"", ""default"": ""ethereum"", ""required"": false, ""options"": [{""label"": ""Ethereum"", ""value"": ""ethereum""}, {""label"": ""Base"", ""value"": ""base""}, {""label"": ""Optimism"", ""value"": ""optimism""}, {""label"": ""Arbitrum"", ""value"": ""arbitrum""}, {""label"": ""Polygon"", ""value"": ""polygon""}, {""label"": ""BSC"", ""value"": ""bsc""}, {""label"": ""Avalanche"", ""value"": ""avalanche""}, {""label"": ""Celo"", ""value"": ""celo""}]}]"
nft.multi_collection_holder_tiering,nft,holders,multi_collection_holder_tiering,Holder Overlap Tiers,Cross-Collection Holders,Tiers holders by number of distinct collections traded.,generic,"[""num_one_coll:number"",""num_two_coll:number"",""num_three_plus:number""]","[{""key"": ""contract_list"", ""type"": ""address"", ""label"": ""Contract List"", ""default"": null, ""required"": true}]"
nft.multi_collection_overlap,nft,holders,multi_collection_overlap,Wallet overlap count,Cross-collection holders,Counts wallets holding NFTs across multiple collections.,generic,"[""wallet:string"",""collections_held:number""]","[{""key"": ""contract_addresses"", ""type"": ""address[]"", ""label"": ""Contract Addresses"", ""default"": [], ""required"": true}]"
nft.near_floor_volume_ratio,nft,price,near_floor_volume_ratio,Near-floor trading ratio,Daily floor vs trades,Measures volume and count of trades within 120% of daily floor price.,generic,"[""day:date"",""contract_address:string"",""near_floor_volume:number"",""near_floor_count:number"",""total_volume:number"",""total_count:number"",""ratio:number""]","[{""key"": ""contract_address"", ""type"": ""address"", ""label"": ""Contract Address"", ""default"": null, ""required"": true}, {""key"": ""multiplier"", ""type"": ""number"", ""label"": ""Floor multiplier"", ""default"": ""1.2"", ""required"": false}]"
nft.net_holders_calculator,nft,holders,net_holders_calculator,Net holder positions,Buys minus sells,Computes net NFT holdings per wallet via buy-sell balance.,generic,"[""wallet:string"",""net_held:number"",""buys:number"",""sells:number""]","[{""key"": ""contract_address"", ""type"": ""address"", ""label"": ""Contract Address"", ""default"": null, ""required"": true}, {""key"": ""min_net"", ""type"": ""number"", ""label"": ""Min net threshold"", ""default"": ""1"", ""required"": false}]"
nft.new_buyer_cohort,nft,buyers,new_buyer_cohort,New vs Returning,Opensea trades,Classifies first-time vs returning buyers monthly.,generic,"[""date:date"", ""first_time_buyers:number""]","[{""key"": ""date_from"", ""type"": ""date"", ""label"": ""Start Date"", ""default"": null, ""required"": true}]"
nft.new_buyer_growth_rank,nft,buyer,new_buyer_growth_rank,New Buyer Leaderboard,NFT Trades Ethereum,Ranks collections by unique first-time buyers.,generic,"[""collection:string"",""new_buyer_count:number"",""total_volume:number""]","[{""key"": ""chain"", ""type"": ""chain"", ""label"": ""Chain"", ""default"": ""ethereum"", ""required"": true, ""options"": [{""label"": ""Ethereum"", ""value"": ""ethereum""}, {""label"": ""Base"", ""value"": ""base""}, {""label"": ""Optimism"", ""value"": ""optimism""}, {""label"": ""Arbitrum"", ""value"": ""arbitrum""}, {""label"": ""Polygon"", ""value"": ""polygon""}, {""label"": ""BSC"", ""value"": ""bsc""}, {""label"": ""Avalanche"", ""value"": ""avalanche""}, {""label"": ""Celo"", ""value"": ""celo""}]}, {""key"": ""date_from"", ""type"": ""date"", ""label"": ""Start Date"", ""default"": null, ""required"": true}, {""key"": ""lookback_days"", ""type"": ""number"", ""label"": ""Lookback Days"", ""default"": ""30"", ""required"": false}, {""key"": ""top_n"", ""type"": ""number"", ""label"": ""Top N"", ""default"": ""10"", ""required"": false}]"
nft.new_holders_daily,nft,holders,new_holders_daily,Daily New Holders,ERC721 Transfers,Counts new holders acquiring NFTs daily.,generic,"[""day:date"",""new_holders:number"",""growth_rate:number""]","[{""key"": ""contract_address"", ""type"": ""address"", ""label"": ""Contract Address"", ""default"": null, ""required"": true}, {""key"": ""lookback_days"", ""type"": ""number"", ""label"": ""Lookback Days"", ""default"": ""30"", ""required"": false}]"
nft.new_holders_trend,nft,holders,new_holders_trend,Daily new holder growth,First acquisition cohorts,Calculates daily new holders and growth rate.,generic,"[""day:date"",""new_holders:number"",""growth_rate:number""]","[{""key"": ""contract_address"", ""type"": ""address"", ""label"": ""Contract Address"", ""default"": null, ""required"": true}, {""key"": ""lookback_days"", ""type"": ""number"", ""label"": ""Lookback Days"", ""default"": ""30"", ""required"": false}]"
nft.new_owners_daily,nft,holders,new_owners_daily,New Owners Count,First-time buyer cohort,Counts daily new owners from first purchase.,generic,"[""date:date"", ""new_wallets:number""]","[{""key"": ""contract_address"", ""type"": ""address"", ""label"": ""Contract Address"", ""default"": null, ""required"": true}, {""key"": ""lookback_days"", ""type"": ""number"", ""label"": ""Lookback Days"", ""default"": ""90"", ""required"": true}]"
nft.new_projects_weekly_count,nft,launches,new_projects_weekly_count,New Projects Launches,OpenSea Trades,Counts distinct projects by week of first observed trade.,protocol:OpenSea,"[""first_trade_week:date"", ""project_count:number""]","[{""key"": ""lookback_days"", ""type"": ""number"", ""label"": ""Lookback Days"", ""default"": ""30"", ""required"": false}]"
nft.new_returning_user_cohort,nft,holders,new_returning_user_cohort,New vs Returning Users,Dune NFT Trades,Computes monthly new vs returning users per project.,generic,"[""dt:date"", ""project:string"", ""new:number"", ""old:number"", ""total:number""]","[{""key"": ""date_from"", ""type"": ""date"", ""label"": ""Start Date"", ""default"": null, ""required"": true}]"
nft.new_returning_users,nft,wallet,new_returning_users,New vs Returning Addresses,NFT Buyer/Seller Cohort,Identifies new vs returning users via earliest trade timestamps.,generic,"[""cohort:string"",""new_users:number"",""returning_users:number""]","[{""key"": ""contract_address"", ""type"": ""address"", ""label"": ""Contract Address"", ""default"": null, ""required"": true}, {""key"": ""date_from"", ""type"": ""date"", ""label"": ""Start Date"", ""default"": null, ""required"": false}]"
nft.new_trader_cohort,nft,wallet,new_trader_cohort,New vs Existing Traders,NFT Trades Cohort,Computes cohort of new versus existing traders from buyer/seller activity.,generic,"[""date:date"", ""new_users:number""]","[{""key"": ""contract_address"", ""type"": ""address"", ""label"": ""Contract Address"", ""default"": null, ""required"": true}, {""key"": ""aggregation"", ""type"": ""text"", ""label"": ""Aggregation"", ""default"": ""day"", ""required"": true}]"
nft.new_user_cohort,nft,wallet,new_user_cohort,New vs cumulative users,First trade cohort analysis,Tracks new vs returning wallets over time.,generic,"[""cohort_date:date"", ""new_users:number"", ""cumulative_users:number""]","[{""key"": ""contract_address"", ""type"": ""address"", ""label"": ""Contract Address"", ""default"": null, ""required"": true}, {""key"": ""interval"", ""type"": ""select"", ""label"": ""Interval"", ""default"": ""day"", ""options"": [{""label"": ""Minute"", ""value"": ""minute""}, {""label"": ""Hour"", ""value"": ""hour""}, {""label"": ""Day"", ""value"": ""day""}, {""label"": ""Week"", ""value"": ""week""}, {""label"": ""Month"", ""value"": ""month""}], ""required"": true}]"
nft.new_vs_returning_buyers,nft,cohort,new_vs_returning_buyers,Buyer Retention Metrics,nft.trades ethereum,Computes daily new versus returning NFT buyers.,generic,"[""day:date"", ""new:number"", ""old:number"", ""total:number""]","[{""key"": ""lookback_days"", ""type"": ""number"", ""label"": ""Lookback Days"", ""default"": ""30"", ""required"": false}]"
nft.new_wallet_cohort,nft,wallet,new_wallet_cohort,New Wallet Acquisition,First tx min per cohort,Cohorts and counts new wallets by first trade timestamp.,generic,"[""cohort_time:date"",""new_wallets:number""]","[{""key"": ""chain"", ""type"": ""chain"", ""label"": ""Chain"", ""default"": ""solana"", ""required"": true, ""options"": [{""label"": ""Ethereum"", ""value"": ""ethereum""}, {""label"": ""Base"", ""value"": ""base""}, {""label"": ""Optimism"", ""value"": ""optimism""}, {""label"": ""Arbitrum"", ""value"": ""arbitrum""}, {""label"": ""Polygon"", ""value"": ""polygon""}, {""label"": ""BSC"", ""value"": ""bsc""}, {""label"": ""Avalanche"", ""value"": ""avalanche""}, {""label"": ""Celo"", ""value"": ""celo""}]}, {""key"": ""interval"", ""type"": ""select"", ""label"": ""Interval"", ""default"": ""day"", ""options"": [{""label"": ""Minute"", ""value"": ""minute""}, {""label"": ""Hour"", ""value"": ""hour""}, {""label"": ""Day"", ""value"": ""day""}, {""label"": ""Week"", ""value"": ""week""}, {""label"": ""Month"", ""value"": ""month""}], ""required"": false}, {""key"": ""years"", ""type"": ""number"", ""label"": ""Lookback Years"", ""default"": ""1"", ""required"": false}]"
nft.new_wallet_cohort_ratio,nft,wallet,new_wallet_cohort_ratio,New vs Returning,Wallet Activity Cohorts,Computes new wallets percentage among unique monthly wallets.,generic,"[""calendar_month:date"",""unique_wallet_count:number"",""new_wallet_pct:number""]","[{""key"": ""interval"", ""type"": ""select"", ""label"": ""Interval"", ""default"": ""month"", ""options"": [{""label"": ""Minute"", ""value"": ""minute""}, {""label"": ""Hour"", ""value"": ""hour""}, {""label"": ""Day"", ""value"": ""day""}, {""label"": ""Week"", ""value"": ""week""}, {""label"": ""Month"", ""value"": ""month""}], ""required"": true}]"
nft.nft_alpha_overlap_analyzer,nft,wallet,nft_alpha_overlap_analyzer,Alpha Overlap,NFT Trades,Finds overlapping early buyers between two NFT projects.,generic,"[""overlapping_buyers:number"",""buyer:string""]","[{""key"": ""contract_address1"", ""type"": ""address"", ""label"": ""Contract 1"", ""default"": null, ""required"": true}, {""key"": ""contract_address2"", ""type"": ""address"", ""label"": ""Contract 2"", ""default"": null, ""required"": true}, {""key"": ""lookback_days"", ""type"": ""number"", ""label"": ""Lookback Days"", ""default"": ""3"", ""required"": true}]"
nft.nft_avg_holding_time,nft,holders,nft_avg_holding_time,Average Hold Time,Acquisition Dates,Computes average days held by current owners.,generic,"[""avg_days_held:number"",""median_days_held:number""]","[{""key"": ""contract_address"", ""type"": ""address"", ""label"": ""Contract Address"", ""default"": null, ""required"": true}]"
nft.nft_buyer_retention,nft,cohort,nft_buyer_retention,Buyer Retention Cohorts,nft.trades cohort analysis,Computes monthly cohort retention for NFT buyers and sellers.,protocol:OpenSea,"[""cohort_month:date"", ""retention_month:string"", ""retention_rate:number"", ""address_count:number""]","[{""key"": ""contract_address"", ""type"": ""address"", ""label"": ""Contract Address"", ""default"": null, ""required"": true}, {""key"": ""lookback_days"", ""type"": ""number"", ""label"": ""Lookback Days"", ""default"": ""365"", ""required"": true}]"
nft.nft_circulating_supply,nft,holders,nft_circulating_supply,Minted minus burned,ERC721 supply calc,Computes circulating supply as mints minus burns.,generic,"[""circulating_supply:number""]","[{""key"": ""contract_address"", ""type"": ""address"", ""label"": ""Contract Address"", ""default"": null, ""required"": true}]"
nft.nft_collection_crossover,nft,holders,nft_collection_crossover,Overlap holders count,Dual collection holders,Counts unique wallets holding NFTs from two collections.,generic,"[""collection_a:string"",""collection_b:string"",""overlap_wallets:number"",""a_holders:number"",""b_holders:number""]","[{""key"": ""contract_a"", ""type"": ""address"", ""label"": ""Contract A"", ""default"": null, ""required"": true}, {""key"": ""contract_b"", ""type"": ""address"", ""label"": ""Contract B"", ""default"": null, ""required"": true}]"
nft.nft_collection_overlap,nft,holders,nft_collection_overlap,Collection Overlap Holders,ERC721 Transfer Events,Counts wallets holding tokens from two collections.,generic,"[""overlap_wallets:number"",""collection_a_holders:number"",""collection_b_holders:number""]","[{""key"": ""contract_a"", ""type"": ""address"", ""label"": ""Contract A"", ""default"": null, ""required"": true}, {""key"": ""contract_b"", ""type"": ""address"", ""label"": ""Contract B"", ""default"": null, ""required"": true}]"
nft.nft_crossover_holders,nft,holders,nft_crossover_holders,Overlap Analysis,ERC721 Transfers,Identifies overlapping holders between two NFT collections.,generic,"[""overlap_count:number"",""total1:number"",""total2:number"",""overlap_ratio:number""]","[{""key"": ""contract_address1"", ""type"": ""address"", ""label"": ""\""NFT Contract 1\"""", ""default"": null, ""required"": true}, {""key"": ""contract_address2"", ""type"": ""address"", ""label"": ""\""NFT Contract 2\"""", ""default"": null, ""required"": true}]"
nft.nft_crossover_wallets,nft,crossover,nft_crossover_wallets,Crossover Holders,ERC721 Transfers,Finds wallets holding tokens from two collections.,generic,"[""wallet:string"",""coll1_count:number"",""coll2_count:number""]","[{""key"": ""contract_a"", ""type"": ""address"", ""label"": ""Contract A"", ""default"": null, ""required"": true}, {""key"": ""contract_b"", ""type"": ""address"", ""label"": ""Contract B"", ""default"": null, ""required"": true}]"
nft.nft_cumulative_holders,nft,holders,nft_cumulative_holders,Holders Over Time,ERC721 Transfers,Tracks cumulative unique holders daily.,generic,"[""day:date"",""unique_holders:number"",""daily_new:number""]","[{""key"": ""contract_address"", ""type"": ""address"", ""label"": ""Contract Address"", ""default"": null, ""required"": true}, {""key"": ""interval"", ""type"": ""select"", ""label"": ""Interval"", ""default"": ""day"", ""options"": [{""label"": ""Minute"", ""value"": ""minute""}, {""label"": ""Hour"", ""value"": ""hour""}, {""label"": ""Day"", ""value"": ""day""}, {""label"": ""Week"", ""value"": ""week""}, {""label"": ""Month"", ""value"": ""month""}], ""required"": false}]"
nft.nft_cumulative_unique_wallets,nft,wallet,nft_cumulative_unique_wallets,Cumulative Wallets,NFT Trades Table,Computes cumulative unique NFT trader wallets over time.,generic,"[""time:date"",""cumu_wallets:number""]","[{""key"": ""chain"", ""type"": ""chain"", ""label"": ""Chain"", ""default"": ""ethereum"", ""required"": true, ""options"": [{""label"": ""Ethereum"", ""value"": ""ethereum""}, {""label"": ""Base"", ""value"": ""base""}, {""label"": ""Optimism"", ""value"": ""optimism""}, {""label"": ""Arbitrum"", ""value"": ""arbitrum""}, {""label"": ""Polygon"", ""value"": ""polygon""}, {""label"": ""BSC"", ""value"": ""bsc""}, {""label"": ""Avalanche"", ""value"": ""avalanche""}, {""label"": ""Celo"", ""value"": ""celo""}]}]"
nft.nft_current_holder_distribution,nft,holders,nft_current_holder_distribution,Holder Concentration,ERC721 Transfers,Computes whale and holder distribution for any NFT collection.,generic,"[""wallet:string"",""count:number""]","[{""key"": ""contract_address"", ""type"": ""address"", ""label"": ""Contract Address"", ""default"": null, ""required"": true}]"
nft.nft_current_holders,nft,holders,nft_current_holders,Unique Holder Ratio,Dune query 2176231,Counts current unique holders and holder ratio.,generic,"[""holders:number"",""unique_holder_ratio:number""]","[{""key"": ""contract_address"", ""type"": ""address"", ""label"": ""Contract Address"", ""default"": null, ""required"": true}]"
nft.nft_current_holders_leaderboard,nft,holders,nft_current_holders_leaderboard,Holder Distribution,Latest Transfers,Computes current NFT holders and quantities using latest transfers per token.,generic,"[""owner:string"",""quantity:number""]","[{""key"": ""contract_address"", ""type"": ""address"", ""label"": ""Contract Address"", ""default"": null, ""required"": true}, {""key"": ""min_token_id"", ""type"": ""number"", ""label"": ""Min Token ID"", ""default"": ""1"", ""required"": false}]"
nft.nft_cycle_detector,nft,identity,nft_cycle_detector,Wash Trading Cycles,Dune query 869495,Detects circular transfer cycles indicating wash trading.,generic,"[""from_node:string"",""to_node:string"",""cycle_length:number"",""lev:number""]","[{""key"": ""date_to"", ""type"": ""date"", ""label"": ""End Date"", ""default"": null, ""required"": true}, {""key"": ""min_cycle"", ""type"": ""number"", ""label"": ""Min Cycle Length"", ""default"": ""3"", ""required"": false}]"
nft.nft_daily_primary_mints,nft,cohort,nft_daily_primary_mints,Daily New Mints,NFT Trades Table,Counts daily primary NFT mints via first token trades.,generic,"[""day:date"",""new_tokens:number""]","[{""key"": ""date_to"", ""type"": ""date"", ""label"": ""End Date"", ""default"": null, ""required"": false}]"
nft.nft_dau,nft,wallet,nft_dau,Daily Active Users,NFT interaction logs,Calculates daily active unique wallets interacting with NFT.,generic,"[""activity_day:date"",""dau:number""]","[{""key"": ""contract_address"", ""type"": ""address"", ""label"": ""Contract Address"", ""default"": null, ""required"": true}, {""key"": ""date_from"", ""type"": ""date"", ""label"": ""Start Date"", ""default"": null, ""required"": true}]"
nft.nft_diamond_hands_ratio,nft,holders,nft_diamond_hands_ratio,Diamond Hands Ratio,ERC721 Transfer Events,Computes percentage of tokens held since mint without transfers.,generic,"[""diamond_hands_ratio:number"",""untouched_tokens:number""]","[{""key"": ""contract_address"", ""type"": ""address"", ""label"": ""Contract Address"", ""default"": null, ""required"": true}]"
nft.nft_effective_royalty_rates,nft,royalties,nft_effective_royalty_rates,Royalty Rates,Dune NFT.trades,Calculates effective royalty rate as royalty fees over sales volume.,generic,"[""month:date"", ""sales:number"", ""eth_volume:number"", ""effective_rate:number""]","[{""key"": ""platform"", ""type"": ""text"", ""label"": ""Platform"", ""default"": null, ""required"": false}, {""key"": ""date_from"", ""type"": ""date"", ""label"": ""Start Date"", ""default"": null, ""required"": true}]"
nft.nft_first_collection_cohort,nft,cohort,nft_first_collection_cohort,First Purchase Cohort,Buyer Onboarding Trends,Identifies first NFT collection purchased by new users monthly.,generic,"[""month:date"", ""collection:string"", ""new_buyers:number""]","[{""key"": ""chain"", ""type"": ""chain"", ""label"": ""Chain"", ""default"": ""ethereum"", ""required"": true, ""options"": [{""label"": ""Ethereum"", ""value"": ""ethereum""}, {""label"": ""Base"", ""value"": ""base""}, {""label"": ""Optimism"", ""value"": ""optimism""}, {""label"": ""Arbitrum"", ""value"": ""arbitrum""}, {""label"": ""Polygon"", ""value"": ""polygon""}, {""label"": ""BSC"", ""value"": ""bsc""}, {""label"": ""Avalanche"", ""value"": ""avalanche""}, {""label"": ""Celo"", ""value"": ""celo""}]}, {""key"": ""date_from"", ""type"": ""date"", ""label"": ""Start Date"", ""default"": ""2021-06-01"", ""required"": true}]"
nft.nft_first_platform_cohort,nft,cohort,nft_first_platform_cohort,First Platform Usage,NFT Trades Table,Classifies first NFT trading platform per new user cohort.,generic,"[""month:date"",""platform:string"",""count:number""]","[{""key"": ""date_from"", ""type"": ""date"", ""label"": ""Start Date"", ""default"": null, ""required"": false}]"
nft.nft_first_time_buyers_cohort,nft,cohort,nft_first_time_buyers_cohort,First-Time Buyers,Dune NFT.trades,Identifies wallets whose first NFT trade was a buy in target collection.,generic,"[""wallet_address:string"", ""first_buy_time:timestamp"", ""collection:string""]","[{""key"": ""contract_address"", ""type"": ""address"", ""label"": ""Contract Address"", ""default"": null, ""required"": true}, {""key"": ""platform"", ""type"": ""text"", ""label"": ""Platform"", ""default"": ""OpenSea"", ""required"": false}, {""key"": ""date_to"", ""type"": ""date"", ""label"": ""End Date"", ""default"": null, ""required"": true}]"
nft.nft_flipper_detector,nft,wallet,nft_flipper_detector,Flipper Count,NFT Trades,Counts wallets reselling NFTs within threshold hours.,generic,"[""flipper_addresses:number""]","[{""key"": ""contract_address"", ""type"": ""address"", ""label"": ""Contract Address"", ""default"": null, ""required"": true}, {""key"": ""lookback_days"", ""type"": ""number"", ""label"": ""Lookback Days"", ""default"": ""30"", ""required"": true}, {""key"": ""threshold_hours"", ""type"": ""number"", ""label"": ""Threshold Hours"", ""default"": ""24"", ""required"": false}]"
nft.nft_flipper_profits,nft,wallet,nft_flipper_profits,Flipper Profit Ranking,nft.trades self-join,Ranks wallets by profit from buying and reselling same NFTs.,generic,"[""buyer:string"",""profit:number"",""txns:number""]","[{""key"": ""date_range"", ""type"": ""date_range"", ""label"": ""Date Range"", ""default"": {""to"": """", ""from"": """"}, ""required"": true}, {""key"": ""chain"", ""type"": ""chain"", ""label"": ""Chain"", ""default"": ""ethereum"", ""required"": false, ""options"": [{""label"": ""Ethereum"", ""value"": ""ethereum""}, {""label"": ""Base"", ""value"": ""base""}, {""label"": ""Optimism"", ""value"": ""optimism""}, {""label"": ""Arbitrum"", ""value"": ""arbitrum""}, {""label"": ""Polygon"", ""value"": ""polygon""}, {""label"": ""BSC"", ""value"": ""bsc""}, {""label"": ""Avalanche"", ""value"": ""avalanche""}, {""label"": ""Celo"", ""value"": ""celo""}]}, {""key"": ""min_usd"", ""type"": ""number"", ""label"": ""Min USD"", ""default"": ""0"", ""required"": false}]"
nft.nft_flip_pnl,nft,flips,nft_flip_pnl,Flip Profitability,Dune query 381508,Computes buy-sell PNL for individual NFT flips.,generic,"[""sale_time:timestamp"", ""pnl:number"", ""trader:string"", ""token_id:string""]","[{""key"": ""contract_address"", ""type"": ""address"", ""label"": ""Contract Address"", ""default"": null, ""required"": true}]"
nft.nft_flip_profit_analyzer,nft,wallet,nft_flip_profit_analyzer,Flip Profits Leaderboard,Dune NFT Trades,Matches buy-sell pairs for same token to compute flip profits.,generic,"[""buyer:string"",""nft_token_id:string"",""buy_amount:number"",""sell_amount:number"",""profit:number""]","[{""key"": ""contract_address"", ""type"": ""address"", ""label"": ""Contract Address"", ""default"": null, ""required"": true}, {""key"": ""lookback_days"", ""type"": ""number"", ""label"": ""Lookback Days"", ""default"": ""7"", ""required"": true}]"
nft.nft_flip_profits,nft,trader,nft_flip_profits,Flip Profits,nft.trades self-join,Computes profits from NFT buy-sell flips per token.,generic,"[""token_id:string"",""profit:number"",""buy_price:number"",""sell_price:number"",""hold_days:number""]","[{""key"": ""contract_address"", ""type"": ""address"", ""label"": ""Contract Address"", ""default"": null, ""required"": true}]"
nft.nft_gini_index,nft,holders,nft_gini_index,Gini Concentration,ERC721 transfers,Calculates Gini index for holder concentration.,generic,"[""gini:number"",""top_holder_pct:number""]","[{""key"": ""contract_address"", ""type"": ""address"", ""label"": ""Contract Address"", ""default"": null, ""required"": true}]"
nft.nft_holder_buckets,nft,holders,nft_holder_buckets,Holder Buckets,ERC721 Transfers,Computes distribution of current holders by tokens held.,generic,"[""bucket:string"",""num_wallets:number"",""total_tokens:number""]","[{""key"": ""contract_address"", ""type"": ""address"", ""label"": ""Contract Address"", ""default"": null, ""required"": true}]"
nft.nft_holder_cohorts,nft,holders,nft_holder_cohorts,Holder Retention,ERC721 Transfers,Tracks unique holder growth and retention cohorts over time.,generic,"[""day:date"",""unique_holders:number"",""new_holders:number""]","[{""key"": ""contract_address"", ""type"": ""address"", ""label"": ""Contract Address"", ""default"": null, ""required"": true}, {""key"": ""interval"", ""type"": ""select"", ""label"": ""Interval"", ""default"": ""day"", ""options"": [{""label"": ""Minute"", ""value"": ""minute""}, {""label"": ""Hour"", ""value"": ""hour""}, {""label"": ""Day"", ""value"": ""day""}, {""label"": ""Week"", ""value"": ""week""}, {""label"": ""Month"", ""value"": ""month""}], ""required"": false}]"
nft.nft_holder_concentration,nft,holders,nft_holder_concentration,Holder Concentration Ratio,ERC721 Transfer Events,"Calculates unique holders, total supply, and concentration ratio.",generic,"[""unique_holders:number"",""total_supply:number"",""concentration_ratio:number""]","[{""key"": ""contract_address"", ""type"": ""address"", ""label"": ""Contract Address"", ""default"": null, ""required"": true}]"
nft.nft_holder_distribution,nft,holders,nft_holder_distribution,Holder Concentration,ERC721 Transfers,Computes current holder counts and buckets.,generic,"[""wallet:string"",""count:number"",""bucket:string"",""unique_ratio:number""]","[{""key"": ""contract_address"", ""type"": ""address"", ""label"": ""Contract Address"", ""default"": null, ""required"": true}]"
nft.nft_holder_evolution,nft,holders,nft_holder_evolution,Holder Count Evolution,ERC721 transfers,Tracks daily unique holder count over time.,generic,"[""day:date"",""unique_holders:number""]","[{""key"": ""contract_address"", ""type"": ""address"", ""label"": ""Contract Address"", ""default"": null, ""required"": true}, {""key"": ""lookback_days"", ""type"": ""number"", ""label"": ""Lookback Days"", ""default"": ""30"", ""required"": false}]"
nft.nft_holder_gini,nft,holders,nft_holder_gini,Gini Coefficient,ERC721 Transfers,Calculates Gini inequality from holder distribution.,generic,"[""gini:number"",""unique_holders:number"",""total_supply:number""]","[{""key"": ""contract_address"", ""type"": ""address"", ""label"": ""Contract Address"", ""default"": null, ""required"": true}]"
nft.nft_holder_growth,nft,holders,nft_holder_growth,Holder Growth Over Time,ERC721 Transfer Events,Computes daily new holders and cumulative unique holders.,generic,"[""day:date"", ""new_holders:number"", ""cumulative_holders:number""]","[{""key"": ""contract_address"", ""type"": ""address"", ""label"": ""Contract Address"", ""default"": null, ""required"": true}]"
nft.nft_holder_growth_timeseries,nft,holders,nft_holder_growth_timeseries,Unique Holders Trend,Daily Wallet Balances,Tracks cumulative unique holders over time.,generic,"[""day:date"", ""unique_holders:number"", ""new_holders:number"", ""growth_pct:number""]","[{""key"": ""contract_address"", ""type"": ""address"", ""label"": ""Contract Address"", ""default"": null, ""required"": true}, {""key"": ""lookback_days"", ""type"": ""number"", ""label"": ""Lookback Days"", ""default"": ""30"", ""required"": false}]"
nft.nft_holder_leaderboard,nft,holders,nft_holder_leaderboard,Top Holders,Latest Transfers,Ranks current NFT holders by count.,generic,"[""wallet:string"",""count:number"",""token_ids:string""]","[{""key"": ""contract_address"", ""type"": ""address"", ""label"": ""Contract Address"", ""default"": null, ""required"": true}, {""key"": ""top_n"", ""type"": ""number"", ""label"": ""Top N"", ""default"": ""50"", ""required"": false}]"
nft.nft_holder_overlap,nft,holders,nft_holder_overlap,Overlapping Holders,ERC721 Transfers,Finds wallets holding both NFT collections.,generic,"[""wallet:string"",""collection_a_count:number"",""collection_b_count:number""]","[{""key"": ""contract_a"", ""type"": ""address"", ""label"": ""Contract A"", ""default"": null, ""required"": true}, {""key"": ""contract_b"", ""type"": ""address"", ""label"": ""Contract B"", ""default"": null, ""required"": true}]"
nft.nft_holders_growth,nft,holders,nft_holders_growth,Cumulative Holders,ERC721 Transfers,Tracks cumulative unique holders over time.,generic,"[""day:date"",""cumulative_holders:number"",""daily_change:number""]","[{""key"": ""contract_address"", ""type"": ""address"", ""label"": ""Contract Address"", ""default"": null, ""required"": true}, {""key"": ""lookback_days"", ""type"": ""number"", ""label"": ""Lookback Days"", ""default"": ""30"", ""required"": false}]"
nft.nft_holders_leaderboard,nft,holders,nft_holders_leaderboard,Top Holders,ERC721 Transfers,Ranks current NFT holders by count.,generic,"[""wallet:string"",""count:number""]","[{""key"": ""contract_address"", ""type"": ""address"", ""label"": ""Contract Address"", ""default"": null, ""required"": true}, {""key"": ""top_n"", ""type"": ""number"", ""label"": ""Top N"", ""default"": ""100"", ""required"": false}]"
nft.nft_holders_timeseries,nft,holders,nft_holders_timeseries,Holders Over Time,ERC721 Transfers,Tracks cumulative unique holders over time.,generic,"[""day:date"",""unique_holders:number"",""daily_new:number""]","[{""key"": ""contract_address"", ""type"": ""address"", ""label"": ""Contract Address"", ""default"": null, ""required"": true}, {""key"": ""interval"", ""type"": ""select"", ""label"": ""Interval"", ""default"": ""day"", ""options"": [{""label"": ""Minute"", ""value"": ""minute""}, {""label"": ""Hour"", ""value"": ""hour""}, {""label"": ""Day"", ""value"": ""day""}, {""label"": ""Week"", ""value"": ""week""}, {""label"": ""Month"", ""value"": ""month""}], ""required"": false}]"
nft.nft_holding_duration,nft,holders,nft_holding_duration,Average Hold Time,Dune query 1695969,Computes average holding days for NFTs traded in period.,generic,"[""collection:string"",""avg_hold_days:number"",""hold_trades:number""]","[{""key"": ""contract_address"", ""type"": ""address"", ""label"": ""Contract Address"", ""default"": null, ""required"": true}, {""key"": ""lookback_days"", ""type"": ""number"", ""label"": ""Lookback Days"", ""default"": ""90"", ""required"": true}]"
nft.nft_holding_period,nft,holders,nft_holding_period,Hold Duration Buckets,ERC721 Transfers,Buckets NFTs by days since last transfer.,generic,"[""bucket:string"",""token_count:number""]","[{""key"": ""contract_address"", ""type"": ""address"", ""label"": ""Contract Address"", ""default"": null, ""required"": true}]"
nft.nft_holding_time_analyzer,nft,holders,nft_holding_time_analyzer,Avg Hold Time,NFT trades LAG,Computes average holding duration between consecutive trades per token.,generic,"[""token_id:string"",""days_held:number"",""event:string""]","[{""key"": ""nft_contract"", ""type"": ""address"", ""label"": ""Nft Contract"", ""default"": null, ""required"": true}, {""key"": ""lookback_days"", ""type"": ""number"", ""label"": ""Lookback Days"", ""default"": ""30"", ""required"": true}]"
nft.nft_holding_time_distribution,nft,holders,nft_holding_time_distribution,Holding Times,Dune NFT.trades,Computes max holding time distribution for sold NFTs using last trade lags.,generic,"[""token_id:string"",""days_held:number"",""event:string""]","[{""key"": ""contract_address"", ""type"": ""address"", ""label"": ""Contract Address"", ""default"": null, ""required"": true}, {""key"": ""lookback_days"", ""type"": ""number"", ""label"": ""Lookback Days"", ""default"": ""30"", ""required"": true}]"
nft.nft_marketplace_loyalty,nft,marketplace,nft_marketplace_loyalty,User loyalty cohorts,Tensor/ME listings,Analyzes user retention and loyalty between marketplaces.,generic,"[""user:string"",""tensor_listings:number"",""me_listings:number"",""loyalty_score:number""]","[{""key"": ""date_from"", ""type"": ""date"", ""label"": ""Start Date"", ""default"": null, ""required"": true}, {""key"": ""marketplace1"", ""type"": ""text"", ""label"": ""Primary marketplace"", ""default"": ""Tensor"", ""required"": false}, {""key"": ""marketplace2"", ""type"": ""text"", ""label"": ""Secondary marketplace"", ""default"": ""MagicEden"", ""required"": false}]"
nft.nft_marketplace_tx_share,nft,marketplace,nft_marketplace_tx_share,Marketplace Tx Share,NFT trades,Calculates transaction count market share across NFT marketplaces over time.,generic,"[""date:date"",""opensea:number"",""looksrare:number"",""rarible:number"",""superrare:number"",""larvalabs:number"",""foundation:number""]","[{""key"": ""date_from"", ""type"": ""date"", ""label"": ""Start Date"", ""default"": ""2 years"", ""required"": false}]"
nft.nft_marketplace_volume,nft,marketplace,nft_marketplace_volume,NFT volume by marketplace,solana.transactions,Aggregates monthly NFT trading volume classified by marketplace program.,generic,"[""month:date"", ""magiceden:number"", ""opensea:number"", ""solanart:number"", ""digitaleyes:number""]","[{""key"": ""chain"", ""type"": ""chain"", ""label"": ""Chain"", ""default"": ""solana"", ""required"": false, ""options"": [{""label"": ""Ethereum"", ""value"": ""ethereum""}, {""label"": ""Base"", ""value"": ""base""}, {""label"": ""Optimism"", ""value"": ""optimism""}, {""label"": ""Arbitrum"", ""value"": ""arbitrum""}, {""label"": ""Polygon"", ""value"": ""polygon""}, {""label"": ""BSC"", ""value"": ""bsc""}, {""label"": ""Avalanche"", ""value"": ""avalanche""}, {""label"": ""Celo"", ""value"": ""celo""}]}, {""key"": ""date_from"", ""type"": ""date"", ""label"": ""Start Date"", ""default"": null, ""required"": true}]"
nft.nft_marketplace_volumes,nft,marketplace,nft_marketplace_volumes,Marketplace Volumes,Solana NFT txs,Aggregates SOL volume across major NFT marketplaces.,generic,"[""day:date"",""magic_eden:number"",""solanart:number"",""solsea:number"",""digitaleyes:number""]","[{""key"": ""date_range"", ""type"": ""date_range"", ""label"": ""Date Range"", ""default"": {""to"": """", ""from"": """"}, ""required"": true}]"
nft.nft_mom_growth_ranker,nft,holders,nft_mom_growth_ranker,MoM volume growth,dune nft.trades,Ranks NFT collections by month-over-month trading volume growth.,generic,"[""collection:string"",""this_month_vol:number"",""last_month_vol:number"",""growth_pct:number""]","[{""key"": ""chain"", ""type"": ""chain"", ""label"": ""Chain"", ""default"": ""ethereum"", ""required"": false, ""options"": [{""label"": ""Ethereum"", ""value"": ""ethereum""}, {""label"": ""Base"", ""value"": ""base""}, {""label"": ""Optimism"", ""value"": ""optimism""}, {""label"": ""Arbitrum"", ""value"": ""arbitrum""}, {""label"": ""Polygon"", ""value"": ""polygon""}, {""label"": ""BSC"", ""value"": ""bsc""}, {""label"": ""Avalanche"", ""value"": ""avalanche""}, {""label"": ""Celo"", ""value"": ""celo""}]}, {""key"": ""min_vol"", ""type"": ""number"", ""label"": ""Min Volume USD"", ""default"": ""10000"", ""required"": false}]"
nft.nft_net_holders,nft,holders,nft_net_holders,Net Holder Balances,Dune query 2350424,Computes net holder balances via buy/sell item counts.,generic,"[""trader:string"",""net_hold:number"",""rank:number""]","[{""key"": ""contract_address"", ""type"": ""address"", ""label"": ""Contract Address"", ""default"": null, ""required"": true}, {""key"": ""min_hold"", ""type"": ""number"", ""label"": ""Min Hold Threshold"", ""default"": ""1"", ""required"": false}]"
nft.nft_new_buyer_cohort,nft,cohort,nft_new_buyer_cohort,New Buyer Trend,NFT Trades Table,Counts daily first-time NFT buyers.,generic,"[""first_nft_purchase:date"",""new_buyer_count:number""]","[{""key"": ""lookback_days"", ""type"": ""number"", ""label"": ""Lookback Days"", ""default"": null, ""required"": true}]"
nft.nft_new_holders,nft,holders,nft_new_holders,New Holders Cohort,ERC721 Transfers,Counts new owners per period.,generic,"[""period:date"",""new_holders:number"",""growth_rate:number""]","[{""key"": ""contract_address"", ""type"": ""address"", ""label"": ""Contract Address"", ""default"": null, ""required"": true}, {""key"": ""interval"", ""type"": ""select"", ""label"": ""Interval"", ""default"": ""month"", ""options"": [{""label"": ""Minute"", ""value"": ""minute""}, {""label"": ""Hour"", ""value"": ""hour""}, {""label"": ""Day"", ""value"": ""day""}, {""label"": ""Week"", ""value"": ""week""}, {""label"": ""Month"", ""value"": ""month""}], ""required"": true}]"
nft.nft_new_holders_cohort,nft,holders,nft_new_holders_cohort,Daily New Holders,ERC721 Transfers,Calculates daily new holders and growth rate.,generic,"[""day:date"",""new_holders:number"",""growth_rate:number""]","[{""key"": ""contract_address"", ""type"": ""address"", ""label"": ""Contract Address"", ""default"": null, ""required"": true}, {""key"": ""lookback_days"", ""type"": ""number"", ""label"": ""Lookback Days"", ""default"": ""30"", ""required"": true}]"
nft.nft_new_holders_growth,nft,holders,nft_new_holders_growth,New Holders Trend,ERC721 Transfers,Calculates daily new holders and growth rate.,generic,"[""day:date"",""new_holders:number"",""growth_rate:string""]","[{""key"": ""contract_address"", ""type"": ""address"", ""label"": ""Contract Address"", ""default"": null, ""required"": true}, {""key"": ""lookback_days"", ""type"": ""number"", ""label"": ""Lookback Days"", ""default"": ""30"", ""required"": false}]"
nft.nft_new_holders_trend,nft,holders,nft_new_holders_trend,New Holders Trend,ERC721 transfers,Tracks daily new holders and growth rate.,generic,"[""day:date"",""new_holders:number"",""growth_rate:number""]","[{""key"": ""contract_address"", ""type"": ""address"", ""label"": ""Contract Address"", ""default"": null, ""required"": true}, {""key"": ""lookback_days"", ""type"": ""number"", ""label"": ""Lookback Days"", ""default"": ""30"", ""required"": false}]"
nft.nft_new_returning_cohort,nft,cohort,nft_new_returning_cohort,New vs Returning Users,nft.trades monthly cohort,Breaks down monthly traders into new vs returning users.,generic,"[""dt:date"", ""new:number"", ""old:number"", ""total:number""]","[{""key"": ""chain"", ""type"": ""chain"", ""label"": ""Chain"", ""default"": ""ethereum"", ""required"": false, ""options"": [{""label"": ""Ethereum"", ""value"": ""ethereum""}, {""label"": ""Base"", ""value"": ""base""}, {""label"": ""Optimism"", ""value"": ""optimism""}, {""label"": ""Arbitrum"", ""value"": ""arbitrum""}, {""label"": ""Polygon"", ""value"": ""polygon""}, {""label"": ""BSC"", ""value"": ""bsc""}, {""label"": ""Avalanche"", ""value"": ""avalanche""}, {""label"": ""Celo"", ""value"": ""celo""}]}]"
nft.nft_repeat_token_trader,nft,wallet,nft_repeat_token_trader,Repeat Trades,NFT Trades,Identifies buyers with multiple trades of same NFT token.,generic,"[""buyer:string"",""token_trade_count:number"",""sum_original_amount:number""]","[{""key"": ""nft_project_name"", ""type"": ""text"", ""label"": ""Project Name"", ""default"": null, ""required"": false}, {""key"": ""min_trades"", ""type"": ""number"", ""label"": ""Min Trades"", ""default"": ""2"", ""required"": false}]"
nft.nft_retention_cohorts,nft,wallet,nft_retention_cohorts,monthly user retention,dune nft.trades,Computes cohort retention rates for NFT traders by acquisition month.,protocol:opensea,"[""cohort_month:date"", ""period:number"", ""retained_users:number"", ""retention_rate:number""]","[{""key"": ""protocol"", ""type"": ""text"", ""label"": ""Protocol"", ""default"": ""opensea"", ""required"": true}, {""key"": ""lookback_months"", ""type"": ""number"", ""label"": ""Lookback Months"", ""default"": ""12"", ""required"": false}]"
nft.nft_rsi_indicator,nft,price,nft_rsi_indicator,RSI momentum,Floor-volume RSI calc,Computes RSI from NFT floor price and volume deltas.,generic,"[""day:date"", ""rsi:number"", ""floor_eth:number"", ""volume_eth:number""]","[{""key"": ""contract_address"", ""type"": ""address"", ""label"": ""Contract Address"", ""default"": null, ""required"": true}]"
nft.nft_same_day_flippers,nft,flippers,nft_same_day_flippers,Flipper volume,NFT trades self-join,Detects same-day NFT flippers via buy-sell matching.,generic,"[""dt:date"", ""project:string"", ""eth:number"", ""usd:number"", ""trades:number"", ""unique_buyers:number""]","[{""key"": ""contract_address"", ""type"": ""address"", ""label"": ""Contract Address"", ""default"": null, ""required"": true}, {""key"": ""date_from"", ""type"": ""date"", ""label"": ""Start Date"", ""default"": null, ""required"": true}, {""key"": ""time_interval"", ""type"": ""select"", ""label"": ""Time Interval"", ""default"": ""day"", ""options"": [{""label"": ""Minute"", ""value"": ""minute""}, {""label"": ""Hour"", ""value"": ""hour""}, {""label"": ""Day"", ""value"": ""day""}, {""label"": ""Week"", ""value"": ""week""}, {""label"": ""Month"", ""value"": ""month""}], ""required"": true}]"
nft.nft_sell_pressure_vs_floor,nft,holders,nft_sell_pressure_vs_floor,Sell Pressure,Dune NFT.trades,Correlates daily unique sellers with min sale price as floor proxy.,generic,"[""day:date"", ""unique_sellers:number"", ""floor_proxy:number"", ""avg_sale:number""]","[{""key"": ""contract_address"", ""type"": ""address"", ""label"": ""Contract Address"", ""default"": null, ""required"": true}, {""key"": ""lookback_days"", ""type"": ""number"", ""label"": ""Lookback Days"", ""default"": ""7"", ""required"": true}]"
nft.nft_spender_leaderboard,nft,marketplace,nft_spender_leaderboard,Top NFT buyer tiers,solana.transactions spend bucketing,Ranks NFT buyers by spend volume with transaction/NFT count buckets.,protocol:magic_eden,"[""users:string"",""spend:number"",""volume:number"",""num_nft:string""]","[{""key"": ""min_usd"", ""type"": ""number"", ""label"": ""Min USD"", ""default"": ""0"", ""required"": false}, {""key"": ""top_n"", ""type"": ""number"", ""label"": ""Top N"", ""default"": ""100"", ""required"": false}]"
nft.nft_sweeper_detector,nft,sweepers,nft_sweeper_detector,Bundle sweepers,Multi-item buyer ranking,Ranks wallets by bundle NFT sweeps.,generic,"[""sweeper:string"",""total_sweeps:number""]","[{""key"": ""nft_contract_addresses"", ""type"": ""address"", ""label"": ""NFT Contracts"", ""default"": null, ""required"": true}]"
nft.nft_token_pnl_tracker,nft,pnl,nft_token_pnl_tracker,Token PnL Changes,NFT trades,Computes price changes and PnL per NFT token across consecutive trades.,generic,"[""tokenid:string"",""pnl_change_eth:number"",""pnl_change_usd:number"",""duration_between_trade:number"",""is_latest:boolean""]","[{""key"": ""contract_address"", ""type"": ""address"", ""label"": ""Contract Address"", ""default"": null, ""required"": true}, {""key"": ""date_from"", ""type"": ""date"", ""label"": ""Start Date"", ""default"": null, ""required"": false}]"
nft.nft_token_wash_scorer,nft,wash_trading,nft_token_wash_scorer,Token Wash Score,Trade to Seller Ratio,Scores NFT tokens by wash ratio of total trades to unique sellers.,generic,"[""token_id:string"",""trade_count:number"",""unique_sellers:number"",""ratio:number""]","[{""key"": ""contract_address"", ""type"": ""address"", ""label"": ""Contract Address"", ""default"": null, ""required"": true}, {""key"": ""min_trades"", ""type"": ""number"", ""label"": ""Min Trades"", ""default"": ""50"", ""required"": false}, {""key"": ""date_from"", ""type"": ""date"", ""label"": ""Start Date"", ""default"": null, ""required"": true}]"
nft.nft_top_holders,nft,holders,nft_top_holders,Top NFT Holders,ERC721 Transfers,Ranks current holders by NFT count.,generic,"[""wallet:string"",""count:number"",""token_ids:string""]","[{""key"": ""contract_address"", ""type"": ""address"", ""label"": ""Contract Address"", ""default"": null, ""required"": true}, {""key"": ""top_n"", ""type"": ""number"", ""label"": ""Top N"", ""default"": ""50"", ""required"": false}]"
nft.nft_top_holders_leaderboard,nft,holders,nft_top_holders_leaderboard,Top Holders Leaderboard,ERC721 Transfer Events,Ranks top wallets by current token holdings with token IDs.,generic,"[""wallet:string"",""count:number"",""token_ids:string""]","[{""key"": ""contract_address"", ""type"": ""address"", ""label"": ""Contract Address"", ""default"": null, ""required"": true}, {""key"": ""top_n"", ""type"": ""number"", ""label"": ""Top N"", ""default"": ""50"", ""required"": false}]"
nft.nft_trade_duplicates,nft,anomaly,nft_trade_duplicates,Duplicate Trades Detector,nft.trades group duplicates,Detects duplicate trade records by key fields.,generic,"[""blockchain:string"",""project:string"",""duplicates:number"",""total_duplicates:number""]","[{""key"": ""lookback_days"", ""type"": ""number"", ""label"": ""Lookback Days"", ""default"": ""30"", ""required"": false}]"
nft.nft_trader_profit,nft,wallet,nft_trader_profit,Trader Net Profit,Buy-Sell Volume Diff,Computes net profit per wallet as sell volume minus buy volume.,generic,"[""wallet:string"",""buy_volume:number"",""sell_volume:number"",""profit:number""]","[{""key"": ""date_range"", ""type"": ""date_range"", ""label"": ""Date Range"", ""default"": {""to"": """", ""from"": """"}, ""required"": true}, {""key"": ""min_usd"", ""type"": ""number"", ""label"": ""Min USD"", ""default"": ""0"", ""required"": false}]"
nft.nft_trader_profit_leaderboard,nft,wallet,nft_trader_profit_leaderboard,Trader Profit Leaderboard,Buy-Sell Profit Calc,Ranks wallets by net profit from NFT buys minus sells.,generic,"[""wallet:string"",""profit_eth:number"",""total_trades:number""]","[{""key"": ""chain"", ""type"": ""chain"", ""label"": ""Chain"", ""default"": ""ethereum"", ""required"": false, ""options"": [{""label"": ""Ethereum"", ""value"": ""ethereum""}, {""label"": ""Base"", ""value"": ""base""}, {""label"": ""Optimism"", ""value"": ""optimism""}, {""label"": ""Arbitrum"", ""value"": ""arbitrum""}, {""label"": ""Polygon"", ""value"": ""polygon""}, {""label"": ""BSC"", ""value"": ""bsc""}, {""label"": ""Avalanche"", ""value"": ""avalanche""}, {""label"": ""Celo"", ""value"": ""celo""}]}, {""key"": ""min_trades"", ""type"": ""number"", ""label"": ""Min Trades"", ""default"": ""1"", ""required"": false}]"
nft.nft_trending_floor_prices,nft,collection,nft_trending_floor_prices,Trending collection floors,nft.trades top activity,Computes floor prices for top active NFT collections by recent sales count.,generic,"[""nft_contract_address:string"",""collection:string"",""hour:timestamp"",""floor:number""]","[{""key"": ""chain"", ""type"": ""chain"", ""label"": ""Chain"", ""default"": ""ethereum"", ""required"": false, ""options"": [{""label"": ""Ethereum"", ""value"": ""ethereum""}, {""label"": ""Base"", ""value"": ""base""}, {""label"": ""Optimism"", ""value"": ""optimism""}, {""label"": ""Arbitrum"", ""value"": ""arbitrum""}, {""label"": ""Polygon"", ""value"": ""polygon""}, {""label"": ""BSC"", ""value"": ""bsc""}, {""label"": ""Avalanche"", ""value"": ""avalanche""}, {""label"": ""Celo"", ""value"": ""celo""}]}, {""key"": ""lookback_hours"", ""type"": ""number"", ""label"": ""Lookback hours"", ""default"": ""1"", ""required"": true}]"
nft.nft_tvl_estimator,nft,holders,nft_tvl_estimator,Collection TVL Estimate,nft.trades last prices,Estimates TVL using last trade price per token across collection.,generic,"[""collection:string"",""tvl:number"",""token_count:number"",""blockchain:string""]","[{""key"": ""date_to"", ""type"": ""date"", ""label"": ""End Date"", ""default"": null, ""required"": true}, {""key"": ""chain"", ""type"": ""chain"", ""label"": ""Chain"", ""default"": ""ethereum"", ""required"": false, ""options"": [{""label"": ""Ethereum"", ""value"": ""ethereum""}, {""label"": ""Base"", ""value"": ""base""}, {""label"": ""Optimism"", ""value"": ""optimism""}, {""label"": ""Arbitrum"", ""value"": ""arbitrum""}, {""label"": ""Polygon"", ""value"": ""polygon""}, {""label"": ""BSC"", ""value"": ""bsc""}, {""label"": ""Avalanche"", ""value"": ""avalanche""}, {""label"": ""Celo"", ""value"": ""celo""}]}]"
nft.nft_unique_holders_timeseries,nft,holders,nft_unique_holders_timeseries,Unique Holders Trend,ERC721 Transfers,Tracks daily unique holders over time.,generic,"[""day:timestamp"",""unique_holders:number"",""cumulative:number""]","[{""key"": ""contract_address"", ""type"": ""address"", ""label"": ""Contract Address"", ""default"": null, ""required"": true}, {""key"": ""interval"", ""type"": ""select"", ""label"": ""Interval"", ""default"": ""day"", ""options"": [{""label"": ""Minute"", ""value"": ""minute""}, {""label"": ""Hour"", ""value"": ""hour""}, {""label"": ""Day"", ""value"": ""day""}, {""label"": ""Week"", ""value"": ""week""}, {""label"": ""Month"", ""value"": ""month""}], ""required"": false}]"
nft.nft_unique_traders_timeseries,nft,traders,nft_unique_traders_timeseries,Unique Traders,Dune NFT.trades,Counts distinct buyers and sellers as traders over time intervals.,generic,"[""time:timestamp"", ""unique_traders:number"", ""unique_buyers:number"", ""unique_sellers:number""]","[{""key"": ""contract_address"", ""type"": ""address"", ""label"": ""Contract Address"", ""default"": null, ""required"": true}, {""key"": ""platform"", ""type"": ""text"", ""label"": ""Platform"", ""default"": ""OpenSea"", ""required"": false}, {""key"": ""interval"", ""type"": ""select"", ""label"": ""Interval"", ""default"": ""month"", ""options"": [{""label"": ""Minute"", ""value"": ""minute""}, {""label"": ""Hour"", ""value"": ""hour""}, {""label"": ""Day"", ""value"": ""day""}, {""label"": ""Week"", ""value"": ""week""}, {""label"": ""Month"", ""value"": ""month""}], ""required"": true}, {""key"": ""date_from"", ""type"": ""date"", ""label"": ""Start Date"", ""default"": null, ""required"": true}]"
nft.nft_user_cohorts,nft,cohort,nft_user_cohorts,Buyer Seller Cohorts,Dune query 615983,Analyzes monthly buyer/seller volume cohorts.,protocol:opensea,"[""month:date"", ""buyer:string"", ""monthly_vol:number""]","[{""key"": ""date_from"", ""type"": ""date"", ""label"": ""Start Date"", ""default"": null, ""required"": false}]"
nft.nft_user_retention,nft,wallet,nft_user_retention,DAU WAU Retention,Dune query 297224,"Calculates DAU, WAU, MAU and retention stickiness.",generic,"[""dt:date"",""dau:number"",""wau:number"",""mau:number"",""retention:number""]","[{""key"": ""months_lookback"", ""type"": ""number"", ""label"": ""Months Lookback"", ""default"": ""6"", ""required"": true}]"
nft.nft_user_retention_cohorts,nft,retention,nft_user_retention_cohorts,User Retention Rates,Dune NFT Trades,Computes cohort retention for buyers and sellers.,generic,"[""cohort_date:date"", ""retention_days:number"", ""retention_rate:number"", ""cohort_size:number""]","[{""key"": ""chain"", ""type"": ""chain"", ""label"": ""Chain"", ""default"": null, ""required"": true, ""options"": [{""label"": ""Ethereum"", ""value"": ""ethereum""}, {""label"": ""Base"", ""value"": ""base""}, {""label"": ""Optimism"", ""value"": ""optimism""}, {""label"": ""Arbitrum"", ""value"": ""arbitrum""}, {""label"": ""Polygon"", ""value"": ""polygon""}, {""label"": ""BSC"", ""value"": ""bsc""}, {""label"": ""Avalanche"", ""value"": ""avalanche""}, {""label"": ""Celo"", ""value"": ""celo""}]}, {""key"": ""contract_address"", ""type"": ""address"", ""label"": ""Contract Address"", ""default"": null, ""required"": false}, {""key"": ""date_from"", ""type"": ""date"", ""label"": ""Start Date"", ""default"": null, ""required"": true}]"
nft.nft_volume_spike_detector,nft,anomaly,nft_volume_spike_detector,trending collections,dune nft.trades,Detects collections with volume exceeding 7-day moving average.,generic,"[""collection:string"", ""date:date"", ""volume:number"", ""avg_volume:number"", ""spike_ratio:number""]","[{""key"": ""chain"", ""type"": ""chain"", ""label"": ""Chain"", ""default"": ""ethereum"", ""required"": false, ""options"": [{""label"": ""Ethereum"", ""value"": ""ethereum""}, {""label"": ""Base"", ""value"": ""base""}, {""label"": ""Optimism"", ""value"": ""optimism""}, {""label"": ""Arbitrum"", ""value"": ""arbitrum""}, {""label"": ""Polygon"", ""value"": ""polygon""}, {""label"": ""BSC"", ""value"": ""bsc""}, {""label"": ""Avalanche"", ""value"": ""avalanche""}, {""label"": ""Celo"", ""value"": ""celo""}]}, {""key"": ""threshold"", ""type"": ""number"", ""label"": ""Spike Threshold"", ""default"": ""1.5"", ""required"": false}, {""key"": ""date_to"", ""type"": ""date"", ""label"": ""End Date"", ""default"": null, ""required"": true}]"
nft.nft_wallet_net_worth,nft,wallet,nft_wallet_net_worth,Wallet NFT PNL,Dune NFT Trades,Computes net worth as buys minus sells across NFT trades.,generic,"[""wallet:string"",""net_value:number"",""buy_value:number"",""sell_value:number""]","[{""key"": ""top_n"", ""type"": ""number"", ""label"": ""Top N"", ""default"": ""100"", ""required"": false}]"
nft.nft_wallet_overlap,nft,holders,nft_wallet_overlap,Wallet Overlap,ERC721 transfers,Computes overlapping holders between collections.,generic,"[""overlapping_wallets:number"",""total_a:number"",""total_b:number"",""overlap_pct:number""]","[{""key"": ""contract_a"", ""type"": ""address"", ""label"": ""Contract A"", ""default"": null, ""required"": true}, {""key"": ""contract_b"", ""type"": ""address"", ""label"": ""Contract B"", ""default"": null, ""required"": true}]"
nft.nft_wash_ratio_detector,nft,identity,nft_wash_ratio_detector,Wash Trading Ratio,nft.trades token ratios,Detects wash trading by trade count over unique sellers per token.,generic,"[""token_id:string"",""trade_count:number"",""unique_sellers:number"",""wash_ratio:number""]","[{""key"": ""collection"", ""type"": ""text"", ""label"": ""Collection Filter"", ""default"": null, ""required"": false}, {""key"": ""date_from"", ""type"": ""date"", ""label"": ""Start Date"", ""default"": null, ""required"": true}, {""key"": ""min_trades"", ""type"": ""number"", ""label"": ""Min Trades"", ""default"": ""50"", ""required"": false}]"
nft.nft_wash_trade_detector,nft,wash_trading,nft_wash_trade_detector,Wash Trade Ratio,NFT Trades Cycles,Detects wash trading via buyer-seller swaps on same NFT token.,generic,"[""week:date"", ""project:string"", ""total_tx:number"", ""wash_tx:number"", ""wash_ratio:number""]","[{""key"": ""chain"", ""type"": ""chain"", ""label"": ""Chain"", ""default"": ""ethereum"", ""required"": true, ""options"": [{""label"": ""Ethereum"", ""value"": ""ethereum""}, {""label"": ""Base"", ""value"": ""base""}, {""label"": ""Optimism"", ""value"": ""optimism""}, {""label"": ""Arbitrum"", ""value"": ""arbitrum""}, {""label"": ""Polygon"", ""value"": ""polygon""}, {""label"": ""BSC"", ""value"": ""bsc""}, {""label"": ""Avalanche"", ""value"": ""avalanche""}, {""label"": ""Celo"", ""value"": ""celo""}]}, {""key"": ""date_from"", ""type"": ""date"", ""label"": ""Start Date"", ""default"": null, ""required"": true}, {""key"": ""contract_address"", ""type"": ""address"", ""label"": ""Contract Address"", ""default"": null, ""required"": false}]"
nft.nft_wash_trading_detector,nft,identity,nft_wash_trading_detector,Wash Score,NFT Trades Table,Detects wash trading via repeated seller-buyer cycles on same NFT.,generic,"[""seller:string"",""wash_score:number"",""cycle_count:number""]","[{""key"": ""protocol"", ""type"": ""text"", ""label"": ""Protocol"", ""default"": ""looksrare"", ""required"": true}, {""key"": ""lookback_days"", ""type"": ""number"", ""label"": ""Lookback Days"", ""default"": ""30"", ""required"": true}]"
nft.nft_wash_trading_scorer,nft,wash_trading,nft_wash_trading_scorer,suspicious wallet score,dune nft.trades,Scores wallets for wash trading using buy/sell counts and ratios.,generic,"[""wallet:string"",""sell_cnt:number"",""buy_cnt:number"",""ratio:number"",""suspicious:boolean""]","[{""key"": ""contract_address"", ""type"": ""address"", ""label"": ""Contract Address"", ""default"": null, ""required"": true}, {""key"": ""date_from"", ""type"": ""date"", ""label"": ""Start Date"", ""default"": null, ""required"": false}]"
nft.nft_wash_trading_volume,nft,wash_trading,nft_wash_trading_volume,Wash Trading Volume,NFT Trades Analysis,Detects wash sales by token-seller-buyer cycles.,generic,"[""nft_project:string"",""wash_sales:number"",""wash_txn:number"",""collections:number""]","[{""key"": ""date_from"", ""type"": ""date"", ""label"": ""Start Date"", ""default"": null, ""required"": false}, {""key"": ""min_usd"", ""type"": ""number"", ""label"": ""Min USD"", ""default"": ""1000"", ""required"": false}]"
nft.nft_whale_activity,nft,whales,nft_whale_activity,Whale trades,High-value buyer aggregation,Aggregates recent whale NFT trades exceeding threshold.,generic,"[""trader:string"",""trade_count:number"",""total_spent_usd:number"",""collections_bought:number"",""avg_purchase:number""]","[{""key"": ""lookback_hours"", ""type"": ""number"", ""label"": ""Lookback Hours"", ""default"": ""24"", ""required"": true}, {""key"": ""min_usd"", ""type"": ""number"", ""label"": ""Min USD"", ""default"": ""1000"", ""required"": true}]"
nft.nft_whale_buckets,nft,holders,nft_whale_buckets,Whale Distribution,Ownership Buckets,Buckets holders by token count for concentration.,generic,"[""bucket:string"",""wallet_count:number"",""token_share:number""]","[{""key"": ""contract_address"", ""type"": ""address"", ""label"": ""Contract Address"", ""default"": null, ""required"": true}]"
nft.nft_whale_leaderboard,nft,holders,nft_whale_leaderboard,Top Holders,ERC721 Transfers,Ranks top holders by token count.,generic,"[""wallet:string"",""token_count:number"",""token_ids:string""]","[{""key"": ""contract_address"", ""type"": ""address"", ""label"": ""Contract Address"", ""default"": null, ""required"": true}, {""key"": ""top_n"", ""type"": ""number"", ""label"": ""Top N"", ""default"": ""50"", ""required"": false}]"
nft.opensea_aggregator_share,nft,sales,opensea_aggregator_share,Aggregator Volume Share,Wyvern AtomicMatch,Measures aggregator vs direct buyer volume share.,protocol:opensea,"[""day:date"", ""aggregator_volume:number"", ""direct_volume:number"", ""share:number""]","[{""key"": ""date_from"", ""type"": ""date"", ""label"": ""Start Date"", ""default"": null, ""required"": true}]"
nft.opensea_collection_floor,nft,floor,opensea_collection_floor,Floor Metrics,Wyvern AtomicMatch,"Computes floor price, average price, sales count by time interval.",protocol:opensea,"[""interval:string"",""floor_eth:number"",""avg_eth:number"",""sales:number"",""volume_eth:number""]","[{""key"": ""contract_address"", ""type"": ""address"", ""label"": ""Contract Address"", ""default"": null, ""required"": true}, {""key"": ""interval"", ""type"": ""select"", ""label"": ""Interval"", ""default"": ""day"", ""options"": [{""label"": ""Minute"", ""value"": ""minute""}, {""label"": ""Hour"", ""value"": ""hour""}, {""label"": ""Day"", ""value"": ""day""}, {""label"": ""Week"", ""value"": ""week""}, {""label"": ""Month"", ""value"": ""month""}], ""required"": true}, {""key"": ""date_range"", ""type"": ""date_range"", ""label"": ""Date Range"", ""default"": {""to"": """", ""from"": """"}, ""required"": false}]"
nft.opensea_listing_latency,nft,sales,opensea_listing_latency,Sell Latency Percentiles,Wyvern AtomicMatch,Calculates percentiles of time from listing to sale.,protocol:opensea,"[""p10:number"",""p50:number"",""p90:number""]","[{""key"": ""lookback_days"", ""type"": ""number"", ""label"": ""Lookback Days"", ""default"": ""30"", ""required"": true}]"
nft.opensea_wash_excluded_volume,nft,sales,opensea_wash_excluded_volume,Clean Sales Volume,Wyvern AtomicMatch,Aggregates daily volume excluding multi-token bundle transactions.,protocol:opensea,"[""day:date"", ""sales:number"", ""volume_eth:number""]","[{""key"": ""date_range"", ""type"": ""date_range"", ""label"": ""Date Range"", ""default"": {""to"": """", ""from"": """"}, ""required"": true}]"
nft.platform_active_users,nft,wallet,platform_active_users,Weekly Active Traders,Buyer-seller union,Counts distinct active wallets (buyers or sellers) per platform over time.,generic,"[""date:date"", ""platform:string"", ""active_wallets:number""]","[{""key"": ""protocol"", ""type"": ""text"", ""label"": ""Protocol"", ""default"": ""blur"", ""required"": true}, {""key"": ""interval"", ""type"": ""select"", ""label"": ""Interval"", ""default"": ""week"", ""options"": [{""label"": ""Minute"", ""value"": ""minute""}, {""label"": ""Hour"", ""value"": ""hour""}, {""label"": ""Day"", ""value"": ""day""}, {""label"": ""Week"", ""value"": ""week""}, {""label"": ""Month"", ""value"": ""month""}], ""required"": false}]"
nft.platform_volume_share,nft,marketplace,platform_volume_share,Market Share Pivot,Dune NFT Trades,Pivots volume across platforms by time interval.,generic,"[""period:string"",""opensea:number"",""looksrare:number"",""blur:number"",""total:number""]","[{""key"": ""interval"", ""type"": ""select"", ""label"": ""Interval"", ""default"": ""day"", ""options"": [{""label"": ""Minute"", ""value"": ""minute""}, {""label"": ""Hour"", ""value"": ""hour""}, {""label"": ""Day"", ""value"": ""day""}, {""label"": ""Week"", ""value"": ""week""}, {""label"": ""Month"", ""value"": ""month""}], ""required"": true}, {""key"": ""lookback_days"", ""type"": ""number"", ""label"": ""Lookback Days"", ""default"": ""30"", ""required"": true}]"
nft.platform_volume_timeseries,nft,marketplace,platform_volume_timeseries,Marketplace Volumes,nft.trades pivots,Compares daily trading volumes across major NFT marketplaces.,generic,"[""date:date"", ""opensea:number"", ""looksrare:number"", ""rarible:number"", ""foundation:number"", ""larvalabs:number"", ""superrare:number"", ""nftx:number""]","[{""key"": ""lookback_days"", ""type"": ""number"", ""label"": ""Lookback Days"", ""default"": ""30"", ""required"": false}]"
nft.power_user_overlap,nft,marketplace,power_user_overlap,Blur OS Overlap,PU volume shares,Compares power users across marketplaces for exclusive volume.,generic,"[""collection:string"",""blur_pu_only_volume:number"",""total_buyers:number""]","[{""key"": ""protocol"", ""type"": ""text"", ""label"": ""Protocol"", ""default"": ""opensea"", ""required"": true}]"
nft.profitable_flips,nft,flip,profitable_flips,Top flip profits,Dune NFT trades,Identifies profitable token flips via consecutive trades.,generic,"[""token_id:string"",""profit_eth:number"",""trader:string""]","[{""key"": ""contract_address"", ""type"": ""address"", ""label"": ""Contract Address"", ""default"": null, ""required"": true}, {""key"": ""date_from"", ""type"": ""date"", ""label"": ""Start Date"", ""default"": null, ""required"": true}]"
nft.profit_taker_ratio,nft,wallet,profit_taker_ratio,Profit Taker Ratio,NFT trades analysis,Computes weekly ratio of sellers profiting above buy price per token.,generic,"[""week:date"", ""profit_taker_ratio:number"", ""total_sellers:number"", ""profitable_sellers:number""]","[{""key"": ""contract_address"", ""type"": ""address"", ""label"": ""Contract Address"", ""default"": null, ""required"": true}, {""key"": ""date_from"", ""type"": ""date"", ""label"": ""Start Date"", ""default"": null, ""required"": false}, {""key"": ""interval"", ""type"": ""select"", ""label"": ""Interval"", ""default"": ""week"", ""options"": [{""label"": ""Minute"", ""value"": ""minute""}, {""label"": ""Hour"", ""value"": ""hour""}, {""label"": ""Day"", ""value"": ""day""}, {""label"": ""Week"", ""value"": ""week""}, {""label"": ""Month"", ""value"": ""month""}], ""required"": true}]"
nft.pumping_collection_detector,nft,token,pumping_collection_detector,High Volume Collections,Monthly Pump Scanner,Identifies collections with high volume and tx count.,generic,"[""nft_contract_address:string"",""volume:number"",""transactions:number"",""pump_score:number""]","[{""key"": ""date_from"", ""type"": ""date"", ""label"": ""Start Date"", ""default"": null, ""required"": true}, {""key"": ""min_usd"", ""type"": ""number"", ""label"": ""Min USD"", ""default"": ""100"", ""required"": false}, {""key"": ""min_tx"", ""type"": ""number"", ""label"": ""Min Transactions"", ""default"": ""1000"", ""required"": false}]"
nft.round_trip_trade_detector,nft,wash_trading,round_trip_trade_detector,Wash Trading Score,Blur paired trades,Detects back-and-forth trades between address pairs.,protocol:blur,"[""address_1:string"",""address_2:string"",""trade_count:number""]","[{""key"": ""date_from"", ""type"": ""date"", ""label"": ""Start Date"", ""default"": null, ""required"": true}, {""key"": ""lookback_days"", ""type"": ""number"", ""label"": ""Lookback Days"", ""default"": ""30"", ""required"": true}]"
nft.rsi_indicator,nft,price,rsi_indicator,RSI Technical Indicator,Floor price momentum,Computes RSI from floor price and volume trends.,generic,"[""date_time:timestamp"", ""rsi:number"", ""floor_price_eth:number""]","[{""key"": ""nft_contract"", ""type"": ""address"", ""label"": ""NFT Contract"", ""default"": null, ""required"": true}, {""key"": ""duration"", ""type"": ""number"", ""label"": ""Lookback Period"", ""default"": ""14"", ""required"": true}, {""key"": ""date_time"", ""type"": ""select"", ""label"": ""Granularity"", ""default"": ""day"", ""options"": [{""label"": ""Minute"", ""value"": ""minute""}, {""label"": ""Hour"", ""value"": ""hour""}, {""label"": ""Day"", ""value"": ""day""}, {""label"": ""Week"", ""value"": ""week""}, {""label"": ""Month"", ""value"": ""month""}], ""required"": true}]"
nft.seller_gmv_retention,nft,retention,seller_gmv_retention,Seller Retention,Cohort GMV analysis,Analyzes seller retention by cohort month with GMV.,generic,"[""cohort:string"",""cohort_diff:number"",""gmv:number""]","[{""key"": ""lookback_days"", ""type"": ""number"", ""label"": ""Lookback Days"", ""default"": ""365"", ""required"": false}]"
nft.seller_pressure_ma,nft,sellers,seller_pressure_ma,Unique Sellers Trend,nft.trades creepz,Tracks daily unique sellers against 7-day moving average.,protocol:nft.trades,"[""day:date"", ""unique_sellers:number"", ""ma7:number"", ""floor_proxy:number""]","[{""key"": ""lookback_days"", ""type"": ""number"", ""label"": ""Lookback Days"", ""default"": ""30"", ""required"": false}]"
nft.sell_pressure_vs_floor,nft,holders,sell_pressure_vs_floor,Daily Sellers vs Floor,Unique sellers proxy,Measures daily unique sellers against floor price proxy.,generic,"[""day:date"", ""unique_sellers:number"", ""daily_floor_usd:number""]","[{""key"": ""contract_address"", ""type"": ""address"", ""label"": ""Contract Address"", ""default"": null, ""required"": true}]"
nft.staked_supply_timeseries,nft,holders,staked_supply_timeseries,Daily net staked NFTs,Staking contract inflows,Tracks net staked supply over time via inflows/outflows.,generic,"[""date:date"",""staked_supply:number"",""cumulative_staked:number""]","[{""key"": ""contract_address"", ""type"": ""address"", ""label"": ""Contract Address"", ""default"": null, ""required"": true}, {""key"": ""staking_address"", ""type"": ""address"", ""label"": ""Staking Contract"", ""default"": null, ""required"": true}]"
nft.supply_net_mintburn,nft,holders,supply_net_mintburn,Cumulative Supply Trend,Net Mint/Burn Events,Tracks supply via net mints and burns over time.,generic,"[""date:date"", ""net_supply:number"", ""daily_change:number""]","[{""key"": ""contract_address"", ""type"": ""address"", ""label"": ""Contract Address"", ""default"": null, ""required"": true}, {""key"": ""interval"", ""type"": ""select"", ""label"": ""Interval"", ""default"": ""day"", ""options"": [{""label"": ""Minute"", ""value"": ""minute""}, {""label"": ""Hour"", ""value"": ""hour""}, {""label"": ""Day"", ""value"": ""day""}, {""label"": ""Week"", ""value"": ""week""}, {""label"": ""Month"", ""value"": ""month""}], ""required"": false}]"
nft.token_flip_profits,nft,wallet,token_flip_profits,Per token PnL,Dune nft.trades,Calculates buy-sell profit per token across trades.,generic,"[""token_id:string"",""profit_usd:number"",""profit_eth:number""]","[{""key"": ""contract_address"", ""type"": ""address"", ""label"": ""Contract Address"", ""default"": null, ""required"": true}]"
nft.top_collections_leaderboard,nft,holders,top_collections_leaderboard,Top collections by holders,ERC721 transfers,Ranks NFT collections by unique holder count.,generic,"[""contract_address:string"",""unique_holders:number"",""total_supply:number""]","[{""key"": ""lookback_days"", ""type"": ""number"", ""label"": ""Lookback Days"", ""default"": ""30"", ""required"": false}]"
nft.top_holders_leaderboard,nft,holders,top_holders_leaderboard,Top Holders Leaderboard,Latest Transfer Window,Ranks top wallets by current NFT holdings.,generic,"[""wallet:string"",""held_count:number"",""token_ids:string""]","[{""key"": ""contract_address"", ""type"": ""address"", ""label"": ""Contract Address"", ""default"": null, ""required"": true}, {""key"": ""top_n"", ""type"": ""number"", ""label"": ""Top N"", ""default"": ""50"", ""required"": false}]"
nft.top_nft_holders,nft,holders,top_nft_holders,Top Holders,ERC721 Transfers,Ranks wallets by current NFT holdings.,generic,"[""wallet:string"",""count:number"",""token_ids:string""]","[{""key"": ""contract_address"", ""type"": ""address"", ""label"": ""Contract Address"", ""default"": null, ""required"": true}, {""key"": ""top_n"", ""type"": ""number"", ""label"": ""Top N"", ""default"": ""50"", ""required"": false}]"
nft.top_nft_power_sellers,nft,sellers,top_nft_power_sellers,Top Power Sellers,Dune NFT Trades,"Ranks sellers by trades, items sold, and USD volume with filters.",generic,"[""seller:string"",""num_trades:number"",""num_items:number"",""usd_sold:number""]","[{""key"": ""date_range"", ""type"": ""date_range"", ""label"": ""Date Range"", ""default"": {""to"": """", ""from"": """"}, ""required"": true}, {""key"": ""min_usd"", ""type"": ""number"", ""label"": ""Min USD"", ""default"": ""10000"", ""required"": false}, {""key"": ""top_n"", ""type"": ""number"", ""label"": ""Top N"", ""default"": ""100"", ""required"": false}]"
nft.top_nft_traders_by_volume_trades,nft,traders,top_nft_traders_by_volume_trades,Top NFT Traders,NFT trades v2 beta,Identifies top NFT traders combining buy and sell volume with trade count thresholds.,generic,"[""trader:string"",""volume_k:number"",""nbr_trades:number""]","[{""key"": ""date_from"", ""type"": ""date"", ""label"": ""Start Date"", ""default"": ""21 days"", ""required"": false}, {""key"": ""min_vol_k"", ""type"": ""number"", ""label"": ""Min Volume (k USD)"", ""default"": null, ""required"": true}, {""key"": ""min_trades"", ""type"": ""number"", ""label"": ""Min Trades"", ""default"": ""3"", ""required"": true}]"
nft.top_projects_by_monthly_users,nft,collection,top_projects_by_monthly_users,Monthly Active Users,nft.trades table,Ranks projects by distinct monthly users with minimum threshold.,generic,"[""month:date"", ""project:string"", ""users:number""]","[{""key"": ""date_from"", ""type"": ""date"", ""label"": ""Start Date"", ""default"": ""12 months ago"", ""required"": false}, {""key"": ""min_users"", ""type"": ""number"", ""label"": ""Min Users"", ""default"": ""100"", ""required"": false}]"
nft.trader_frequency_volume,nft,trader,trader_frequency_volume,Trader Frequency,nft.trades classification,Aggregates volume by trader frequency tiers.,generic,"[""time:timestamp"", ""frequency:string"", ""volume:number""]","[{""key"": ""protocol"", ""type"": ""text"", ""label"": ""Protocol"", ""default"": null, ""required"": true}, {""key"": ""date_from"", ""type"": ""date"", ""label"": ""Start Date"", ""default"": ""30"", ""required"": true}]"
nft.trader_net_flow,nft,wallet,trader_net_flow,Weekly Buyer-Seller Diff,nft.trades buyer/seller counts,Computes weekly net traders (buyers minus sellers) with direction signals.,generic,"[""interval:string"",""diff:number"",""diffUp:boolean"",""diffDown:boolean""]","[{""key"": ""min_usd"", ""type"": ""number"", ""label"": ""Min USD"", ""default"": ""1000"", ""required"": false}, {""key"": ""date_from"", ""type"": ""date"", ""label"": ""Start Date"", ""default"": null, ""required"": true}]"
nft.trader_net_volume,nft,wallet,trader_net_volume,Buy minus sell volume,Dune nft.trades,Aggregates trader buy/sell volumes for net position.,generic,"[""trader:string"",""net_trades:number"",""net_usd:number""]","[{""key"": ""contract_address"", ""type"": ""address"", ""label"": ""Contract Address"", ""default"": null, ""required"": true}, {""key"": ""date_from"", ""type"": ""date"", ""label"": ""Start Date"", ""default"": null, ""required"": false}]"
nft.trader_pnl_leaderboard,nft,wallet,trader_pnl_leaderboard,Trader Profit Rank,Buy Sell Matching,Ranks traders by realized PnL from NFT flips.,generic,"[""trader:string"",""profit_usd:number"",""trade_count:number"",""roi:number""]","[{""key"": ""platform"", ""type"": ""text"", ""label"": ""Platform"", ""default"": ""opensea"", ""required"": true}, {""key"": ""date_from"", ""type"": ""date"", ""label"": ""Start Date"", ""default"": null, ""required"": true}, {""key"": ""min_usd"", ""type"": ""number"", ""label"": ""Min USD"", ""default"": ""1000"", ""required"": false}, {""key"": ""top_n"", ""type"": ""number"", ""label"": ""Top N"", ""default"": ""50"", ""required"": false}]"
nft.trader_profit_analyzer,nft,wallet,trader_profit_analyzer,Wallet Flip Profits,Buy-Sell PNL Calc,Calculates profits from buys to sells per token.,generic,"[""trader:string"",""profit_usd:number"",""hold_days:number"",""flip_count:number""]","[{""key"": ""contract_address"", ""type"": ""address"", ""label"": ""Contract Address"", ""default"": null, ""required"": true}, {""key"": ""date_from"", ""type"": ""date"", ""label"": ""Start Date"", ""default"": null, ""required"": true}]"
nft.trader_profit_leaderboard,nft,wallet,trader_profit_leaderboard,Trader Profit Ranks,Dune NFT Trades,Ranks traders by net profit from buys minus sells.,protocol:trades,"[""trader:string"",""profit_usd:number"",""buy_vol:number"",""sell_vol:number"",""trades:number""]","[{""key"": ""contract_address"", ""type"": ""address"", ""label"": ""Contract Address"", ""default"": null, ""required"": true}, {""key"": ""lookback_days"", ""type"": ""number"", ""label"": ""Lookback Days"", ""default"": ""90"", ""required"": false}]"
nft.trader_profit_ranking,nft,traders,trader_profit_ranking,Net Profit Leaderboard,Trades self-join,Ranks traders by net profit from NFT sales minus purchases.,generic,"[""trader:string"",""profit:number"",""sell_volume:number"",""buy_volume:number""]","[{""key"": ""date_range"", ""type"": ""date_range"", ""label"": ""Date Range"", ""default"": {""to"": """", ""from"": """"}, ""required"": false}, {""key"": ""min_usd"", ""type"": ""number"", ""label"": ""Min USD"", ""default"": ""10000"", ""required"": false}, {""key"": ""top_n"", ""type"": ""number"", ""label"": ""Top N"", ""default"": ""100"", ""required"": false}]"
nft.trader_retention_cohort,nft,cohort,trader_retention_cohort,Retention Curves,Buyer Seller Stacking,Builds retention cohorts from first buyer/seller interactions.,generic,"[""cohort_date:date"", ""retention_rate:number"", ""repeat_traders:number""]","[{""key"": ""contract_address"", ""type"": ""address"", ""label"": ""Contract Address"", ""default"": null, ""required"": true}, {""key"": ""aggregation"", ""type"": ""select"", ""label"": ""Aggregation"", ""default"": ""day"", ""options"": [{""label"": ""Minute"", ""value"": ""minute""}, {""label"": ""Hour"", ""value"": ""hour""}, {""label"": ""Day"", ""value"": ""day""}, {""label"": ""Week"", ""value"": ""week""}, {""label"": ""Month"", ""value"": ""month""}], ""required"": true}, {""key"": ""lookback_days"", ""type"": ""number"", ""label"": ""Lookback Days"", ""default"": ""30"", ""required"": false}]"
nft.trader_size_distribution,nft,wallet,trader_size_distribution,Daily Trader Counts by Size,Ethereum NFT Trades,"Classifies daily traders by volume into small, medium, whales.",generic,"[""day:date"", ""trade_size:string"", ""trader_count:number""]","[{""key"": ""chain"", ""type"": ""chain"", ""label"": ""Chain"", ""default"": ""ethereum"", ""required"": false, ""options"": [{""label"": ""Ethereum"", ""value"": ""ethereum""}, {""label"": ""Base"", ""value"": ""base""}, {""label"": ""Optimism"", ""value"": ""optimism""}, {""label"": ""Arbitrum"", ""value"": ""arbitrum""}, {""label"": ""Polygon"", ""value"": ""polygon""}, {""label"": ""BSC"", ""value"": ""bsc""}, {""label"": ""Avalanche"", ""value"": ""avalanche""}, {""label"": ""Celo"", ""value"": ""celo""}]}]"
nft.trader_tx_distribution,nft,wallet,trader_tx_distribution,Tx count histogram,Dune NFT trades,Distributions wallets by transaction counts.,protocol:opensea,"[""tx_cnt:number"",""wallet_count:number""]","[{""key"": ""date_from"", ""type"": ""date"", ""label"": ""Start Date"", ""default"": ""2021-01-01"", ""required"": false}]"
nft.trader_volume_cohorts,nft,wallet,trader_volume_cohorts,Trader size cohorts,Daily trader classification,Classifies daily NFT traders by volume into small/medium/whale cohorts.,generic,"[""day:date"",""trade_size:string"",""distinct_traders:number""]","[{""key"": ""date_from"", ""type"": ""date"", ""label"": ""Start Date"", ""default"": null, ""required"": true}]"
nft.trait_price,nft,traits,trait_price,Trait rarity vs sale price,Trait rarity vs sale price,How trait rarity correlates with sale price for an NFT collection.,generic,[],"[{""key"": ""chain"", ""type"": ""chain"", ""label"": ""Chain"", ""default"": ""ethereum"", ""options"": [{""label"": ""Ethereum"", ""value"": ""ethereum""}, {""label"": ""Base"", ""value"": ""base""}, {""label"": ""Optimism"", ""value"": ""optimism""}, {""label"": ""Arbitrum"", ""value"": ""arbitrum""}, {""label"": ""Polygon"", ""value"": ""polygon""}, {""label"": ""BSC"", ""value"": ""bsc""}, {""label"": ""Avalanche"", ""value"": ""avalanche""}, {""label"": ""Celo"", ""value"": ""celo""}], ""required"": true}, {""key"": ""contract_address"", ""type"": ""address"", ""label"": ""Collection address"", ""required"": true, ""placeholder"": ""0x...""}, {""key"": ""days"", ""type"": ""select"", ""label"": ""Time range"", ""default"": ""90"", ""options"": [{""label"": ""Last 7 days"", ""value"": ""7""}, {""label"": ""Last 30 days"", ""value"": ""30""}, {""label"": ""Last 90 days"", ""value"": ""90""}, {""label"": ""Last 180 days"", ""value"": ""180""}, {""label"": ""Last year"", ""value"": ""365""}, {""label"": ""All time"", ""value"": ""all""}], ""required"": true}]"
nft.unique_holders_timeseries,nft,holders,unique_holders_timeseries,Daily Unique Holders,Holder snapshots,Tracks daily unique holders over time.,generic,"[""day:date"",""unique_holders:number"",""new_holders:number""]","[{""key"": ""lookback_days"", ""type"": ""number"", ""label"": ""Lookback Days"", ""default"": ""30"", ""required"": false}]"
nft.unique_minter_timeseries,nft,mints,unique_minter_timeseries,Unique Minters,ERC721 Transfers,Tracks unique minters over time.,generic,"[""period:timestamp"",""unique_minters:number"",""total_mints:number""]","[{""key"": ""contract_address"", ""type"": ""address"", ""label"": ""Contract Address"", ""default"": null, ""required"": true}, {""key"": ""interval"", ""type"": ""select"", ""label"": ""Interval"", ""default"": ""day"", ""options"": [{""label"": ""Minute"", ""value"": ""minute""}, {""label"": ""Hour"", ""value"": ""hour""}, {""label"": ""Day"", ""value"": ""day""}, {""label"": ""Week"", ""value"": ""week""}, {""label"": ""Month"", ""value"": ""month""}], ""required"": true}]"
nft.unique_trader_count_timeseries,nft,wallet,unique_trader_count_timeseries,Unique Traders Weekly,Dune NFT Trades,Counts unique wallets trading (buying or selling) per time period.,generic,"[""calendar_week:date"",""unique_traders:number""]","[{""key"": ""interval"", ""type"": ""select"", ""label"": ""Interval"", ""default"": ""week"", ""options"": [{""label"": ""Minute"", ""value"": ""minute""}, {""label"": ""Hour"", ""value"": ""hour""}, {""label"": ""Day"", ""value"": ""day""}, {""label"": ""Week"", ""value"": ""week""}, {""label"": ""Month"", ""value"": ""month""}], ""required"": true}, {""key"": ""date_from"", ""type"": ""date"", ""label"": ""Start Date"", ""default"": null, ""required"": false}]"
nft.unique_traders_timeseries,nft,traders,unique_traders_timeseries,Unique Traders Trend,NFT Trades,Tracks weekly unique buyers and sellers over time.,generic,"[""week:date"", ""unique_buyers:number"", ""unique_sellers:number"", ""net_traders:number""]","[{""key"": ""lookback_days"", ""type"": ""number"", ""label"": ""Lookback Days"", ""default"": ""30"", ""required"": false}]"
nft.user_action_classifier,nft,dex,user_action_classifier,Buyer/Seller Counts,DEX Transactions,"Classifies users as buyers, sellers, or swappers by function signatures.",protocol,"[""buyers:number"",""sellers:number"",""swappers:number""]","[{""key"": ""contract_address"", ""type"": ""address"", ""label"": ""Contract Address"", ""default"": null, ""required"": true}]"
nft.user_cohort_retention,nft,marketplace,user_cohort_retention,Cohort Retention,Marketplace Txs,Computes new vs returning user retention at 1/3/6 months via first interaction.,protocol,"[""cohort_date:date"", ""new_users:number"", ""retained_1m:number"", ""retained_3m:number"", ""retained_6m:number""]","[{""key"": ""contract_address"", ""type"": ""address"", ""label"": ""Contract Address"", ""default"": null, ""required"": true}]"
nft.user_retention_cohort,nft,retention,user_retention_cohort,Weekly Retention Rate,WAU cohort analysis,Computes user retention cohorts by first activity week.,protocol:platform,"[""cohort_week:date"", ""week_offset:number"", ""retained_users:number"", ""retention_rate:number""]","[{""key"": ""platform"", ""type"": ""text"", ""label"": ""Platform"", ""default"": ""looksrare"", ""required"": true}]"
nft.user_retention_score,nft,wallet,user_retention_score,Trailing Activity,Distinct daily users windowed,Tracks user retention through trailing active days and engagement streaks.,generic,"[""block_date:date"",""retention_days:number"",""active_users:number""]","[{""key"": ""platform"", ""type"": ""text"", ""label"": ""Platform"", ""default"": ""opensea"", ""required"": false}, {""key"": ""date_from"", ""type"": ""date"", ""label"": ""Start Date"", ""default"": null, ""required"": true}]"
nft.volume_by_timezone,nft,timezone,volume_by_timezone,Timezone Trading Volumes,NFT Trades,Segments trading volume into Asia/Europe/US timezone buckets weekly.,generic,"[""week_start:date"", ""region:string"", ""total_volume_usd:number""]","[{""key"": ""lookback_days"", ""type"": ""number"", ""label"": ""Lookback Days"", ""default"": ""30"", ""required"": false}]"
nft.volume_tier_distribution,nft,holders,volume_tier_distribution,Whale Volume Buckets,nft.trades table,Buckets collections by total trade volume into whale tiers.,generic,"[""total:number"",""ten_thousand_eth:number"",""five_thousand_eth:number"",""thousand_eth:number"",""hundred_eth:number"",""ten_eth:number""]","[{""key"": ""min_eth"", ""type"": ""number"", ""label"": ""Min ETH Volume"", ""default"": ""0"", ""required"": false}]"
nft.wallet_collection_diversity,nft,wallet,wallet_collection_diversity,Collections per Wallet,Dune NFT Trades OpenSea,Measures number of distinct NFT collections interacted with per wallet.,protocol:opensea,"[""wallet:string"",""collection_count:number""]","[{""key"": ""platform"", ""type"": ""text"", ""label"": ""Platform"", ""default"": ""OpenSea"", ""required"": false}]"
nft.wallet_hold_time_classifier,nft,wallet,wallet_hold_time_classifier,Hold Time Buckets,NFT Trades,Classifies wallets by average hold time between token trades.,generic,"[""wallet:string"",""avg_hold_days:number"",""classification:string""]","[{""key"": ""contract_address"", ""type"": ""address"", ""label"": ""Contract Address"", ""default"": null, ""required"": true}]"
nft.wallet_net_nft_balance,nft,wallet,wallet_net_nft_balance,Net Sales Minus Buys,Seller Buyer Balance,Balances total NFT sales against buys per wallet.,generic,"[""wallet:string"",""sales:number"",""buys:number"",""balance:number""]","[{""key"": ""contract_address"", ""type"": ""address"", ""label"": ""Contract Address"", ""default"": null, ""required"": true}]"
nft.wallet_pnl,nft,wallet,wallet_pnl,NFT wallet PnL,nft.trades buy/sell match,Realised profit/loss from NFT trades for a wallet.,generic,[],"[{""key"": ""chain"", ""type"": ""chain"", ""label"": ""Chain"", ""default"": ""ethereum"", ""options"": [{""label"": ""Ethereum"", ""value"": ""ethereum""}, {""label"": ""Base"", ""value"": ""base""}, {""label"": ""Optimism"", ""value"": ""optimism""}, {""label"": ""Arbitrum"", ""value"": ""arbitrum""}, {""label"": ""Polygon"", ""value"": ""polygon""}, {""label"": ""BSC"", ""value"": ""bsc""}, {""label"": ""Avalanche"", ""value"": ""avalanche""}, {""label"": ""Celo"", ""value"": ""celo""}], ""required"": true}, {""key"": ""wallet"", ""type"": ""address"", ""label"": ""Wallet address"", ""required"": true, ""placeholder"": ""0x...""}, {""key"": ""days"", ""type"": ""select"", ""label"": ""Time range"", ""default"": ""90"", ""options"": [{""label"": ""Last 7 days"", ""value"": ""7""}, {""label"": ""Last 30 days"", ""value"": ""30""}, {""label"": ""Last 90 days"", ""value"": ""90""}, {""label"": ""Last 180 days"", ""value"": ""180""}, {""label"": ""Last year"", ""value"": ""365""}, {""label"": ""All time"", ""value"": ""all""}], ""required"": true}]"
nft.wallet_pnl_analyzer,nft,wallet,wallet_pnl_analyzer,Wallet PNL Distribution,Buy/sell aggregation CTEs,Calculates realized PNL for wallets trading collection.,generic,"[""wallet:string"",""buy_usd:number"",""sell_usd:number"",""pnl_usd:number"",""roi:number""]","[{""key"": ""contract_address"", ""type"": ""address"", ""label"": ""Contract Address"", ""default"": null, ""required"": true}, {""key"": ""chain"", ""type"": ""chain"", ""label"": ""Chain"", ""default"": ""polygon"", ""required"": false, ""options"": [{""label"": ""Ethereum"", ""value"": ""ethereum""}, {""label"": ""Base"", ""value"": ""base""}, {""label"": ""Optimism"", ""value"": ""optimism""}, {""label"": ""Arbitrum"", ""value"": ""arbitrum""}, {""label"": ""Polygon"", ""value"": ""polygon""}, {""label"": ""BSC"", ""value"": ""bsc""}, {""label"": ""Avalanche"", ""value"": ""avalanche""}, {""label"": ""Celo"", ""value"": ""celo""}]}]"
nft.wallet_pnl_calculator,nft,wallet,wallet_pnl_calculator,Wallet NFT PnL,nft.trades self-join,Calculates realized profit/loss per wallet by matching buys and sells on token ID.,generic,"[""seller:string"",""profit_loss:number""]","[{""key"": ""contract_address"", ""type"": ""address"", ""label"": ""Contract Address"", ""default"": null, ""required"": true}, {""key"": ""wallet_address"", ""type"": ""address"", ""label"": ""Wallet Address"", ""default"": null, ""required"": true}]"
nft.wallet_pnl_tracker,nft,wallet,wallet_pnl_tracker,Cumulative wallet PnL,Buy/sell cost basis,Tracks cumulative profit/loss per wallet using running buy/sell totals.,generic,"[""date:date"",""wallet:string"",""acc_bought:number"",""acc_sold:number"",""pnl:number""]","[{""key"": ""protocol"", ""type"": ""text"", ""label"": ""Protocol"", ""default"": ""sudoswap"", ""required"": false}, {""key"": ""date_from"", ""type"": ""date"", ""label"": ""Start Date"", ""default"": null, ""required"": true}]"
nft.wallet_project_diversity,nft,wallet,wallet_project_diversity,Projects per Wallet,Multi-collateral trader stats,"Profiles wallets by projects traded, buy/sell counts, and avg volumes.",generic,"[""num_projects:number"",""num_wallets:number"",""avg_volume_eth:number""]","[{""key"": ""date_from"", ""type"": ""date"", ""label"": ""Start Date"", ""default"": null, ""required"": true}]"
nft.wallet_trade_distribution,nft,wallet,wallet_trade_distribution,Buy/Sell Counts Dist,Trader activity histogram,Distributions of buy/sell counts and unique counterparties per wallet.,generic,"[""wallet:string"",""buy_cnt:number"",""sell_cnt:number"",""buy_target_cnt:number""]","[{""key"": ""contract_address"", ""type"": ""address"", ""label"": ""Contract Address"", ""default"": null, ""required"": true}, {""key"": ""lookback_days"", ""type"": ""number"", ""label"": ""Lookback Days"", ""default"": ""365"", ""required"": true}]"
nft.wash_trade_multi_tx_detector,nft,identity,wash_trade_multi_tx_detector,Duplicate TX Check,nft.trades table,Detects multi-item trades in single TX indicating potential wash.,generic,"[""tx_hash:string"",""count:number""]","[{""key"": ""platform"", ""type"": ""text"", ""label"": ""Platform"", ""default"": ""OpenSea"", ""required"": false}, {""key"": ""date_from"", ""type"": ""date"", ""label"": ""Start Date"", ""default"": ""30 days ago"", ""required"": false}]"
nft.wash_trade_scorer,nft,identity,wash_trade_scorer,Wash trade flags,Circular trade detection,"Flags wash trades via same-day multiples, self-trades, or cycles.",generic,"[""tx_hash:string"",""wash_flag:boolean"",""wash_score:number""]","[{""key"": ""contract_address"", ""type"": ""address"", ""label"": ""Contract Address"", ""default"": null, ""required"": true}, {""key"": ""min_trades"", ""type"": ""number"", ""label"": ""Min Same-Day Trades"", ""default"": ""2"", ""required"": false}]"
nft.wash_trading,nft,wash_trading,wash_trading,Wash trading detector,Round-trip trade detection,Identifies round-trip NFT trades between related wallets.,generic,[],"[{""key"": ""chain"", ""type"": ""chain"", ""label"": ""Chain"", ""default"": ""ethereum"", ""options"": [{""label"": ""Ethereum"", ""value"": ""ethereum""}, {""label"": ""Base"", ""value"": ""base""}, {""label"": ""Optimism"", ""value"": ""optimism""}, {""label"": ""Arbitrum"", ""value"": ""arbitrum""}, {""label"": ""Polygon"", ""value"": ""polygon""}, {""label"": ""BSC"", ""value"": ""bsc""}, {""label"": ""Avalanche"", ""value"": ""avalanche""}, {""label"": ""Celo"", ""value"": ""celo""}], ""required"": true}, {""key"": ""contract_address"", ""type"": ""address"", ""label"": ""Collection address"", ""required"": true, ""placeholder"": ""0x...""}, {""key"": ""days"", ""type"": ""select"", ""label"": ""Time range"", ""default"": ""30"", ""options"": [{""label"": ""Last 7 days"", ""value"": ""7""}, {""label"": ""Last 30 days"", ""value"": ""30""}, {""label"": ""Last 90 days"", ""value"": ""90""}, {""label"": ""Last 180 days"", ""value"": ""180""}, {""label"": ""Last year"", ""value"": ""365""}, {""label"": ""All time"", ""value"": ""all""}], ""required"": true}]"
nft.wash_trading_detector,nft,identity,wash_trading_detector,Wash Trading Score,Circular Transfer Detection,Detects wash trades via trader cycles and back-forth transfers.,generic,"[""time:timestamp"", ""wash_score:number"", ""suspicious_wallets:string""]","[{""key"": ""protocol"", ""type"": ""text"", ""label"": ""Protocol"", ""default"": ""x2y2"", ""required"": true}, {""key"": ""date_from"", ""type"": ""date"", ""label"": ""Start Date"", ""default"": null, ""required"": false}]"
nft.wash_trading_scorer,nft,wash_trading,wash_trading_scorer,Wash Trading Score,Dune NFT Trades,Detects wash trades via circular buyer-seller patterns and scores volume.,generic,"[""wash_score:number"",""suspicious_wallets:string"",""circular_trades:number""]","[{""key"": ""date_range"", ""type"": ""date_range"", ""label"": ""Date Range"", ""default"": {""to"": """", ""from"": """"}, ""required"": true}, {""key"": ""platform"", ""type"": ""text"", ""label"": ""Platform"", ""default"": ""LookRare"", ""required"": false}]"
nft.wash_trading_volume_percent,nft,wash_trading,wash_trading_volume_percent,Wash Trading Ratio,Circular Trade Detection,Detects wash trading volume percent via circular buyer-seller cycles.,generic,"[""week:date"", ""project:string"", ""total_volume:number"", ""wash_volume:number"", ""percent:number""]","[{""key"": ""date_from"", ""type"": ""date"", ""label"": ""Start Date"", ""default"": ""2022-09-29"", ""required"": false}]"
nft.weekly_new_wallets,nft,wallet,weekly_new_wallets,New wallet cohorts,Dune NFT trades,Counts wallets by first NFT trade week.,generic,"[""first_nft_trade_week:date"",""new_wallet_count:number""]","[{""key"": ""usd_threshold"", ""type"": ""number"", ""label"": ""Max USD per trade"", ""default"": ""5000000"", ""required"": false}]"
nft.whale_accumulation_detector,nft,holders,whale_accumulation_detector,Whale Net Buys,Holder threshold accumulation,Tracks net accumulation (buys minus sells) by whales holding 10+ tokens weekly.,generic,"[""week:date"", ""whale_buys:number"", ""whale_sells:number"", ""net_accumulation:number""]","[{""key"": ""contract_address"", ""type"": ""address"", ""label"": ""Contract Address"", ""default"": null, ""required"": true}, {""key"": ""whale_threshold"", ""type"": ""number"", ""label"": ""Whale Threshold"", ""default"": ""10"", ""required"": false}]"
nft.whale_buyers_rank,nft,holders,whale_buyers_rank,Whale Buyer Collections,nft.trades high-value filter,Ranks collections by number of unique whale buyers (>$10k trades).,generic,"[""collection:string"",""nft_contract_address:string"",""whale_buyers:number""]","[{""key"": ""date_from"", ""type"": ""date"", ""label"": ""Start Date"", ""default"": null, ""required"": true}, {""key"": ""threshold_usd"", ""type"": ""number"", ""label"": ""Min USD Threshold"", ""default"": ""10000"", ""required"": false}]"
nft.whale_concentration_index,nft,holders,whale_concentration_index,Whale Concentration Index,Cumulative Holding Sum,Calculates top holder concentration percentage over time.,generic,"[""day:timestamp"",""top_n_percentage:number"",""whale_count:number""]","[{""key"": ""contract_address"", ""type"": ""address"", ""label"": ""Contract Address"", ""default"": null, ""required"": true}, {""key"": ""top_n"", ""type"": ""number"", ""label"": ""Top N"", ""default"": ""10"", ""required"": false}, {""key"": ""lookback_days"", ""type"": ""number"", ""label"": ""Lookback Days"", ""default"": ""30"", ""required"": false}]"
nft.whale_distribution,nft,holders,whale_distribution,Whale Buckets,Holder buckets,Buckets holders by ownership size.,generic,"[""bucket:string"",""wallet_count:number"",""token_percentage:number""]","[{""key"": ""contract_address"", ""type"": ""address"", ""label"": ""Contract Address"", ""default"": null, ""required"": true}]"
nft.whale_dominance_score,nft,holders,whale_dominance_score,Top Holder Share,Whale Concentration Metric,Measures top holders' supply dominance.,generic,"[""whale_share:number"",""top_holders:number"",""total_supply:number""]","[{""key"": ""contract_address"", ""type"": ""address"", ""label"": ""Contract Address"", ""default"": null, ""required"": true}, {""key"": ""top_n"", ""type"": ""number"", ""label"": ""Top N"", ""default"": ""10"", ""required"": true}]"
nft.whale_high_volume_traders,nft,holders,whale_high_volume_traders,High Volume Whales,Buy/sell threshold intersection,Identifies whales trading >=100 NFTs in period.,generic,"[""wallet_address:string"",""transaction_count:number""]","[{""key"": ""threshold"", ""type"": ""number"", ""label"": ""Threshold"", ""default"": ""100"", ""required"": true}, {""key"": ""date_from"", ""type"": ""date"", ""label"": ""Start Date"", ""default"": null, ""required"": false}]"
nft.whale_holders,nft,holders,whale_holders,Whale holders,ERC721 holder ranking,Top NFT holders by quantity for a collection.,generic,[],"[{""key"": ""chain"", ""type"": ""chain"", ""label"": ""Chain"", ""default"": ""ethereum"", ""options"": [{""label"": ""Ethereum"", ""value"": ""ethereum""}, {""label"": ""Base"", ""value"": ""base""}, {""label"": ""Optimism"", ""value"": ""optimism""}, {""label"": ""Arbitrum"", ""value"": ""arbitrum""}, {""label"": ""Polygon"", ""value"": ""polygon""}, {""label"": ""BSC"", ""value"": ""bsc""}, {""label"": ""Avalanche"", ""value"": ""avalanche""}, {""label"": ""Celo"", ""value"": ""celo""}], ""required"": true}, {""key"": ""contract_address"", ""type"": ""address"", ""label"": ""Collection address"", ""required"": true, ""placeholder"": ""0x...""}, {""key"": ""top_n"", ""type"": ""select"", ""label"": ""Top N holders"", ""default"": ""25"", ""options"": [{""label"": ""Top 10"", ""value"": ""10""}, {""label"": ""Top 25"", ""value"": ""25""}, {""label"": ""Top 50"", ""value"": ""50""}, {""label"": ""Top 100"", ""value"": ""100""}], ""required"": true}]"
perp.jupiter_perp_daily_fees,perp,fees,jupiter_perp_daily_fees,Perps fees volume,Jupiter position events,Calculates daily fees from perp position changes.,protocol:jupiter,"[""date:date"", ""deposit_fees:number"", ""withdraw_fees:number"", ""total_fees:number""]","[{""key"": ""date_range"", ""type"": ""date_range"", ""label"": ""Date Range"", ""default"": {""to"": """", ""from"": """"}, ""required"": true}]"
perp.jupiter_perps_daily_fees,perp,fees,jupiter_perps_daily_fees,Daily Fees Volume,Jupiter Perps events,Calculates daily fees from position deposits and changes.,protocol:jupiter,"[""day:date"", ""fees_usd:number"", ""volume_usd:number""]","[{""key"": ""date_range"", ""type"": ""date_range"", ""label"": ""Date Range"", ""default"": {""to"": """", ""from"": """"}, ""required"": false}]"
perp.margin_trading_stats,perp,trading,margin_trading_stats,GMX trading metrics,Arbitrum logs decoded,Aggregates margin trades classifying longs/shorts with volume and fees.,protocol:gmx,"[""time:timestamp"", ""users:number"", ""trades:number"", ""longs:number"", ""shorts:number"", ""volume:number"", ""fees:number"", ""trade_size:number""]","[{""key"": ""time_scale"", ""type"": ""text"", ""label"": ""Time Scale"", ""default"": ""day"", ""required"": true}, {""key"": ""date_range"", ""type"": ""date_range"", ""label"": ""Date Range"", ""default"": {""to"": """", ""from"": """"}, ""required"": true}]"
perp.perps_protocol_dau,perp,protocol,perps_protocol_dau,Perps DAU Leaderboard,Multi-protocol users,Counts daily active users across Solana perpetuals protocols.,generic,"[""stat_date:date"",""total_users:number"",""drift_users:number"",""mango_users:number"",""zeta_users:number""]","[{""key"": ""date_range"", ""type"": ""date_range"", ""label"": ""Date Range"", ""default"": {""to"": """", ""from"": """"}, ""required"": true}]"
prediction.user_balance_states,prediction,user,user_balance_states,Positive/Negative distribution,Polymarket actions sums,"Classifies users by net balance from buys, sells, redeems.",protocol:polymarket,"[""state:string"",""users_count:number""]","[{""key"": ""lookback_days"", ""type"": ""number"", ""label"": ""Lookback Days"", ""default"": ""30"", ""required"": false}]"
price.annualized_volatility,price,volatility,annualized_volatility,Annualized Volatility,prices.usd returns stddev,Computes rolling annualized volatility from daily returns.,generic,"[""day:date"", ""vol_30d:number"", ""vol_90d:number""]","[{""key"": ""token_symbol"", ""type"": ""text"", ""label"": ""Token Symbol"", ""default"": null, ""required"": true}, {""key"": ""lookback_days"", ""type"": ""number"", ""label"": ""Lookback Days"", ""default"": ""365"", ""required"": false}]"
price.asset_price_correlation,price,correlation,asset_price_correlation,Price Correlation Matrix,Dune Prices USD,Computes daily returns and correlation across multiple assets.,generic,"[""date:date"", ""symbol:string"", ""price:number"", ""daily_return:number"", ""correlation:number""]","[{""key"": ""symbols"", ""type"": ""text"", ""label"": ""\""Token Symbols\"""", ""default"": null, ""required"": true}, {""key"": ""date_range"", ""type"": ""date_range"", ""label"": ""Date Range"", ""default"": {""to"": """", ""from"": """"}, ""required"": true}]"
price.bollinger_band_levels,price,technical_analysis,bollinger_band_levels,Bollinger Bands,Price volatility bands,Computes upper/lower Bollinger bands from SMA and stddev.,generic,"[""day:date"", ""close:number"", ""sma30:number"", ""upper_band:number"", ""lower_band:number""]","[{""key"": ""token_symbol"", ""type"": ""text"", ""label"": ""Token Symbol"", ""default"": null, ""required"": true}, {""key"": ""lookback_days"", ""type"": ""number"", ""label"": ""Lookback Days"", ""default"": ""90"", ""required"": false}]"
price.bollinger_bands,price,technical,bollinger_bands,Bollinger %B Bandwidth,prices.usd 20d SMA stddev,Computes Bollinger Bands %B and bandwidth (20d).,generic,"[""day:date"", ""percent_b:number"", ""bandwidth:number""]","[{""key"": ""token_symbol"", ""type"": ""text"", ""label"": ""Token Symbol"", ""default"": null, ""required"": true}, {""key"": ""lookback_days"", ""type"": ""number"", ""label"": ""Lookback Days"", ""default"": ""90"", ""required"": false}]"
price.daily_returns_histogram,price,volatility,daily_returns_histogram,Daily price returns,Layer1 USD prices,Computes daily returns with lag comparison for single or paired tokens.,generic,"[""day:date"",""avg_price:number"",""pct_change:number""]","[{""key"": ""token_symbol"", ""type"": ""text"", ""label"": ""Token Symbol"", ""default"": ""ETH"", ""required"": true}, {""key"": ""lookback_days"", ""type"": ""number"", ""label"": ""Lookback Days"", ""default"": ""365"", ""required"": true}]"
price.dca_performance_tracker,price,holders,dca_performance_tracker,DCA stack value,Layer1 median prices,Simulates periodic capital injections at median price with cumulative holdings value.,generic,"[""price_date:date"",""median_price:number"",""btc_stack:number"",""stack_usd:number""]","[{""key"": ""token_symbol"", ""type"": ""text"", ""label"": ""Token Symbol"", ""default"": ""BTC"", ""required"": true}, {""key"": ""lookback_days"", ""type"": ""number"", ""label"": ""Lookback Days"", ""default"": ""730"", ""required"": true}]"
price.dex_price_deviation,price,oracle,dex_price_deviation,DEX vs Oracle Errors,Prices USD + DEX Trades,Detects deviations between DEX trade prices and oracle prices with stddev scoring.,generic,"[""timestamp:timestamp"", ""blockchain:string"", ""error:number"", ""stddev:number"", ""is_outlier:boolean""]","[{""key"": ""chain"", ""type"": ""chain"", ""label"": ""Chain"", ""default"": null, ""required"": true, ""options"": [{""label"": ""Ethereum"", ""value"": ""ethereum""}, {""label"": ""Base"", ""value"": ""base""}, {""label"": ""Optimism"", ""value"": ""optimism""}, {""label"": ""Arbitrum"", ""value"": ""arbitrum""}, {""label"": ""Polygon"", ""value"": ""polygon""}, {""label"": ""BSC"", ""value"": ""bsc""}, {""label"": ""Avalanche"", ""value"": ""avalanche""}, {""label"": ""Celo"", ""value"": ""celo""}]}, {""key"": ""date_from"", ""type"": ""date"", ""label"": ""Start Date"", ""default"": null, ""required"": true}, {""key"": ""threshold_usd"", ""type"": ""number"", ""label"": ""Min USD Threshold"", ""default"": ""0.01"", ""required"": false}]"
price.dex_price_percentiles,price,dex,dex_price_percentiles,Trade Price Percentiles,Dune dex.trades,Derives median and lower price percentiles from swaps.,generic,"[""period:string"",""price_50:number"",""price_lower:number"",""blockchain:string""]","[{""key"": ""lookback_days"", ""type"": ""number"", ""label"": ""Lookback Days"", ""default"": ""30"", ""required"": false}]"
price.halving_drawdown,price,btc,halving_drawdown,Post-Halving DD,BTC cycle drawdowns,Measures drawdown from local peaks post-BTC halvings.,generic,"[""halving_date:date"", ""drawdown_pct:number"", ""days_since:number""]","[{""key"": ""lookback_days"", ""type"": ""number"", ""label"": ""Lookback Days"", ""default"": null, ""required"": false}]"
price.impermanent_loss_calculator,price,lp,impermanent_loss_calculator,LP impermanent loss,Layer1 ETH prices,Calculates impermanent loss percentage for equal-weight ETH LP over time.,generic,"[""day:date"", ""weth_price:number"", ""impermanent_loss_pct:number""]","[{""key"": ""lookback_days"", ""type"": ""number"", ""label"": ""Lookback Days"", ""default"": ""30"", ""required"": false}]"
price.impermanent_loss_estimator,price,lp,impermanent_loss_estimator,Impermanent Loss Estimator,prices.usd price ratio formula,Estimates impermanent loss for LP position using price changes.,generic,"[""dt:date"", ""price:number"", ""il_percentage:number""]","[{""key"": ""token_symbol"", ""type"": ""text"", ""label"": ""Token Symbol"", ""default"": null, ""required"": true}, {""key"": ""start_dt"", ""type"": ""date"", ""label"": ""Start Date"", ""default"": null, ""required"": true}]"
price.l2_price_index,price,index,l2_price_index,L2 Composite Index,Multi-L2 token index,Aggregates daily prices into L2 token performance index.,generic,"[""time:timestamp"", ""index_value:number""]","[{""key"": ""chains"", ""type"": ""chain[]"", ""label"": ""L2 Chains"", ""default"": [], ""required"": false, ""options"": [{""label"": ""Ethereum"", ""value"": ""ethereum""}, {""label"": ""Base"", ""value"": ""base""}, {""label"": ""Optimism"", ""value"": ""optimism""}, {""label"": ""Arbitrum"", ""value"": ""arbitrum""}, {""label"": ""Polygon"", ""value"": ""polygon""}, {""label"": ""BSC"", ""value"": ""bsc""}, {""label"": ""Avalanche"", ""value"": ""avalanche""}, {""label"": ""Celo"", ""value"": ""celo""}]}]"
price.lp_price_from_pool,price,oracle,lp_price_from_pool,Pool Price Calc,Reserves-based pricing,Derives token price from liquidity pool reserves.,generic,"[""day:date"", ""price:number""]","[{""key"": ""lookback_days"", ""type"": ""number"", ""label"": ""Lookback Days"", ""default"": ""30"", ""required"": false}]"
price.mayer_multiple,price,technicals,mayer_multiple,Mayer Multiple,prices.usd window functions,Calculates Mayer Multiple as price over long-term moving average.,generic,"[""day:date"", ""price:number"", ""ma_short:number"", ""ma_long:number"", ""multiple:number""]","[{""key"": ""token_symbol"", ""type"": ""text"", ""label"": ""Token Symbol"", ""default"": null, ""required"": true}, {""key"": ""ma_short"", ""type"": ""number"", ""label"": ""Short MA Periods"", ""default"": ""30"", ""required"": false}, {""key"": ""ma_long"", ""type"": ""number"", ""label"": ""Long MA Periods"", ""default"": ""200"", ""required"": false}]"
price.mayer_multiple_indicator,price,technicals,mayer_multiple_indicator,Mayer Multiple,prices.usd moving averages,Calculates Mayer Multiple as price over 200-day MA.,generic,"[""day:date"", ""mayer_multiple:number"", ""ma_200:number"", ""ma_30:number""]","[{""key"": ""token_symbol"", ""type"": ""text"", ""label"": ""Token Symbol"", ""default"": null, ""required"": true}, {""key"": ""lookback_days"", ""type"": ""number"", ""label"": ""Lookback Days"", ""default"": ""365"", ""required"": false}]"
price.multi_token_correlation,price,correlation,multi_token_correlation,Price Correlations,Day spine joins,Joins multiple token daily prices for correlation analysis.,generic,"[""date:date"", ""symbol:string"", ""price:number""]","[{""key"": ""symbols"", ""type"": ""text"", ""label"": ""Symbols"", ""default"": null, ""required"": true}, {""key"": ""lookback_days"", ""type"": ""number"", ""label"": ""Lookback Days"", ""default"": ""730"", ""required"": false}]"
price.multi_token_price_index,price,token,multi_token_price_index,Multi-Token Index,prices.usd,Builds weighted price index from multiple specified tokens.,generic,"[""day:date"", ""index_value:number""]","[{""key"": ""token_symbols"", ""type"": ""text"", ""label"": ""Token Symbols"", ""default"": null, ""required"": true}, {""key"": ""weights"", ""type"": ""text"", ""label"": ""Weights"", ""default"": null, ""required"": true}]"
price.oracle_compute_per_update,price,oracle,oracle_compute_per_update,Compute per Price Update,Compute Budget Parsing,Calculates average compute units per oracle price update.,generic,"[""oracle:string"",""avg_cu_per_update:number"",""update_count:number""]","[{""key"": ""oracle_address"", ""type"": ""address"", ""label"": ""Oracle Address"", ""default"": null, ""required"": true}, {""key"": ""lookback_hours"", ""type"": ""number"", ""label"": ""Lookback Hours"", ""default"": ""1"", ""required"": false}]"
price.peg_deviation,price,stablecoin,peg_deviation,Stable Peg Deviation,prices.usd depeg,Measures deviation from $1 peg for stables.,generic,"[""day:date"", ""depeg_pct:number"", ""volatility:number""]","[{""key"": ""token_symbol"", ""type"": ""text"", ""label"": ""Token Symbol"", ""default"": ""USDC"", ""required"": true}, {""key"": ""lookback_days"", ""type"": ""number"", ""label"": ""Lookback Days"", ""default"": ""30"", ""required"": false}]"
price.price_change_pct,price,token,price_change_pct,Price Change Percent,prices.usd,"Calculates 24h, 7d, or custom period price change percentage.",generic,"[""current_price:number"",""prior_price:number"",""pct_change:number""]","[{""key"": ""token_symbol"", ""type"": ""text"", ""label"": ""Token Symbol"", ""default"": null, ""required"": true}, {""key"": ""lookback_days"", ""type"": ""number"", ""label"": ""Lookback Days"", ""default"": ""1"", ""required"": true}]"
price.price_correlation_calculator,price,correlation,price_correlation_calculator,Price Correlation Matrix,Multi-token daily prices,Calculates daily returns and correlations across tokens.,generic,"[""day:date"", ""sol_price:number"", ""btc_price:number"", ""eth_price:number"", ""sol_return:number"", ""corr_sol_btc:number""]","[{""key"": ""token_symbols"", ""type"": ""text"", ""label"": ""Tokens"", ""default"": null, ""required"": true}, {""key"": ""lookback_days"", ""type"": ""number"", ""label"": ""Lookback Days"", ""default"": ""30"", ""required"": true}]"
price.price_correlation_rolling,price,correlation,price_correlation_rolling,Rolling Correlation,Dune prices.usd,Computes rolling correlation between two token prices.,generic,"[""date:date"",""corr:number""]","[{""key"": ""token1"", ""type"": ""text"", ""label"": ""Token 1"", ""default"": null, ""required"": true}, {""key"": ""token2"", ""type"": ""text"", ""label"": ""Token 2"", ""default"": null, ""required"": true}, {""key"": ""window"", ""type"": ""number"", ""label"": ""Window Size"", ""default"": ""30"", ""required"": true}]"
price.price_ma_indicators,price,technicals,price_ma_indicators,MA Momentum Signals,Windowed price lags,Computes lagged price and multiple moving averages for trend analysis.,generic,"[""day:date"", ""price:number"", ""prev_price:number"", ""ma7:number"", ""ma20:number"", ""ma50:number""]","[{""key"": ""token_symbol"", ""type"": ""text"", ""label"": ""Token Symbol"", ""default"": null, ""required"": true}, {""key"": ""lookback_days"", ""type"": ""number"", ""label"": ""Lookback Days"", ""default"": ""50"", ""required"": false}]"
price.price_moving_averages,price,technical,price_moving_averages,Moving Averages,prices.usd windows,Computes daily prices with rolling moving averages.,generic,"[""day:date"", ""price:number"", ""ma_30:number"", ""ma_90:number"", ""ma_365:number""]","[{""key"": ""token_symbol"", ""type"": ""text"", ""label"": ""Token Symbol"", ""default"": null, ""required"": true}]"
price.return_skewness_kurtosis,price,stats,return_skewness_kurtosis,Return Distribution Metrics,Dune prices.usd,"Computes daily return statistics including average, standard deviation, skewness, and kurtosis.",generic,"[""day:date"", ""avg_return:number"", ""std_dev:number"", ""skewness:number"", ""kurtosis:number""]","[{""key"": ""token_symbol"", ""type"": ""text"", ""label"": ""Token Symbol"", ""default"": null, ""required"": true}, {""key"": ""lookback_days"", ""type"": ""number"", ""label"": ""Lookback Days"", ""default"": ""365"", ""required"": false}]"
price.rolling_asset_beta,price,beta,rolling_asset_beta,Rolling Beta,Dune prices.usd,Computes rolling covariance-based beta between portfolio and market assets.,generic,"[""day:date"",""beta:number"",""port_ret:number"",""mkt_ret:number""]","[{""key"": ""portfolio_symbol"", ""type"": ""text"", ""label"": ""Portfolio Symbol"", ""default"": null, ""required"": true}, {""key"": ""token_symbol"", ""type"": ""text"", ""label"": ""Token Symbol"", ""default"": null, ""required"": true}, {""key"": ""date_range"", ""type"": ""date_range"", ""label"": ""Date Range"", ""default"": {""to"": """", ""from"": """"}, ""required"": true}]"
price.rolling_price_correlation,price,correlation,rolling_price_correlation,Price Correlations,Multi-token rolling corr,Computes 30-day rolling correlations between token prices.,generic,"[""date:date"", ""symbol:string"", ""corr:number""]","[{""key"": ""lookback_days"", ""type"": ""number"", ""label"": ""Lookback Days"", ""default"": ""30"", ""required"": false}, {""key"": ""symbols"", ""type"": ""text"", ""label"": ""\""Token list\"""", ""default"": null, ""required"": true}]"
price.rolling_volatility,price,volatility,rolling_volatility,Volatility Trends,Prices USD data,Computes rolling standard deviation of daily returns.,generic,"[""time:timestamp"", ""volatility:number"", ""return:number""]","[{""key"": ""chain"", ""type"": ""chain"", ""label"": ""Chain"", ""default"": null, ""required"": true, ""options"": [{""label"": ""Ethereum"", ""value"": ""ethereum""}, {""label"": ""Base"", ""value"": ""base""}, {""label"": ""Optimism"", ""value"": ""optimism""}, {""label"": ""Arbitrum"", ""value"": ""arbitrum""}, {""label"": ""Polygon"", ""value"": ""polygon""}, {""label"": ""BSC"", ""value"": ""bsc""}, {""label"": ""Avalanche"", ""value"": ""avalanche""}, {""label"": ""Celo"", ""value"": ""celo""}]}, {""key"": ""token_symbol"", ""type"": ""text"", ""label"": ""Token Symbol"", ""default"": null, ""required"": true}, {""key"": ""lookback_days"", ""type"": ""number"", ""label"": ""Lookback Days"", ""default"": ""90"", ""required"": false}, {""key"": ""window_days"", ""type"": ""number"", ""label"": ""Window Days"", ""default"": ""10"", ""required"": false}]"
price.sharpe_sortino_ratios,price,risk,sharpe_sortino_ratios,Risk-Adjusted Returns,Dune prices.usd,Calculates Sharpe and Sortino ratios from monthly returns.,generic,"[""year:number"",""month:number"",""sharpe:number"",""sortino:number""]","[{""key"": ""token_symbol"", ""type"": ""text"", ""label"": ""Token Symbol"", ""default"": null, ""required"": true}, {""key"": ""chain"", ""type"": ""chain"", ""label"": ""Chain"", ""default"": ""ethereum"", ""required"": true, ""options"": [{""label"": ""Ethereum"", ""value"": ""ethereum""}, {""label"": ""Base"", ""value"": ""base""}, {""label"": ""Optimism"", ""value"": ""optimism""}, {""label"": ""Arbitrum"", ""value"": ""arbitrum""}, {""label"": ""Polygon"", ""value"": ""polygon""}, {""label"": ""BSC"", ""value"": ""bsc""}, {""label"": ""Avalanche"", ""value"": ""avalanche""}, {""label"": ""Celo"", ""value"": ""celo""}]}, {""key"": ""timerange"", ""type"": ""text"", ""label"": ""Time Range"", ""default"": null, ""required"": false}]"
price.stablecoin_depeg_metrics,price,stablecoin,stablecoin_depeg_metrics,Stablecoin Depeg Metrics,prices.usd multi-stable analysis,Measures stablecoin deviation from peg and volatility.,generic,"[""hs:string"",""symbol:string"",""mean_price:number"",""deviation:number"",""std:number""]","[{""key"": ""stablecoins"", ""type"": ""text"", ""label"": ""Stablecoin Symbols"", ""default"": ""USDC,USDT,DAI"", ""required"": true}, {""key"": ""date_from"", ""type"": ""date"", ""label"": ""Start Date"", ""default"": null, ""required"": true}]"
price.stablecoin_depeg_runs,price,stablecoin,stablecoin_depeg_runs,Depeg Duration Runs,prices.usd LAG analysis,Detects consecutive depeg minutes exceeding threshold by chain.,generic,"[""day:date"", ""minute:timestamp"", ""blockchain:string"", ""run_duration:number""]","[{""key"": ""token_symbol"", ""type"": ""text"", ""label"": ""Token Symbol"", ""default"": ""USDT"", ""required"": true}, {""key"": ""threshold_pct"", ""type"": ""number"", ""label"": ""Depeg Threshold %"", ""default"": ""5"", ""required"": false}, {""key"": ""chain"", ""type"": ""chain"", ""label"": ""Chain"", ""default"": null, ""required"": false, ""options"": [{""label"": ""Ethereum"", ""value"": ""ethereum""}, {""label"": ""Base"", ""value"": ""base""}, {""label"": ""Optimism"", ""value"": ""optimism""}, {""label"": ""Arbitrum"", ""value"": ""arbitrum""}, {""label"": ""Polygon"", ""value"": ""polygon""}, {""label"": ""BSC"", ""value"": ""bsc""}, {""label"": ""Avalanche"", ""value"": ""avalanche""}, {""label"": ""Celo"", ""value"": ""celo""}]}, {""key"": ""date_from"", ""type"": ""date"", ""label"": ""Start Date"", ""default"": null, ""required"": false}]"
price.stablecoin_peg_deviations,price,stablecoin,stablecoin_peg_deviations,Peg Breaks,Multi-stable analysis,Identifies stablecoin peg deviations exceeding threshold.,generic,"[""trade_dt:date"", ""symbol:string"", ""max_diff_cents:number"", ""min_over_thresh:number""]","[{""key"": ""cents_threshold"", ""type"": ""number"", ""label"": ""\""Deviation threshold (cents)\"""", ""default"": null, ""required"": true}]"
price.stablecoin_peg_monitor,price,stablecoin,stablecoin_peg_monitor,Peg Deviation Tracker,Dune Prices USD,Tracks peg deviation and volatility for stablecoins over time.,generic,"[""hour:timestamp"", ""symbol:string"", ""peg_diff:number"", ""volatility:number""]","[{""key"": ""symbols"", ""type"": ""text"", ""label"": ""\""Stablecoins\"""", ""default"": ""\""USDC,USDT,DAI,FRAX\"""", ""required"": true}, {""key"": ""interval"", ""type"": ""select"", ""label"": ""Interval"", ""default"": ""hour"", ""options"": [{""label"": ""Minute"", ""value"": ""minute""}, {""label"": ""Hour"", ""value"": ""hour""}, {""label"": ""Day"", ""value"": ""day""}, {""label"": ""Week"", ""value"": ""week""}, {""label"": ""Month"", ""value"": ""month""}], ""required"": false}, {""key"": ""date_from"", ""type"": ""date"", ""label"": ""Start Date"", ""default"": null, ""required"": true}]"
price.stable_risk_score,price,stablecoin,stable_risk_score,Stable Risk Score,prices.usd scoring model,Computes composite risk score for stablecoins using depeg and volatility.,generic,"[""token:string"", ""day:date"", ""med_dev_bps:number"", ""vol_d:number"", ""risk_score:number""]","[{""key"": ""date_range"", ""type"": ""date_range"", ""label"": ""Date Range"", ""default"": {""to"": """", ""from"": """"}, ""required"": true}]"
price.token_ath_status,price,ath,token_ath_status,ATH detection,prices.usd max window,Identifies all-time highs and new ATH events per token.,generic,"[""symbol:string"", ""date:date"", ""price:number"", ""ath:number"", ""status:string""]","[{""key"": ""lookback_days"", ""type"": ""number"", ""label"": ""Lookback Days"", ""default"": ""30"", ""required"": false}]"
price.token_daily_returns,price,returns,token_daily_returns,daily price returns,prices.usd dune table,Calculates daily percentage returns using lagged prices.,generic,"[""time:timestamp"",""price:number"",""daily_return:number""]","[{""key"": ""lookback_days"", ""type"": ""number"", ""label"": ""Lookback Days"", ""default"": ""30"", ""required"": false}]"
price.token_moving_averages,price,technical,token_moving_averages,Price & SMAs,prices.usd daily,Computes daily price with SMA 30/90/200.,generic,"[""day:date"", ""price:number"", ""ma_30:number"", ""ma_90:number"", ""ma_200:number""]","[{""key"": ""lookback_days"", ""type"": ""number"", ""label"": ""Lookback Days"", ""default"": ""30"", ""required"": false}]"
price.token_pair_correlation,price,correlation,token_pair_correlation,Return correlation,prices.usd returns + cov,Computes correlation of daily returns and volatilities for token pair.,generic,"[""correlation:number"",""vol1:number"",""vol2:number""]","[{""key"": ""lookback_days"", ""type"": ""number"", ""label"": ""Lookback Days"", ""default"": ""30"", ""required"": false}]"
price.token_pair_ohlc,price,dex,token_pair_ohlc,OHLC from Trades,dex.trades window agg,Generates OHLCV candles from DEX trades.,generic,"[""open_time:timestamp"", ""open:number"", ""high:number"", ""low:number"", ""close:number"", ""volume:number""]","[{""key"": ""token_a_symbol"", ""type"": ""text"", ""label"": ""Base Token"", ""default"": null, ""required"": true}, {""key"": ""token_b_symbol"", ""type"": ""text"", ""label"": ""Quote Token"", ""default"": null, ""required"": true}, {""key"": ""interval"", ""type"": ""select"", ""label"": ""Interval"", ""default"": ""day"", ""options"": [{""label"": ""Minute"", ""value"": ""minute""}, {""label"": ""Hour"", ""value"": ""hour""}, {""label"": ""Day"", ""value"": ""day""}, {""label"": ""Week"", ""value"": ""week""}, {""label"": ""Month"", ""value"": ""month""}], ""required"": true}, {""key"": ""date_from"", ""type"": ""date"", ""label"": ""Start Date"", ""default"": null, ""required"": true}]"
price.token_pair_ratio,price,ratio,token_pair_ratio,price ratio,prices.usd dune table,Computes ratio between two token prices over time.,generic,"[""minute:timestamp"",""price1:number"",""price2:number"",""ratio:number""]","[{""key"": ""lookback_days"", ""type"": ""number"", ""label"": ""Lookback Days"", ""default"": ""30"", ""required"": false}]"
price.token_pair_ratio_ma,price,ratio,token_pair_ratio_ma,Ratio Moving Avg,Dual token prices,Calculates token pair price ratio with moving average.,generic,"[""date:date"", ""ratio:number"", ""ma30:number""]","[{""key"": ""token1_addr"", ""type"": ""address"", ""label"": ""Token1 Addr"", ""default"": null, ""required"": true}, {""key"": ""token2_sym"", ""type"": ""text"", ""label"": ""Token2 Sym"", ""default"": null, ""required"": true}, {""key"": ""lookback_days"", ""type"": ""number"", ""label"": ""Lookback Days"", ""default"": ""333"", ""required"": false}]"
price.token_price_timeseries,price,token,token_price_timeseries,Token Price History,prices.usd,Fetches historical prices aggregated by interval for any token.,generic,"[""time:timestamp"", ""avg_price:number"", ""min_price:number"", ""max_price:number""]","[{""key"": ""token_symbol"", ""type"": ""text"", ""label"": ""Token Symbol"", ""default"": null, ""required"": true}, {""key"": ""interval"", ""type"": ""select"", ""label"": ""Interval"", ""default"": ""day"", ""options"": [{""label"": ""Minute"", ""value"": ""minute""}, {""label"": ""Hour"", ""value"": ""hour""}, {""label"": ""Day"", ""value"": ""day""}, {""label"": ""Week"", ""value"": ""week""}, {""label"": ""Month"", ""value"": ""month""}], ""required"": false}, {""key"": ""date_range"", ""type"": ""date_range"", ""label"": ""Date Range"", ""default"": {""to"": """", ""from"": """"}, ""required"": false}]"
price.token_volatility_calculator,price,volatility,token_volatility_calculator,Annualized Volatility,prices.usd rolling stddev,Computes rolling annualized volatility from log returns.,generic,"[""day:date"", ""volatility_30d:number"", ""volatility_90d:number"", ""volatility_200d:number""]","[{""key"": ""token_symbol"", ""type"": ""text"", ""label"": ""Token Symbol"", ""default"": null, ""required"": true}, {""key"": ""lookback_days"", ""type"": ""number"", ""label"": ""Lookback Days"", ""default"": ""365"", ""required"": false}]"
price.token_volatility_score,price,volatility,token_volatility_score,Volatility Metrics,prices.usd window functions,"Calculates daily returns, rolling volatility, and stddev.",generic,"[""day:date"", ""daily_return:number"", ""vol_14d:number"", ""vol_30d:number""]","[{""key"": ""token_symbol"", ""type"": ""text"", ""label"": ""Token Symbol"", ""default"": null, ""required"": true}, {""key"": ""chain"", ""type"": ""chain"", ""label"": ""Chain"", ""default"": null, ""required"": false, ""options"": [{""label"": ""Ethereum"", ""value"": ""ethereum""}, {""label"": ""Base"", ""value"": ""base""}, {""label"": ""Optimism"", ""value"": ""optimism""}, {""label"": ""Arbitrum"", ""value"": ""arbitrum""}, {""label"": ""Polygon"", ""value"": ""polygon""}, {""label"": ""BSC"", ""value"": ""bsc""}, {""label"": ""Avalanche"", ""value"": ""avalanche""}, {""label"": ""Celo"", ""value"": ""celo""}]}, {""key"": ""lookback_days"", ""type"": ""number"", ""label"": ""Lookback Days"", ""default"": ""180"", ""required"": false}]"
price.token_volatility_series,price,volatility,token_volatility_series,Volatility Series,daily returns stddev,Calculates annualized volatility from daily log returns.,generic,"[""day:date"", ""volatility:number""]","[{""key"": ""token_symbol"", ""type"": ""text"", ""label"": ""Token Symbol"", ""default"": null, ""required"": true}, {""key"": ""lookback_days"", ""type"": ""number"", ""label"": ""Lookback Days"", ""default"": ""180"", ""required"": false}]"
price.top_token_gainers,price,performance,top_token_gainers,price performance rank,prices.usd dune table,Ranks tokens by percentage gain over lookback period.,generic,"[""blockchain:string"",""symbol:string"",""contract_address:string"",""pct_change:number"",""rank:number""]","[{""key"": ""lookback_days"", ""type"": ""number"", ""label"": ""Lookback Days"", ""default"": ""30"", ""required"": false}]"
price.top_token_returns,price,performance,top_token_returns,Hourly Return Leaderboard,LAG percentage change,Ranks tokens by hourly returns over lookback period.,generic,"[""ts:timestamp"", ""symbol:string"", ""r:number""]","[{""key"": ""symbols"", ""type"": ""text"", ""label"": ""Token Symbols"", ""default"": ""BTC,ETH,SOL"", ""required"": true}, {""key"": ""lookback_hours"", ""type"": ""number"", ""label"": ""Lookback Hours"", ""default"": ""24"", ""required"": false}, {""key"": ""top_n"", ""type"": ""number"", ""label"": ""Top N"", ""default"": ""3"", ""required"": false}]"
price.volatility_calc,price,token,volatility_calc,Token Volatility,prices.usd stddev,Calculates rolling volatility from daily returns.,generic,"[""day:date"", ""volatility_30d:number"", ""volatility_90d:number""]","[{""key"": ""token_symbol"", ""type"": ""text"", ""label"": ""Token Symbol"", ""default"": null, ""required"": true}, {""key"": ""lookback_days"", ""type"": ""number"", ""label"": ""Lookback Days"", ""default"": ""90"", ""required"": false}]"
price.weekday_price_dispersion,price,volatility,weekday_price_dispersion,Daily price range by weekday,Layer1 USD prices,Computes intraday price dispersion relative to start-of-day price by weekday.,generic,"[""weekday:number"",""min_px:number"",""max_px:number"",""dispersion_pct:number""]","[{""key"": ""token_symbol"", ""type"": ""text"", ""label"": ""Token Symbol"", ""default"": null, ""required"": true}, {""key"": ""number_of_days"", ""type"": ""number"", ""label"": ""Days Back"", ""default"": ""30"", ""required"": true}]"
primitives.block_activity,primitives,gas,block_activity,Block activity metrics,Per-block gas utilisation,"Hourly chain stats — txs per block, gas utilisation, base fee.",generic,[],"[{""key"": ""chain"", ""type"": ""chain"", ""label"": ""Chain"", ""default"": ""ethereum"", ""options"": [{""label"": ""Ethereum"", ""value"": ""ethereum""}, {""label"": ""Base"", ""value"": ""base""}, {""label"": ""Optimism"", ""value"": ""optimism""}, {""label"": ""Arbitrum"", ""value"": ""arbitrum""}, {""label"": ""Polygon"", ""value"": ""polygon""}, {""label"": ""BSC"", ""value"": ""bsc""}, {""label"": ""Avalanche"", ""value"": ""avalanche""}, {""label"": ""Celo"", ""value"": ""celo""}], ""required"": true}, {""key"": ""days"", ""type"": ""select"", ""label"": ""Time range"", ""default"": ""7"", ""options"": [{""label"": ""Last 7 days"", ""value"": ""7""}, {""label"": ""Last 30 days"", ""value"": ""30""}, {""label"": ""Last 90 days"", ""value"": ""90""}, {""label"": ""Last 180 days"", ""value"": ""180""}, {""label"": ""Last year"", ""value"": ""365""}, {""label"": ""All time"", ""value"": ""all""}], ""required"": true}]"
primitives.calldata_decoder,primitives,calldata,calldata_decoder,Calldata decoder,Decoded function calldata,Decoded function calls to a contract filtered by function name.,generic,[],"[{""key"": ""chain"", ""type"": ""chain"", ""label"": ""Chain"", ""default"": ""ethereum"", ""options"": [{""label"": ""Ethereum"", ""value"": ""ethereum""}, {""label"": ""Base"", ""value"": ""base""}, {""label"": ""Optimism"", ""value"": ""optimism""}, {""label"": ""Arbitrum"", ""value"": ""arbitrum""}, {""label"": ""Polygon"", ""value"": ""polygon""}, {""label"": ""BSC"", ""value"": ""bsc""}, {""label"": ""Avalanche"", ""value"": ""avalanche""}, {""label"": ""Celo"", ""value"": ""celo""}], ""required"": true}, {""key"": ""contract_address"", ""type"": ""address"", ""label"": ""Contract address"", ""required"": true, ""placeholder"": ""0x...""}, {""key"": ""function_name"", ""type"": ""text"", ""label"": ""Function name"", ""required"": true, ""placeholder"": ""e.g. transfer, swap, execute""}, {""key"": ""days"", ""type"": ""select"", ""label"": ""Time range"", ""default"": ""30"", ""options"": [{""label"": ""Last 7 days"", ""value"": ""7""}, {""label"": ""Last 30 days"", ""value"": ""30""}, {""label"": ""Last 90 days"", ""value"": ""90""}, {""label"": ""Last 180 days"", ""value"": ""180""}, {""label"": ""Last year"", ""value"": ""365""}, {""label"": ""All time"", ""value"": ""all""}], ""required"": true}, {""key"": ""limit"", ""type"": ""select"", ""label"": ""Row limit"", ""default"": ""100"", ""options"": [{""label"": ""Top 10"", ""value"": ""10""}, {""label"": ""Top 25"", ""value"": ""25""}, {""label"": ""Top 50"", ""value"": ""50""}, {""label"": ""Top 100"", ""value"": ""100""}], ""required"": true}]"
primitives.contract_deployments,primitives,deployments,contract_deployments,Contract deployments,Contract deployment log,"Contracts deployed by a wallet, or all deployments on a chain in a time window.",generic,[],"[{""key"": ""chain"", ""type"": ""chain"", ""label"": ""Chain"", ""default"": ""ethereum"", ""options"": [{""label"": ""Ethereum"", ""value"": ""ethereum""}, {""label"": ""Base"", ""value"": ""base""}, {""label"": ""Optimism"", ""value"": ""optimism""}, {""label"": ""Arbitrum"", ""value"": ""arbitrum""}, {""label"": ""Polygon"", ""value"": ""polygon""}, {""label"": ""BSC"", ""value"": ""bsc""}, {""label"": ""Avalanche"", ""value"": ""avalanche""}, {""label"": ""Celo"", ""value"": ""celo""}], ""required"": true}, {""key"": ""deployer"", ""type"": ""address"", ""label"": ""Deployer address (optional)"", ""required"": false, ""placeholder"": ""0x...""}, {""key"": ""days"", ""type"": ""select"", ""label"": ""Time range"", ""default"": ""30"", ""options"": [{""label"": ""Last 7 days"", ""value"": ""7""}, {""label"": ""Last 30 days"", ""value"": ""30""}, {""label"": ""Last 90 days"", ""value"": ""90""}, {""label"": ""Last 180 days"", ""value"": ""180""}, {""label"": ""Last year"", ""value"": ""365""}, {""label"": ""All time"", ""value"": ""all""}], ""required"": true}, {""key"": ""limit"", ""type"": ""select"", ""label"": ""Row limit"", ""default"": ""100"", ""options"": [{""label"": ""Top 10"", ""value"": ""10""}, {""label"": ""Top 25"", ""value"": ""25""}, {""label"": ""Top 50"", ""value"": ""50""}, {""label"": ""Top 100"", ""value"": ""100""}], ""required"": true}]"
primitives.erc1155_transfers,primitives,transfers,erc1155_transfers,ERC1155 transfer history,ERC1155 Transfer events,Multi-token (ERC1155) transfer log including token ID and amount.,generic,[],"[{""key"": ""chain"", ""type"": ""chain"", ""label"": ""Chain"", ""default"": ""ethereum"", ""options"": [{""label"": ""Ethereum"", ""value"": ""ethereum""}, {""label"": ""Base"", ""value"": ""base""}, {""label"": ""Optimism"", ""value"": ""optimism""}, {""label"": ""Arbitrum"", ""value"": ""arbitrum""}, {""label"": ""Polygon"", ""value"": ""polygon""}, {""label"": ""BSC"", ""value"": ""bsc""}, {""label"": ""Avalanche"", ""value"": ""avalanche""}, {""label"": ""Celo"", ""value"": ""celo""}], ""required"": true}, {""key"": ""contract_address"", ""type"": ""address"", ""label"": ""Contract address"", ""required"": true, ""placeholder"": ""0x...""}, {""key"": ""days"", ""type"": ""select"", ""label"": ""Time range"", ""default"": ""30"", ""options"": [{""label"": ""Last 7 days"", ""value"": ""7""}, {""label"": ""Last 30 days"", ""value"": ""30""}, {""label"": ""Last 90 days"", ""value"": ""90""}, {""label"": ""Last 180 days"", ""value"": ""180""}, {""label"": ""Last year"", ""value"": ""365""}, {""label"": ""All time"", ""value"": ""all""}], ""required"": true}, {""key"": ""limit"", ""type"": ""select"", ""label"": ""Row limit"", ""default"": ""100"", ""options"": [{""label"": ""Top 10"", ""value"": ""10""}, {""label"": ""Top 25"", ""value"": ""25""}, {""label"": ""Top 50"", ""value"": ""50""}, {""label"": ""Top 100"", ""value"": ""100""}], ""required"": true}]"
primitives.erc20_transfers,primitives,transfers,erc20_transfers,ERC20 transfer history,ERC20 Transfer events,Full transfer log for any ERC20 token with optional wallet filter.,generic,[],"[{""key"": ""chain"", ""type"": ""chain"", ""label"": ""Chain"", ""default"": ""ethereum"", ""options"": [{""label"": ""Ethereum"", ""value"": ""ethereum""}, {""label"": ""Base"", ""value"": ""base""}, {""label"": ""Optimism"", ""value"": ""optimism""}, {""label"": ""Arbitrum"", ""value"": ""arbitrum""}, {""label"": ""Polygon"", ""value"": ""polygon""}, {""label"": ""BSC"", ""value"": ""bsc""}, {""label"": ""Avalanche"", ""value"": ""avalanche""}, {""label"": ""Celo"", ""value"": ""celo""}], ""required"": true}, {""key"": ""token_address"", ""type"": ""token_address"", ""label"": ""Token address"", ""required"": true, ""placeholder"": ""0x...""}, {""key"": ""days"", ""type"": ""select"", ""label"": ""Time range"", ""default"": ""30"", ""options"": [{""label"": ""Last 7 days"", ""value"": ""7""}, {""label"": ""Last 30 days"", ""value"": ""30""}, {""label"": ""Last 90 days"", ""value"": ""90""}, {""label"": ""Last 180 days"", ""value"": ""180""}, {""label"": ""Last year"", ""value"": ""365""}, {""label"": ""All time"", ""value"": ""all""}], ""required"": true}, {""key"": ""wallet"", ""type"": ""address"", ""label"": ""Filter by wallet (optional)"", ""required"": false, ""placeholder"": ""0x...""}, {""key"": ""limit"", ""type"": ""select"", ""label"": ""Row limit"", ""default"": ""100"", ""options"": [{""label"": ""Top 10"", ""value"": ""10""}, {""label"": ""Top 25"", ""value"": ""25""}, {""label"": ""Top 50"", ""value"": ""50""}, {""label"": ""Top 100"", ""value"": ""100""}], ""required"": true}]"
primitives.erc721_transfers,primitives,transfers,erc721_transfers,ERC721 transfer history,ERC721 Transfer events,All transfers for an NFT collection with optional wallet filter.,generic,[],"[{""key"": ""chain"", ""type"": ""chain"", ""label"": ""Chain"", ""default"": ""ethereum"", ""options"": [{""label"": ""Ethereum"", ""value"": ""ethereum""}, {""label"": ""Base"", ""value"": ""base""}, {""label"": ""Optimism"", ""value"": ""optimism""}, {""label"": ""Arbitrum"", ""value"": ""arbitrum""}, {""label"": ""Polygon"", ""value"": ""polygon""}, {""label"": ""BSC"", ""value"": ""bsc""}, {""label"": ""Avalanche"", ""value"": ""avalanche""}, {""label"": ""Celo"", ""value"": ""celo""}], ""required"": true}, {""key"": ""contract_address"", ""type"": ""address"", ""label"": ""Collection address"", ""required"": true, ""placeholder"": ""0x...""}, {""key"": ""days"", ""type"": ""select"", ""label"": ""Time range"", ""default"": ""30"", ""options"": [{""label"": ""Last 7 days"", ""value"": ""7""}, {""label"": ""Last 30 days"", ""value"": ""30""}, {""label"": ""Last 90 days"", ""value"": ""90""}, {""label"": ""Last 180 days"", ""value"": ""180""}, {""label"": ""Last year"", ""value"": ""365""}, {""label"": ""All time"", ""value"": ""all""}], ""required"": true}, {""key"": ""wallet"", ""type"": ""address"", ""label"": ""Filter by wallet (optional)"", ""required"": false, ""placeholder"": ""0x...""}, {""key"": ""limit"", ""type"": ""select"", ""label"": ""Row limit"", ""default"": ""100"", ""options"": [{""label"": ""Top 10"", ""value"": ""10""}, {""label"": ""Top 25"", ""value"": ""25""}, {""label"": ""Top 50"", ""value"": ""50""}, {""label"": ""Top 100"", ""value"": ""100""}], ""required"": true}]"
primitives.event_decoder,primitives,logs,event_decoder,Event log decoder,Decoded contract event logs,Raw decoded event logs for any contract filtered by event name.,generic,[],"[{""key"": ""chain"", ""type"": ""chain"", ""label"": ""Chain"", ""default"": ""ethereum"", ""options"": [{""label"": ""Ethereum"", ""value"": ""ethereum""}, {""label"": ""Base"", ""value"": ""base""}, {""label"": ""Optimism"", ""value"": ""optimism""}, {""label"": ""Arbitrum"", ""value"": ""arbitrum""}, {""label"": ""Polygon"", ""value"": ""polygon""}, {""label"": ""BSC"", ""value"": ""bsc""}, {""label"": ""Avalanche"", ""value"": ""avalanche""}, {""label"": ""Celo"", ""value"": ""celo""}], ""required"": true}, {""key"": ""contract_address"", ""type"": ""address"", ""label"": ""Contract address"", ""required"": true, ""placeholder"": ""0x...""}, {""key"": ""event_name"", ""type"": ""text"", ""label"": ""Event name"", ""required"": true, ""placeholder"": ""e.g. Transfer, Swap, Attested""}, {""key"": ""days"", ""type"": ""select"", ""label"": ""Time range"", ""default"": ""30"", ""options"": [{""label"": ""Last 7 days"", ""value"": ""7""}, {""label"": ""Last 30 days"", ""value"": ""30""}, {""label"": ""Last 90 days"", ""value"": ""90""}, {""label"": ""Last 180 days"", ""value"": ""180""}, {""label"": ""Last year"", ""value"": ""365""}, {""label"": ""All time"", ""value"": ""all""}], ""required"": true}, {""key"": ""limit"", ""type"": ""select"", ""label"": ""Row limit"", ""default"": ""100"", ""options"": [{""label"": ""Top 10"", ""value"": ""10""}, {""label"": ""Top 25"", ""value"": ""25""}, {""label"": ""Top 50"", ""value"": ""50""}, {""label"": ""Top 100"", ""value"": ""100""}], ""required"": true}]"
primitives.gas_analysis,primitives,gas,gas_analysis,Gas usage analysis,Wallet gas spend breakdown,"Gas spent breakdown for a wallet — daily totals, average gas price, fees in ETH.",generic,[],"[{""key"": ""chain"", ""type"": ""chain"", ""label"": ""Chain"", ""default"": ""ethereum"", ""options"": [{""label"": ""Ethereum"", ""value"": ""ethereum""}, {""label"": ""Base"", ""value"": ""base""}, {""label"": ""Optimism"", ""value"": ""optimism""}, {""label"": ""Arbitrum"", ""value"": ""arbitrum""}, {""label"": ""Polygon"", ""value"": ""polygon""}, {""label"": ""BSC"", ""value"": ""bsc""}, {""label"": ""Avalanche"", ""value"": ""avalanche""}, {""label"": ""Celo"", ""value"": ""celo""}], ""required"": true}, {""key"": ""wallet"", ""type"": ""address"", ""label"": ""Wallet address"", ""required"": true, ""placeholder"": ""0x...""}, {""key"": ""days"", ""type"": ""select"", ""label"": ""Time range"", ""default"": ""30"", ""options"": [{""label"": ""Last 7 days"", ""value"": ""7""}, {""label"": ""Last 30 days"", ""value"": ""30""}, {""label"": ""Last 90 days"", ""value"": ""90""}, {""label"": ""Last 180 days"", ""value"": ""180""}, {""label"": ""Last year"", ""value"": ""365""}, {""label"": ""All time"", ""value"": ""all""}], ""required"": true}]"
primitives.internal_txs,primitives,traces,internal_txs,Internal transactions,Internal call traces,Internal ETH transfers (call traces) — reveals contract-to-contract value flows.,generic,[],"[{""key"": ""chain"", ""type"": ""chain"", ""label"": ""Chain"", ""default"": ""ethereum"", ""options"": [{""label"": ""Ethereum"", ""value"": ""ethereum""}, {""label"": ""Base"", ""value"": ""base""}, {""label"": ""Optimism"", ""value"": ""optimism""}, {""label"": ""Arbitrum"", ""value"": ""arbitrum""}, {""label"": ""Polygon"", ""value"": ""polygon""}, {""label"": ""BSC"", ""value"": ""bsc""}, {""label"": ""Avalanche"", ""value"": ""avalanche""}, {""label"": ""Celo"", ""value"": ""celo""}], ""required"": true}, {""key"": ""wallet"", ""type"": ""address"", ""label"": ""Wallet address"", ""required"": true, ""placeholder"": ""0x...""}, {""key"": ""days"", ""type"": ""select"", ""label"": ""Time range"", ""default"": ""30"", ""options"": [{""label"": ""Last 7 days"", ""value"": ""7""}, {""label"": ""Last 30 days"", ""value"": ""30""}, {""label"": ""Last 90 days"", ""value"": ""90""}, {""label"": ""Last 180 days"", ""value"": ""180""}, {""label"": ""Last year"", ""value"": ""365""}, {""label"": ""All time"", ""value"": ""all""}], ""required"": true}, {""key"": ""limit"", ""type"": ""select"", ""label"": ""Row limit"", ""default"": ""100"", ""options"": [{""label"": ""Top 10"", ""value"": ""10""}, {""label"": ""Top 25"", ""value"": ""25""}, {""label"": ""Top 50"", ""value"": ""50""}, {""label"": ""Top 100"", ""value"": ""100""}], ""required"": true}]"
primitives.native_flows,primitives,transfers,native_flows,Native token flows,Native token in/out flows,"ETH / native token inflows and outflows for a wallet, bucketed by day.",generic,[],"[{""key"": ""chain"", ""type"": ""chain"", ""label"": ""Chain"", ""default"": ""ethereum"", ""options"": [{""label"": ""Ethereum"", ""value"": ""ethereum""}, {""label"": ""Base"", ""value"": ""base""}, {""label"": ""Optimism"", ""value"": ""optimism""}, {""label"": ""Arbitrum"", ""value"": ""arbitrum""}, {""label"": ""Polygon"", ""value"": ""polygon""}, {""label"": ""BSC"", ""value"": ""bsc""}, {""label"": ""Avalanche"", ""value"": ""avalanche""}, {""label"": ""Celo"", ""value"": ""celo""}], ""required"": true}, {""key"": ""wallet"", ""type"": ""address"", ""label"": ""Wallet address"", ""required"": true, ""placeholder"": ""0x...""}, {""key"": ""days"", ""type"": ""select"", ""label"": ""Time range"", ""default"": ""30"", ""options"": [{""label"": ""Last 7 days"", ""value"": ""7""}, {""label"": ""Last 30 days"", ""value"": ""30""}, {""label"": ""Last 90 days"", ""value"": ""90""}, {""label"": ""Last 180 days"", ""value"": ""180""}, {""label"": ""Last year"", ""value"": ""365""}, {""label"": ""All time"", ""value"": ""all""}], ""required"": true}]"
primitives.nonce_tracker,primitives,nonce,nonce_tracker,Account nonce tracker,Wallet transaction count,Cumulative transaction count over time for a wallet.,generic,[],"[{""key"": ""chain"", ""type"": ""chain"", ""label"": ""Chain"", ""default"": ""ethereum"", ""options"": [{""label"": ""Ethereum"", ""value"": ""ethereum""}, {""label"": ""Base"", ""value"": ""base""}, {""label"": ""Optimism"", ""value"": ""optimism""}, {""label"": ""Arbitrum"", ""value"": ""arbitrum""}, {""label"": ""Polygon"", ""value"": ""polygon""}, {""label"": ""BSC"", ""value"": ""bsc""}, {""label"": ""Avalanche"", ""value"": ""avalanche""}, {""label"": ""Celo"", ""value"": ""celo""}], ""required"": true}, {""key"": ""wallet"", ""type"": ""address"", ""label"": ""Wallet address"", ""required"": true, ""placeholder"": ""0x...""}, {""key"": ""days"", ""type"": ""select"", ""label"": ""Time range"", ""default"": ""90"", ""options"": [{""label"": ""Last 7 days"", ""value"": ""7""}, {""label"": ""Last 30 days"", ""value"": ""30""}, {""label"": ""Last 90 days"", ""value"": ""90""}, {""label"": ""Last 180 days"", ""value"": ""180""}, {""label"": ""Last year"", ""value"": ""365""}, {""label"": ""All time"", ""value"": ""all""}], ""required"": true}]"
primitives.token_approvals,primitives,approvals,token_approvals,Token approval analysis,ERC20 Approval events,All ERC20 approvals for a token — surfaces unlimited approvals and high-risk spenders.,generic,[],"[{""key"": ""chain"", ""type"": ""chain"", ""label"": ""Chain"", ""default"": ""ethereum"", ""options"": [{""label"": ""Ethereum"", ""value"": ""ethereum""}, {""label"": ""Base"", ""value"": ""base""}, {""label"": ""Optimism"", ""value"": ""optimism""}, {""label"": ""Arbitrum"", ""value"": ""arbitrum""}, {""label"": ""Polygon"", ""value"": ""polygon""}, {""label"": ""BSC"", ""value"": ""bsc""}, {""label"": ""Avalanche"", ""value"": ""avalanche""}, {""label"": ""Celo"", ""value"": ""celo""}], ""required"": true}, {""key"": ""token_address"", ""type"": ""token_address"", ""label"": ""Token address"", ""required"": true, ""placeholder"": ""0x...""}, {""key"": ""days"", ""type"": ""select"", ""label"": ""Time range"", ""default"": ""30"", ""options"": [{""label"": ""Last 7 days"", ""value"": ""7""}, {""label"": ""Last 30 days"", ""value"": ""30""}, {""label"": ""Last 90 days"", ""value"": ""90""}, {""label"": ""Last 180 days"", ""value"": ""180""}, {""label"": ""Last year"", ""value"": ""365""}, {""label"": ""All time"", ""value"": ""all""}], ""required"": true}]"
primitives.token_holders,primitives,holders,token_holders,Token holder distribution,ERC20 holder balances,Top holders for any ERC20 token with supply concentration metrics.,generic,[],"[{""key"": ""chain"", ""type"": ""chain"", ""label"": ""Chain"", ""default"": ""ethereum"", ""options"": [{""label"": ""Ethereum"", ""value"": ""ethereum""}, {""label"": ""Base"", ""value"": ""base""}, {""label"": ""Optimism"", ""value"": ""optimism""}, {""label"": ""Arbitrum"", ""value"": ""arbitrum""}, {""label"": ""Polygon"", ""value"": ""polygon""}, {""label"": ""BSC"", ""value"": ""bsc""}, {""label"": ""Avalanche"", ""value"": ""avalanche""}, {""label"": ""Celo"", ""value"": ""celo""}], ""required"": true}, {""key"": ""token_address"", ""type"": ""token_address"", ""label"": ""Token address"", ""required"": true, ""placeholder"": ""0x...""}, {""key"": ""top_n"", ""type"": ""select"", ""label"": ""Show top N holders"", ""default"": ""100"", ""options"": [{""label"": ""Top 10"", ""value"": ""10""}, {""label"": ""Top 25"", ""value"": ""25""}, {""label"": ""Top 50"", ""value"": ""50""}, {""label"": ""Top 100"", ""value"": ""100""}], ""required"": true}]"
primitives.tx_history,primitives,transfers,tx_history,Transaction history,Full wallet transaction log,"Full transaction log for a wallet — sends, receives, contract calls, success/fail.",generic,[],"[{""key"": ""chain"", ""type"": ""chain"", ""label"": ""Chain"", ""default"": ""ethereum"", ""options"": [{""label"": ""Ethereum"", ""value"": ""ethereum""}, {""label"": ""Base"", ""value"": ""base""}, {""label"": ""Optimism"", ""value"": ""optimism""}, {""label"": ""Arbitrum"", ""value"": ""arbitrum""}, {""label"": ""Polygon"", ""value"": ""polygon""}, {""label"": ""BSC"", ""value"": ""bsc""}, {""label"": ""Avalanche"", ""value"": ""avalanche""}, {""label"": ""Celo"", ""value"": ""celo""}], ""required"": true}, {""key"": ""wallet"", ""type"": ""address"", ""label"": ""Wallet address"", ""required"": true, ""placeholder"": ""0x...""}, {""key"": ""days"", ""type"": ""select"", ""label"": ""Time range"", ""default"": ""30"", ""options"": [{""label"": ""Last 7 days"", ""value"": ""7""}, {""label"": ""Last 30 days"", ""value"": ""30""}, {""label"": ""Last 90 days"", ""value"": ""90""}, {""label"": ""Last 180 days"", ""value"": ""180""}, {""label"": ""Last year"", ""value"": ""365""}, {""label"": ""All time"", ""value"": ""all""}], ""required"": true}, {""key"": ""limit"", ""type"": ""select"", ""label"": ""Row limit"", ""default"": ""100"", ""options"": [{""label"": ""Top 10"", ""value"": ""10""}, {""label"": ""Top 25"", ""value"": ""25""}, {""label"": ""Top 50"", ""value"": ""50""}, {""label"": ""Top 100"", ""value"": ""100""}], ""required"": true}]"
primitives.wallet_balance,primitives,balances,wallet_balance,Wallet token balance over time,ERC20 running balance,Daily running balance of any ERC20 token for a given wallet.,generic,[],"[{""key"": ""chain"", ""type"": ""chain"", ""label"": ""Chain"", ""default"": ""ethereum"", ""options"": [{""label"": ""Ethereum"", ""value"": ""ethereum""}, {""label"": ""Base"", ""value"": ""base""}, {""label"": ""Optimism"", ""value"": ""optimism""}, {""label"": ""Arbitrum"", ""value"": ""arbitrum""}, {""label"": ""Polygon"", ""value"": ""polygon""}, {""label"": ""BSC"", ""value"": ""bsc""}, {""label"": ""Avalanche"", ""value"": ""avalanche""}, {""label"": ""Celo"", ""value"": ""celo""}], ""required"": true}, {""key"": ""wallet"", ""type"": ""address"", ""label"": ""Wallet address"", ""required"": true, ""placeholder"": ""0x...""}, {""key"": ""token_address"", ""type"": ""token_address"", ""label"": ""Token address"", ""required"": true, ""placeholder"": ""0x...""}, {""key"": ""days"", ""type"": ""select"", ""label"": ""Time range"", ""default"": ""90"", ""options"": [{""label"": ""Last 7 days"", ""value"": ""7""}, {""label"": ""Last 30 days"", ""value"": ""30""}, {""label"": ""Last 90 days"", ""value"": ""90""}, {""label"": ""Last 180 days"", ""value"": ""180""}, {""label"": ""Last year"", ""value"": ""365""}, {""label"": ""All time"", ""value"": ""all""}], ""required"": true}]"
social.active_users_by_account_age,social,identity,active_users_by_account_age,Daily Active by Age,Base AA Deployments,Segments daily active posters by account age cohorts.,generic,"[""day:date"", ""age_week:number"", ""active_count:number""]","[{""key"": ""date_range"", ""type"": ""date_range"", ""label"": ""Date Range"", ""default"": {""to"": """", ""from"": """"}, ""required"": true}]"
social.casino_win_loss,social,casino,casino_win_loss,Wins vs Losses Ratio,tokens_solana.transfers,Classifies casino player wins versus house payouts.,generic,"[""wallet:string"",""wins_usd:number"",""losses_usd:number"",""net_usd:number""]","[{""key"": ""house"", ""type"": ""address"", ""label"": ""House Address"", ""default"": null, ""required"": true}, {""key"": ""program"", ""type"": ""address"", ""label"": ""Program Address"", ""default"": null, ""required"": true}, {""key"": ""date_range"", ""type"": ""date_range"", ""label"": ""Date Range"", ""default"": {""to"": """", ""from"": """"}, ""required"": true}]"
social.gambler_frequency_bins,social,betting,gambler_frequency_bins,Bet frequency tiers,Betting logs,Bins gamblers by bet frequency into engagement tiers.,protocol:polyroll,"[""frequency_bin:string"",""gambler_count:number""]","[{""key"": ""protocol"", ""type"": ""text"", ""label"": ""Protocol"", ""default"": ""polyroll"", ""required"": true}]"
social.lens_collect_bonsai_ratio,social,lens,lens_collect_bonsai_ratio,Collects with Bonsai,TX Overlap Analysis,Calculates share of Lens collects bundled with Bonsai NFT transfers.,protocol:lens,"[""date:date"", ""collects:number"", ""bonsai_collects:number"", ""ratio:number""]","[{""key"": ""date_from"", ""type"": ""date"", ""label"": ""Start Date"", ""default"": null, ""required"": true}, {""key"": ""bonsai_contract"", ""type"": ""address"", ""label"": ""Bonsai Contract"", ""default"": ""0x3d2bD0e15829AA5C362a4144FdF4A1112fa29B5c"", ""required"": true}]"
social.signer_engagement_classifier,social,identity,signer_engagement_classifier,Frequent vs new signers,EthSign signature counts,Classifies signers as frequent or newly onboarded by signature count.,protocol:ethsign,"[""range:string"",""wallets:number""]","[{""key"": ""lookback_days"", ""type"": ""number"", ""label"": ""Lookback Days"", ""default"": ""30"", ""required"": false}]"
social.tip_leaderboard,social,leaderboard,tip_leaderboard,Tip Amounts,Town Tip Events,Ranks users by total tips sent.,protocol:town,"[""user_address:string"",""total_tips:number""]","[{""key"": ""top_n"", ""type"": ""number"", ""label"": ""Top N"", ""default"": ""100"", ""required"": false}]"
social.town_member_distribution,social,community,town_member_distribution,Town Membership Counts,Towns Protocol Logs,Counts members added per town.,protocol:towns,"[""town:string"",""member_count:number"",""town_count:number""]","[{""key"": ""date_from"", ""type"": ""date"", ""label"": ""Start Date"", ""default"": null, ""required"": true}, {""key"": ""top_n"", ""type"": ""number"", ""label"": ""Top N"", ""default"": ""200"", ""required"": false}]"
social.town_membership_stats,social,protocol_health,town_membership_stats,Town Metrics,Spaces Members Join,Aggregates town owners and member counts.,protocol:town,"[""distinct_owners:number"",""total_members:number""]","[{""key"": ""lookback_days"", ""type"": ""number"", ""label"": ""Lookback Days"", ""default"": ""30"", ""required"": false}]"
social.trader_trade_count_distribution,social,trading,trader_trade_count_distribution,Trader Activity Buckets,Friend.tech Shares,Buckets traders by number of trades.,protocol:friend_tech,"[""n_trades:number"",""n_traders:number""]","[{""key"": ""date_from"", ""type"": ""date"", ""label"": ""Start Date"", ""default"": null, ""required"": true}, {""key"": ""protocol"", ""type"": ""text"", ""label"": ""Protocol"", ""default"": ""friend_tech"", ""required"": false}]"
social.wallet_connection_degree,social,wallet,wallet_connection_degree,Wallet Network Degree,Transaction Graph,Ranks wallets by number of direct connections in recent period.,generic,"[""wallet:string"",""connected_count:number"",""label:string""]","[{""key"": ""lookback_days"", ""type"": ""number"", ""label"": ""Lookback Days"", ""default"": ""7"", ""required"": false}]"
social.wallet_town_memberships,social,identity,wallet_town_memberships,Membership History,Town Logs CTE,Counts wallet memberships with join dates per town.,protocol:town,"[""memberships_in_town:number"",""first_joined:string"",""last_joined:string""]","[{""key"": ""wallet_address"", ""type"": ""address"", ""label"": ""Wallet Address"", ""default"": null, ""required"": true}, {""key"": ""town_address"", ""type"": ""address"", ""label"": ""\""Town Address\"""", ""default"": null, ""required"": true}]"
staking.delegation,staking,delegation,delegation,Delegation tracker,Delegation / re-delegation events,Delegation and re-delegation events for a delegator or operator address.,generic,[],"[{""key"": ""chain"", ""type"": ""chain"", ""label"": ""Chain"", ""default"": ""ethereum"", ""options"": [{""label"": ""Ethereum"", ""value"": ""ethereum""}, {""label"": ""Base"", ""value"": ""base""}, {""label"": ""Optimism"", ""value"": ""optimism""}, {""label"": ""Arbitrum"", ""value"": ""arbitrum""}, {""label"": ""Polygon"", ""value"": ""polygon""}, {""label"": ""BSC"", ""value"": ""bsc""}, {""label"": ""Avalanche"", ""value"": ""avalanche""}, {""label"": ""Celo"", ""value"": ""celo""}], ""required"": true}, {""key"": ""address"", ""type"": ""address"", ""label"": ""Delegator or operator address"", ""required"": true, ""placeholder"": ""0x...""}, {""key"": ""days"", ""type"": ""select"", ""label"": ""Time range"", ""default"": ""90"", ""options"": [{""label"": ""Last 7 days"", ""value"": ""7""}, {""label"": ""Last 30 days"", ""value"": ""30""}, {""label"": ""Last 90 days"", ""value"": ""90""}, {""label"": ""Last 180 days"", ""value"": ""180""}, {""label"": ""Last year"", ""value"": ""365""}, {""label"": ""All time"", ""value"": ""all""}], ""required"": true}]"
staking.flows,staking,flows,flows,Staking deposit / withdrawal flows,Beacon chain deposit/withdrawal flows,Daily ETH staking deposits and withdrawals on the beacon chain.,generic,[],"[{""key"": ""chain"", ""type"": ""chain"", ""label"": ""Chain"", ""default"": ""ethereum"", ""options"": [{""label"": ""Ethereum"", ""value"": ""ethereum""}], ""required"": true}, {""key"": ""days"", ""type"": ""select"", ""label"": ""Time range"", ""default"": ""90"", ""options"": [{""label"": ""Last 7 days"", ""value"": ""7""}, {""label"": ""Last 30 days"", ""value"": ""30""}, {""label"": ""Last 90 days"", ""value"": ""90""}, {""label"": ""Last 180 days"", ""value"": ""180""}, {""label"": ""Last year"", ""value"": ""365""}, {""label"": ""All time"", ""value"": ""all""}], ""required"": true}]"
staking.liquid_staking_tvl,staking,liquid_staking,liquid_staking_tvl,Liquid staking TVL,Liquid staking protocol TVL,TVL and market share over time for liquid staking protocols.,generic,[],"[{""key"": ""chain"", ""type"": ""chain"", ""label"": ""Chain"", ""default"": ""ethereum"", ""options"": [{""label"": ""Ethereum"", ""value"": ""ethereum""}, {""label"": ""Base"", ""value"": ""base""}, {""label"": ""Optimism"", ""value"": ""optimism""}, {""label"": ""Arbitrum"", ""value"": ""arbitrum""}, {""label"": ""Polygon"", ""value"": ""polygon""}, {""label"": ""BSC"", ""value"": ""bsc""}, {""label"": ""Avalanche"", ""value"": ""avalanche""}, {""label"": ""Celo"", ""value"": ""celo""}], ""required"": true}, {""key"": ""protocol"", ""type"": ""select"", ""label"": ""Protocol"", ""default"": ""all"", ""options"": [{""label"": ""All protocols"", ""value"": ""all""}, {""label"": ""Lido"", ""value"": ""lido""}, {""label"": ""Rocket Pool"", ""value"": ""rocketpool""}, {""label"": ""Coinbase cbETH"", ""value"": ""cbeth""}, {""label"": ""Frax"", ""value"": ""frax""}, {""label"": ""StakeWise"", ""value"": ""stakewise""}], ""required"": true}, {""key"": ""days"", ""type"": ""select"", ""label"": ""Time range"", ""default"": ""90"", ""options"": [{""label"": ""Last 7 days"", ""value"": ""7""}, {""label"": ""Last 30 days"", ""value"": ""30""}, {""label"": ""Last 90 days"", ""value"": ""90""}, {""label"": ""Last 180 days"", ""value"": ""180""}, {""label"": ""Last year"", ""value"": ""365""}, {""label"": ""All time"", ""value"": ""all""}], ""required"": true}]"
staking.restaking,staking,restaking,restaking,Restaking analysis (EigenLayer),EigenLayer restaking deposits,"Restaking deposits, AVS selection, and operator delegation on EigenLayer.",generic,[],"[{""key"": ""chain"", ""type"": ""chain"", ""label"": ""Chain"", ""default"": ""ethereum"", ""options"": [{""label"": ""Ethereum"", ""value"": ""ethereum""}], ""required"": true}, {""key"": ""avs_address"", ""type"": ""address"", ""label"": ""AVS address (optional \u2014 leave empty for all)"", ""required"": false, ""placeholder"": ""0x...""}, {""key"": ""days"", ""type"": ""select"", ""label"": ""Time range"", ""default"": ""90"", ""options"": [{""label"": ""Last 7 days"", ""value"": ""7""}, {""label"": ""Last 30 days"", ""value"": ""30""}, {""label"": ""Last 90 days"", ""value"": ""90""}, {""label"": ""Last 180 days"", ""value"": ""180""}, {""label"": ""Last year"", ""value"": ""365""}, {""label"": ""All time"", ""value"": ""all""}], ""required"": true}]"
staking.rewards,staking,rewards,rewards,Staking rewards tracker,Cumulative staking rewards,Cumulative staking rewards earned by a withdrawal address over time.,generic,[],"[{""key"": ""chain"", ""type"": ""chain"", ""label"": ""Chain"", ""default"": ""ethereum"", ""options"": [{""label"": ""Ethereum"", ""value"": ""ethereum""}], ""required"": true}, {""key"": ""withdrawal_address"", ""type"": ""address"", ""label"": ""Withdrawal address"", ""required"": true, ""placeholder"": ""0x...""}, {""key"": ""days"", ""type"": ""select"", ""label"": ""Time range"", ""default"": ""90"", ""options"": [{""label"": ""Last 7 days"", ""value"": ""7""}, {""label"": ""Last 30 days"", ""value"": ""30""}, {""label"": ""Last 90 days"", ""value"": ""90""}, {""label"": ""Last 180 days"", ""value"": ""180""}, {""label"": ""Last year"", ""value"": ""365""}, {""label"": ""All time"", ""value"": ""all""}], ""required"": true}]"
staking.slash_events,staking,validator,slash_events,Slash events,Validator slashing events,All validator slashing events with penalty amount and cause.,generic,[],"[{""key"": ""days"", ""type"": ""select"", ""label"": ""Time range"", ""default"": ""365"", ""options"": [{""label"": ""Last 7 days"", ""value"": ""7""}, {""label"": ""Last 30 days"", ""value"": ""30""}, {""label"": ""Last 90 days"", ""value"": ""90""}, {""label"": ""Last 180 days"", ""value"": ""180""}, {""label"": ""Last year"", ""value"": ""365""}, {""label"": ""All time"", ""value"": ""all""}], ""required"": true}]"
staking.validator_performance,staking,validator,validator_performance,Validator performance,Validator attestation effectiveness,"Attestation effectiveness, missed slots, and earnings for a validator.",generic,[],"[{""key"": ""chain"", ""type"": ""chain"", ""label"": ""Chain"", ""default"": ""ethereum"", ""options"": [{""label"": ""Ethereum"", ""value"": ""ethereum""}], ""required"": true}, {""key"": ""validator_index"", ""type"": ""text"", ""label"": ""Validator index or pubkey"", ""required"": true, ""placeholder"": ""e.g. 123456 or 0x...""}, {""key"": ""days"", ""type"": ""select"", ""label"": ""Time range"", ""default"": ""30"", ""options"": [{""label"": ""Last 7 days"", ""value"": ""7""}, {""label"": ""Last 30 days"", ""value"": ""30""}, {""label"": ""Last 90 days"", ""value"": ""90""}, {""label"": ""Last 180 days"", ""value"": ""180""}, {""label"": ""Last year"", ""value"": ""365""}, {""label"": ""All time"", ""value"": ""all""}], ""required"": true}]"
staking.validator_queue,staking,validator,validator_queue,Validator queue depth,Beacon chain activation/exit queue,Activation and exit queue depth for the Ethereum beacon chain.,generic,[],"[{""key"": ""days"", ""type"": ""select"", ""label"": ""Time range"", ""default"": ""30"", ""options"": [{""label"": ""Last 7 days"", ""value"": ""7""}, {""label"": ""Last 30 days"", ""value"": ""30""}, {""label"": ""Last 90 days"", ""value"": ""90""}, {""label"": ""Last 180 days"", ""value"": ""180""}, {""label"": ""Last year"", ""value"": ""365""}, {""label"": ""All time"", ""value"": ""all""}], ""required"": true}]"
token.accumulating_wallets,token,holders,accumulating_wallets,Net Accumulation,Dune dex_solana.trades,Detects wallets with positive net token accumulation over lookback.,generic,"[""trader:string"",""bought_usd:number"",""sold_usd:number"",""net_accumulation:number""]","[{""key"": ""lookback_days"", ""type"": ""number"", ""label"": ""Lookback Days"", ""default"": ""30"", ""required"": false}]"
token.address_behavior_classifier,token,wallet,address_behavior_classifier,Wallet Classification,Transfer activity,"Classifies addresses as market_maker, cex, whale, retail using tx volume, frequency, days active.",generic,"[""address:string"",""classification:string"",""tx_count:number"",""volume:number"",""active_days:number""]","[{""key"": ""contract_address"", ""type"": ""address"", ""label"": ""Contract Address"", ""default"": null, ""required"": true}, {""key"": ""lookback_days"", ""type"": ""number"", ""label"": ""Lookback Days"", ""default"": ""365"", ""required"": false}]"
token.airdrop_amount_distribution,token,airdrop,airdrop_amount_distribution,Claim Buckets,ERC20 Transfers,Buckets airdrop claims by amount ranges.,generic,"[""bucket:string"",""count:number"",""total_amount:number"",""percentage:number""]","[{""key"": ""claim_from"", ""type"": ""address"", ""label"": ""Claim From Address"", ""default"": null, ""required"": true}, {""key"": ""contract_address"", ""type"": ""address"", ""label"": ""Contract Address"", ""default"": null, ""required"": true}]"
token.airdrop_claim_progress,token,airdrop,airdrop_claim_progress,Claim Metrics Over Time,Airdrop distributor flows,"Tracks total claimed, unique claimers, and claim percentage.",generic,"[""date:date"", ""unique_claimers:number"", ""total_claimed:number"", ""pct_claimed:number""]","[{""key"": ""contract_address"", ""type"": ""address"", ""label"": ""Contract Address"", ""default"": null, ""required"": true}, {""key"": ""distributor_address"", ""type"": ""address"", ""label"": ""Distributor Address"", ""default"": null, ""required"": true}, {""key"": ""date_from"", ""type"": ""date"", ""label"": ""Start Date"", ""default"": null, ""required"": false}]"
token.airdrop_claims_progress,token,airdrop,airdrop_claims_progress,Claims Progress,ERC20 transfers,Tracks daily and cumulative airdrop claims with completion percentage.,protocol:dydx,"[""day:date"", ""daily_claimers:number"", ""total_claimers:number"", ""claimers_pct:string"", ""daily_claims:number"", ""total_claims:number""]","[{""key"": ""claim_contract"", ""type"": ""address"", ""label"": ""Claim Contract"", ""default"": null, ""required"": true}, {""key"": ""total_eligible"", ""type"": ""number"", ""label"": ""Total Eligible"", ""default"": null, ""required"": true}]"
token.airdrop_claim_stats,token,airdrop,airdrop_claim_stats,Claim metrics,transfer aggregates,"Computes total claimed amount, unique claimers, and percentages.",generic,"[""total_claimed:number"",""unique_claimers:number"",""perc_claimed:number""]","[{""key"": ""contract_address"", ""type"": ""address"", ""label"": ""Contract Address"", ""default"": null, ""required"": true}, {""key"": ""exec_account"", ""type"": ""text"", ""label"": ""Executor account"", ""default"": null, ""required"": true}, {""key"": ""date_from"", ""type"": ""date"", ""label"": ""Start Date"", ""default"": null, ""required"": true}]"
token.airdrop_cohort_sales,token,holders,airdrop_cohort_sales,Cohort Sales,Airdrop Recipients,Tracks weekly sales by airdrop recipient cohort.,generic,"[""week:date"",""sales:number"",""recipients:number""]","[{""key"": ""contract_address"", ""type"": ""address"", ""label"": ""Contract Address"", ""default"": null, ""required"": true}, {""key"": ""claimer_addresses"", ""type"": ""address[]"", ""label"": ""Claimer Addresses"", ""default"": [], ""required"": true}]"
token.airdrop_cumulative_claims,token,airdrop,airdrop_cumulative_claims,Cumulative Airdrop Claims,Kaito Claim Events,Computes cumulative claims over time.,generic,"[""block_date:date"", ""cumulative_claim:number"", ""claim_address:string""]","[{""key"": ""contract_address"", ""type"": ""address"", ""label"": ""Contract Address"", ""default"": null, ""required"": true}, {""key"": ""date_from"", ""type"": ""date"", ""label"": ""Start Date"", ""default"": null, ""required"": true}]"
token.airdrop_retention,token,airdrop,airdrop_retention,Airdrop Retention Ratio,ERC20 Transfers Polygon,Computes percentage of airdrop wallets still holding no outflows.,generic,"[""total_wallets:number"",""still_holding:number"",""retention_ratio:number""]","[{""key"": ""contract_address"", ""type"": ""address"", ""label"": ""Contract Address"", ""default"": null, ""required"": true}, {""key"": ""airdrop_from"", ""type"": ""address"", ""label"": ""Airdropper Address"", ""default"": null, ""required"": true}]"
token.airdrop_retention_analyzer,token,holders,airdrop_retention_analyzer,Airdrop Retention Metrics,ERC20 Transfer Events,Computes net balances post-airdrop to measure holder retention.,generic,"[""user:string"",""net_balance:number"",""retained:boolean""]","[{""key"": ""contract_address"", ""type"": ""address"", ""label"": ""Contract Address"", ""default"": null, ""required"": true}, {""key"": ""date_range"", ""type"": ""date_range"", ""label"": ""Date Range"", ""default"": {""to"": """", ""from"": """"}, ""required"": true}]"
token.airdrop_unclaimed_allocations,token,airdrop,airdrop_unclaimed_allocations,Unclaimed Airdrop List,Zora Allocations Decode,Extracts and unnests airdrop allocations from events.,generic,"[""allocation:string"", ""tx_hash:string"", ""block_time:timestamp""]","[{""key"": ""claimer_address"", ""type"": ""address"", ""label"": ""Claimer"", ""default"": null, ""required"": false}]"
token.airdrop_unclaimed_tracker,token,airdrop,airdrop_unclaimed_tracker,Unclaimed Tokens,Ethena Claim Logs,Calculates cumulative claimed vs total airdrop allocation.,protocol:ethena,"[""claim_date:date"", ""claimed:number"", ""unclaimed:number""]","[{""key"": ""lookback_days"", ""type"": ""number"", ""label"": ""Lookback Days"", ""default"": ""30"", ""required"": false}]"
token.arb_protocol_grants,token,grants,arb_protocol_grants,ARB grants by protocol,Projects + transfer joins,Totals ARB grants distributed to protocols by category.,generic,"[""protocol:string"",""category:string"",""total_amount:number"",""requested:number""]","[{""key"": ""category"", ""type"": ""text"", ""label"": ""Category"", ""default"": null, ""required"": false}, {""key"": ""date_range"", ""type"": ""date_range"", ""label"": ""Date Range"", ""default"": {""to"": ""2024-01-31"", ""from"": ""2023-11-01""}, ""required"": true}]"
token.asc20_holder_ranking,token,holders,asc20_holder_ranking,Inscription Holder Ranks,Avalanche ASC-20 Mints,Ranks wallets by ASC-20 inscription holdings from mint transactions.,generic,"[""rank:number"",""wallet_address:string"",""inscriptions:number"",""total_tokens:number""]","[{""key"": ""mint_pattern"", ""type"": ""text"", ""label"": ""Mint Data Pattern"", ""default"": null, ""required"": true}, {""key"": ""total_supply"", ""type"": ""number"", ""label"": ""Total Supply"", ""default"": ""21000000"", ""required"": false}]"
token.beacon_stake_cumulative,token,holders,beacon_stake_cumulative,Cumulative Staked ETH,Beacon Deposit Contract,Computes cumulative ETH staked and validators over time.,generic,"[""date:date"", ""staked:number"", ""validators:number""]","[{""key"": ""date_range"", ""type"": ""date_range"", ""label"": ""Date Range"", ""default"": {""to"": """", ""from"": """"}, ""required"": true}]"
token.burn_moving_averages,token,burns,burn_moving_averages,Burn trends,ERC20 transfers,Calculates daily burns with moving averages for trends.,generic,"[""block_time:timestamp"", ""total_burn:number"", ""ma46:number"", ""ma200:number""]","[{""key"": ""contract_address"", ""type"": ""address"", ""label"": ""Contract Address"", ""default"": null, ""required"": true}, {""key"": ""burn_addresses"", ""type"": ""address[]"", ""label"": ""Burn addresses"", ""default"": [""0x0000000000000000000000000000000000000000"", ""0x000000000000000000000000000000000000dEaD""], ""required"": false}, {""key"": ""date_from"", ""type"": ""date"", ""label"": ""Start Date"", ""default"": null, ""required"": true}]"
token.buyer_cohort_analysis,token,wallet,buyer_cohort_analysis,New vs repeat buyers,ERC20 transfers,Classifies buyers as new or repeat users per time period.,generic,"[""period:string"",""new_buyers:number"",""repeat_buyers:number"",""repeat_pct:number""]","[{""key"": ""contract_address"", ""type"": ""address"", ""label"": ""Contract Address"", ""default"": null, ""required"": true}, {""key"": ""interval"", ""type"": ""select"", ""label"": ""Interval"", ""default"": ""week"", ""options"": [{""label"": ""Minute"", ""value"": ""minute""}, {""label"": ""Hour"", ""value"": ""hour""}, {""label"": ""Day"", ""value"": ""day""}, {""label"": ""Week"", ""value"": ""week""}, {""label"": ""Month"", ""value"": ""month""}], ""required"": false}]"
token.cex_dispatch_detector,token,wallet,cex_dispatch_detector,CEX Dispatch Patterns,tokens_solana.transfers,Detects wallets receiving from CEX then dispatching small SOL amounts.,generic,"[""wallet:string"",""dispatch_score:number"",""dispatch_count:number"",""suspicious:boolean""]","[{""key"": ""days_back"", ""type"": ""number"", ""label"": ""Days Back"", ""default"": ""7"", ""required"": true}, {""key"": ""min_transfer_in_sum_amount"", ""type"": ""number"", ""label"": ""Min Inflow SOL"", ""default"": ""50"", ""required"": false}, {""key"": ""single_transfer_out_min_amount"", ""type"": ""number"", ""label"": ""Min Outflow SOL"", ""default"": ""0.1"", ""required"": false}]"
token.cex_net_flow_daily,token,cex,cex_net_flow_daily,CEX Net Flow Daily,ERC20 Transfers Polygon,Aggregates daily inflows minus outflows to CEX wallets.,generic,"[""day:date"",""net_flow:number"",""inflow:number"",""outflow:number""]","[{""key"": ""contract_address"", ""type"": ""address"", ""label"": ""Contract Address"", ""default"": null, ""required"": true}, {""key"": ""cex_addresses"", ""type"": ""address[]"", ""label"": ""CEX Addresses"", ""default"": [], ""required"": true}, {""key"": ""date_from"", ""type"": ""date"", ""label"": ""Start Date"", ""default"": null, ""required"": false}]"
token.cex_net_flow_timeseries,token,cex,cex_net_flow_timeseries,CEX Flow Trend,ERC20 transfers,Tracks net inflows/outflows to CEX wallets.,generic,"[""day:date"", ""net_flow:number"", ""inflow:number"", ""outflow:number""]","[{""key"": ""contract_address"", ""type"": ""address"", ""label"": ""Contract Address"", ""default"": null, ""required"": true}, {""key"": ""date_from"", ""type"": ""date"", ""label"": ""Start Date"", ""default"": null, ""required"": true}]"
token.circulating_supply,token,holders,circulating_supply,Excl. Non-Circ Supply,Filtered transfers,Calculates supply excluding locked/team/burn addresses.,generic,"[""date:date"", ""circulating_supply:number""]","[{""key"": ""contract_address"", ""type"": ""address"", ""label"": ""Contract Address"", ""default"": null, ""required"": true}, {""key"": ""exclude_addresses"", ""type"": ""address[]"", ""label"": ""Exclude Addresses"", ""default"": [], ""required"": false}]"
token.circulating_supply_calculator,token,supply,circulating_supply_calculator,Circulating Supply,Transfer-based calc,Computes circulating supply excluding burns from transfer history.,generic,"[""mint:string"",""circulating_supply:number""]","[{""key"": ""mints_csv"", ""type"": ""text"", ""label"": ""\""Comma-separated mints\"""", ""default"": null, ""required"": true}, {""key"": ""cutoff_time"", ""type"": ""date"", ""label"": ""\""Cutoff timestamp\"""", ""default"": null, ""required"": true}]"
token.circulating_supply_excluding_locked,token,holders,circulating_supply_excluding_locked,Circ Supply Metric,Balancer Token,Calculates circulating supply net of locked tokens.,protocol:Balancer,"[""day:date"",""circ_supply:number"",""locked_supply:number""]","[{""key"": ""contract_address"", ""type"": ""address"", ""label"": ""Contract Address"", ""default"": null, ""required"": true}]"
token.circulating_supply_ex_vesting,token,holders,circulating_supply_ex_vesting,Non-Vested Supply,ERC20 Transfers Minus Vesting,Computes circulating supply excluding known vesting contracts.,protocol:CRV,"[""circulating_supply:number"",""total_supply:number"",""vested_locked:number""]","[{""key"": ""date_to"", ""type"": ""date"", ""label"": ""End Date"", ""default"": null, ""required"": false}]"
token.circulating_supply_timeseries,token,supply,circulating_supply_timeseries,Circulating Supply Over Time,ERC20 mint/burn events,Tracks cumulative circulating supply from mints minus burns.,generic,"[""day:date"", ""circulating_supply:number""]","[{""key"": ""contract_address"", ""type"": ""address"", ""label"": ""Contract Address"", ""default"": null, ""required"": true}, {""key"": ""date_from"", ""type"": ""date"", ""label"": ""Start Date"", ""default"": null, ""required"": true}]"
token.circulating_supply_trend,token,holders,circulating_supply_trend,Daily supply change,Mint burn events,Tracks circulating supply from mints minus burns.,generic,"[""date:date"", ""mint_amount:number"", ""burn_amount:number"", ""circulating_supply:number""]","[{""key"": ""contract_address"", ""type"": ""address"", ""label"": ""Contract Address"", ""default"": null, ""required"": true}, {""key"": ""date_from"", ""type"": ""date"", ""label"": ""Start Date"", ""default"": null, ""required"": false}]"
token.circulating_token_supply,token,token,circulating_token_supply,Circulating Supply,ERC20 Transfers,Computes circulating supply excluding burns and non-circulating addresses.,generic,"[""day:date"", ""supply:number""]","[{""key"": ""contract_address"", ""type"": ""address"", ""label"": ""Contract Address"", ""default"": null, ""required"": true}, {""key"": ""non_circ_addresses"", ""type"": ""address[]"", ""label"": ""Non-Circ Addresses"", ""default"": [""0x000000000000000000000000000000000000dEaD""], ""required"": false}]"
token.claim_distribution,token,airdrop_claims,claim_distribution,Airdrop claim stats,ERC20 claim transfers,Summarizes top claim recipients and totals from airdrop distributor.,generic,"[""address:string"",""amount:number""]","[{""key"": ""contract_address"", ""type"": ""address"", ""label"": ""Contract Address"", ""default"": null, ""required"": true}, {""key"": ""from_address"", ""type"": ""address"", ""label"": ""Distributor address"", ""default"": null, ""required"": true}, {""key"": ""top_n"", ""type"": ""number"", ""label"": ""Top N"", ""default"": ""100"", ""required"": false}]"
token.cohort_retention,token,holders,cohort_retention,Holder Retention by Cohort,ERC20 transfer cohorts,Analyzes retention rates for user cohorts by first interaction date.,generic,"[""cohort_date:date"", ""retention_1d:number"", ""retention_7d:number"", ""retention_30d:number""]","[{""key"": ""contract_address"", ""type"": ""address"", ""label"": ""Contract Address"", ""default"": null, ""required"": true}, {""key"": ""date_range"", ""type"": ""date_range"", ""label"": ""Date Range"", ""default"": {""to"": """", ""from"": """"}, ""required"": true}]"
token.cointime_destroyed,token,wallet,cointime_destroyed,Coin Time Destroyed,Recent Transfers,Calculates daily coin-time destroyed from coin movements.,generic,"[""day:date"", ""ctd:number""]","[{""key"": ""lookback_days"", ""type"": ""number"", ""label"": ""Lookback Days"", ""default"": ""90"", ""required"": true}]"
token.creator_bonding_rate,token,launch,creator_bonding_rate,Launch to Bonding %,Pump.fun Launches,Measures % of token creators who bond launched tokens post-launch with ranking.,protocol:pump.fun,"[""creator:string"", ""launch_date:date"", ""bonding_pct:number"", ""rank:number""]","[{""key"": ""lookback_days"", ""type"": ""number"", ""label"": ""Lookback Days"", ""default"": ""60"", ""required"": false}, {""key"": ""top_n"", ""type"": ""number"", ""label"": ""Top N"", ""default"": ""100"", ""required"": false}]"
token.creator_graduation_rate,token,launchpad,creator_graduation_rate,Creator Success Metrics,Pump.fun instruction_calls,Computes tokens created vs graduated per creator.,protocol:pumpfun,"[""creator:string"",""total_tokens:number"",""graduated:number"",""graduation_rate:number""]","[{""key"": ""date_from"", ""type"": ""date"", ""label"": ""Start Date"", ""default"": null, ""required"": true}, {""key"": ""lookback_days"", ""type"": ""number"", ""label"": ""Lookback Days"", ""default"": ""30"", ""required"": false}]"
token.cross_chain_token_matcher,token,identity,cross_chain_token_matcher,Symbol Matches,ERC20 metadata,Matches identical symbols across chains.,generic,"[""symbol:string"",""decimals:number"",""blockchain_a:string"",""contract_a:string"",""blockchain_b:string"",""contract_b:string""]","[{""key"": ""lookback_days"", ""type"": ""number"", ""label"": ""Lookback Days"", ""default"": ""30"", ""required"": false}]"
token.cross_dex_profit_detector,token,dex,cross_dex_profit_detector,100x profits,dex_solana.trades,Detects wallets achieving high profits from pump.fun buys to pumpswap sells.,protocol:pumpdotfun,"[""wallet:string"",""profit_multiple:number"",""tokens:string"",""confidence:number""]","[{""key"": ""min_profit_mult"", ""type"": ""number"", ""label"": ""Min multiplier"", ""default"": ""100"", ""required"": true}, {""key"": ""lookback_days"", ""type"": ""number"", ""label"": ""Lookback Days"", ""default"": ""30"", ""required"": true}]"
token.cumulative_active_users,token,holders,cumulative_active_users,Cumulative Users,Dune tokens_solana.transfers,Calculates daily active users and cumulative total for token.,generic,"[""evt_block_time:timestamp"", ""total_user:number"", ""cumulative_total:number""]","[{""key"": ""contract_address"", ""type"": ""address"", ""label"": ""Contract Address"", ""default"": null, ""required"": true}, {""key"": ""lookback_days"", ""type"": ""number"", ""label"": ""Lookback Days"", ""default"": ""30"", ""required"": false}]"
token.cumulative_holder_count,token,holders,cumulative_holder_count,Holder Growth,ERC20 Transfers,Tracks cumulative unique token holders over time.,generic,"[""date:date"", ""cumulative_holders:number""]","[{""key"": ""contract_address"", ""type"": ""address"", ""label"": ""Contract Address"", ""default"": null, ""required"": true}]"
token.cumulative_holder_growth,token,holders,cumulative_holder_growth,Holder Growth,ERC20 Transfers,Computes daily new holders and running total holders.,generic,"[""date:timestamp"",""new_holders:number"",""total_holders:number""]","[{""key"": ""contract_address"", ""type"": ""address"", ""label"": ""Contract Address"", ""default"": null, ""required"": true}]"
token.cumulative_holders,token,holders,cumulative_holders,Cumulative Holders,ERC20 Transfers,Tracks total unique holders over time.,generic,"[""day:date"", ""total_holders:number""]","[{""key"": ""contract_address"", ""type"": ""address"", ""label"": ""Contract Address"", ""default"": null, ""required"": true}]"
token.cumulative_holders_over_time,token,holders,cumulative_holders_over_time,Holder Growth,ERC20 transfers,Tracks cumulative unique token holders over time.,generic,"[""date:timestamp"",""total_holders:number""]","[{""key"": ""contract_address"", ""type"": ""address"", ""label"": ""Contract Address"", ""default"": null, ""required"": true}]"
token.cumulative_holders_timeseries,token,holders,cumulative_holders_timeseries,Holder Growth,ERC20 transfers,Tracks cumulative unique holders over time.,generic,"[""date:date"", ""daily_new:number"", ""cumulative:number""]","[{""key"": ""contract_address"", ""type"": ""address"", ""label"": ""Contract Address"", ""default"": null, ""required"": true}]"
token.cumulative_supply,token,holders,cumulative_supply,Daily supply changes,Circulating supply,Tracks daily token supply changes and cumulative total supply.,generic,"[""day:date"",""total_supply:number"",""daily_change:number""]","[{""key"": ""contract_address"", ""type"": ""address"", ""label"": ""Contract Address"", ""default"": null, ""required"": true}, {""key"": ""date_from"", ""type"": ""date"", ""label"": ""Start Date"", ""default"": null, ""required"": false}]"
token.cumulative_token_growth,token,creation,cumulative_token_growth,Cumulative token supply,Solana fungible tokens,Tracks daily token creations and running total supply over time.,protocol:solana,"[""dt:date"", ""daily_tokens:number"", ""total_tokens:number""]","[{""key"": ""lookback_days"", ""type"": ""number"", ""label"": ""Lookback Days"", ""default"": ""30"", ""required"": false}]"
token.cumulative_token_holders,token,holders,cumulative_token_holders,Holder growth,ERC20 transfers,Tracks cumulative unique holders and daily new holders over time.,generic,"[""date:date"", ""daily_new:number"", ""cumulative_holders:number""]","[{""key"": ""contract_address"", ""type"": ""address"", ""label"": ""Contract Address"", ""default"": null, ""required"": true}, {""key"": ""date_from"", ""type"": ""date"", ""label"": ""Start Date"", ""default"": null, ""required"": false}]"
token.daily_graduations,token,launchpad,daily_graduations,Daily Graduates,Multi-launchpad withdraws,Counts graduated tokens per launchpad daily.,generic,"[""date:date"", ""platform:string"", ""graduates:number""]","[{""key"": ""protocol"", ""type"": ""text"", ""label"": ""Protocol"", ""default"": ""pumpfun"", ""required"": true}, {""key"": ""date_from"", ""type"": ""date"", ""label"": ""Start Date"", ""default"": null, ""required"": true}, {""key"": ""lookback_days"", ""type"": ""number"", ""label"": ""Lookback Days"", ""default"": ""7"", ""required"": false}]"
token.daily_holder_balances,token,holders,daily_holder_balances,Daily Holder Balances,Cumulative Flow Windows,Calculates historical daily token balances per holder using net flows.,generic,"[""date:date"", ""address:string"", ""balance:number""]","[{""key"": ""contract_address"", ""type"": ""address"", ""label"": ""Contract Address"", ""default"": null, ""required"": true}, {""key"": ""date_from"", ""type"": ""date"", ""label"": ""Start Date"", ""default"": null, ""required"": true}]"
token.daily_holder_cohorts,token,holders,daily_holder_cohorts,New and total holders,Cumulative growth,Computes daily new holders and running total unique holders over time.,generic,"[""day:date"",""new_holders:number"",""total_holders:number""]","[{""key"": ""contract_address"", ""type"": ""address"", ""label"": ""Contract Address"", ""default"": null, ""required"": true}, {""key"": ""date_from"", ""type"": ""date"", ""label"": ""Start Date"", ""default"": null, ""required"": false}]"
token.daily_holder_count,token,holders,daily_holder_count,Holder Growth,Cumulative window,Tracks daily unique holder count using running balance snapshots.,generic,"[""day:date"",""holder_count:number"",""growth_rate:number""]","[{""key"": ""contract_address"", ""type"": ""address"", ""label"": ""Contract Address"", ""default"": null, ""required"": true}, {""key"": ""lookback_days"", ""type"": ""number"", ""label"": ""Lookback Days"", ""default"": ""365"", ""required"": false}]"
token.daily_holder_growth,token,holders,daily_holder_growth,Holder Growth Metrics,Dune query 4267876,Computes daily unique holders with growth rate changes.,generic,"[""day:date"",""unique_wallets:number"",""daily_change:number""]","[{""key"": ""contract_address"", ""type"": ""address"", ""label"": ""Contract Address"", ""default"": null, ""required"": true}]"
token.daily_net_supply_change,token,supply,daily_net_supply_change,Mint Burn Net,Cumulative Supply,Daily net supply from mints minus burns with cumulative.,generic,"[""day:date"", ""net_change:number"", ""cumulative_supply:number""]","[{""key"": ""contract_address"", ""type"": ""address"", ""label"": ""Contract Address"", ""default"": null, ""required"": true}]"
token.daily_new_contract_users,token,holders,daily_new_contract_users,Daily new interactors,First tx cohort analysis,Counts daily new addresses first interacting with contract.,generic,"[""date:date"", ""new_addresses:number""]","[{""key"": ""contract_address"", ""type"": ""address"", ""label"": ""Contract Address"", ""default"": null, ""required"": true}]"
token.daily_new_reward_withdrawers,token,holders,daily_new_reward_withdrawers,New withdrawer cohort,ERC20 reward distributor,Counts unique first-time daily withdrawers from reward source.,generic,"[""day:date"",""unique_withdrawers:number""]","[{""key"": ""contract_address"", ""type"": ""address"", ""label"": ""Contract Address"", ""default"": null, ""required"": true}, {""key"": ""from_address"", ""type"": ""address"", ""label"": ""Reward distributor"", ""default"": null, ""required"": true}]"
token.daily_new_token_holders,token,holders,daily_new_token_holders,New holders,ERC20 transfers,Counts daily new token holders based on first interaction.,generic,"[""date:date"", ""new_holders:number""]","[{""key"": ""contract_address"", ""type"": ""address"", ""label"": ""Contract Address"", ""default"": null, ""required"": true}]"
token.daily_token_launches,token,launchpad,daily_token_launches,Daily launches,mint counts by platform,Counts unique tokens minted daily by launchpad protocol.,generic,"[""date:date"", ""daily_count:number"", ""platform:string""]","[{""key"": ""protocol"", ""type"": ""text"", ""label"": ""Protocol"", ""default"": ""pump.fun"", ""required"": true}, {""key"": ""date_range"", ""type"": ""date_range"", ""label"": ""Date Range"", ""default"": {""to"": """", ""from"": """"}, ""required"": true}]"
token.daily_top_tokens_by_active_wallets,token,holders,daily_top_tokens_by_active_wallets,Active Wallets Leaderboard,ERC20 Transfer Events,Ranks tokens by daily unique active wallets.,generic,"[""day:date"", ""token:string"", ""active_wallets:number""]","[{""key"": ""date_range"", ""type"": ""date_range"", ""label"": ""Date Range"", ""default"": {""to"": """", ""from"": """"}, ""required"": true}, {""key"": ""top_n"", ""type"": ""number"", ""label"": ""Top N"", ""default"": ""20"", ""required"": false}]"
token.daily_whale_activity,token,holders,daily_whale_activity,Whale daily volume,ethereum.transactions,Identifies whale addresses by daily ETH transfer volume exceeding threshold.,generic,"[""day:date"", ""whale_address:string"", ""eth_transferred:number"", ""transaction_count:number""]","[{""key"": ""threshold_eth"", ""type"": ""number"", ""label"": ""Min daily ETH threshold"", ""default"": null, ""required"": true}, {""key"": ""date_range"", ""type"": ""date_range"", ""label"": ""Date Range"", ""default"": {""to"": """", ""from"": """"}, ""required"": false}]"
token.dao_stable_balances,token,holders,dao_stable_balances,DAO Stable Holdings,ERC20 Transfers + Token Lists,Aggregates stablecoin balances across DAOs.,protocol:polygon_daos,"[""dao_address:string"",""usd_balance:number"",""token_symbol:string""]","[{""key"": ""date_to"", ""type"": ""date"", ""label"": ""End Date"", ""default"": null, ""required"": false}]"
token.deposit_amount_distribution,token,holders,deposit_amount_distribution,Deposit size cohorts,traces input parsing,Buckets deposit amounts by size ranges for analysis.,generic,"[""amount_range:string"",""deposit_count:number"",""total_amount:number""]","[{""key"": ""contract_address"", ""type"": ""address"", ""label"": ""Contract Address"", ""default"": null, ""required"": true}, {""key"": ""min_usd"", ""type"": ""number"", ""label"": ""Min USD"", ""default"": ""0"", ""required"": false}]"
token.diamond_hands_classifier,token,holders,diamond_hands_classifier,Holder Retention,ERC20 Transfers,Classifies buyers as diamond hands (held) or paper hands (sold).,generic,"[""type:string"",""count:number""]","[{""key"": ""contract_address"", ""type"": ""address"", ""label"": ""Contract Address"", ""default"": null, ""required"": true}]"
token.diamond_hand_scorer,token,holders,diamond_hand_scorer,Low-sell high-hold wallets,Net balance thresholds,Identifies diamond hand holders with high net buy low sell.,generic,"[""wallet_address:string"",""net_balance:number"",""sell_ratio:number"",""diamond_score:number""]","[{""key"": ""contract_address"", ""type"": ""address"", ""label"": ""Contract Address"", ""default"": null, ""required"": true}, {""key"": ""min_hold"", ""type"": ""number"", ""label"": ""Min net hold"", ""default"": ""1000"", ""required"": true}, {""key"": ""max_sell_pct"", ""type"": ""number"", ""label"": ""Max sell %"", ""default"": ""0.1"", ""required"": true}]"
token.diamond_hands_percentage,token,holders,diamond_hands_percentage,Diamond Hands %,ERC20 transfers,Classifies buyers who never sold.,generic,"[""diamond_hands:number"",""sold:number"",""percentage:number""]","[{""key"": ""contract_address"", ""type"": ""address"", ""label"": ""Contract Address"", ""default"": null, ""required"": true}]"
token.dormant_token_detector,token,holders,dormant_token_detector,Awakening score,Dune dex.trades anomaly,Detects dormant tokens awakening via recent vs historical activity spike.,generic,"[""token:string"",""txs_last_24h:number"",""vol_last_24h:number"",""awakening_score:number""]","[{""key"": ""chain"", ""type"": ""chain"", ""label"": ""Chain"", ""default"": null, ""required"": true, ""options"": [{""label"": ""Ethereum"", ""value"": ""ethereum""}, {""label"": ""Base"", ""value"": ""base""}, {""label"": ""Optimism"", ""value"": ""optimism""}, {""label"": ""Arbitrum"", ""value"": ""arbitrum""}, {""label"": ""Polygon"", ""value"": ""polygon""}, {""label"": ""BSC"", ""value"": ""bsc""}, {""label"": ""Avalanche"", ""value"": ""avalanche""}, {""label"": ""Celo"", ""value"": ""celo""}]}, {""key"": ""min_usd"", ""type"": ""number"", ""label"": ""Min USD"", ""default"": ""10000"", ""required"": false}, {""key"": ""lookback_days"", ""type"": ""number"", ""label"": ""Lookback Days"", ""default"": ""30"", ""required"": false}]"
token.dormant_whale_reactivation,token,wallet,dormant_whale_reactivation,Dormant Whale Alerts,Holder inactivity + large moves,Detects wallets inactive over threshold with recent large transfers.,generic,"[""address:string"",""last_activity:timestamp"",""recent_amount:number"",""usdt_amount:number""]","[{""key"": ""contract_address"", ""type"": ""address"", ""label"": ""Contract Address"", ""default"": null, ""required"": true}, {""key"": ""lookback_days"", ""type"": ""number"", ""label"": ""Lookback Days"", ""default"": ""30"", ""required"": true}, {""key"": ""threshold_usd"", ""type"": ""number"", ""label"": ""Min USD Threshold"", ""default"": ""100000"", ""required"": true}]"
token.duplicate_token_stats,token,duplicates,duplicate_token_stats,Duplicate token analysis,Name/symbol copycats,"Detects duplicate tokens by name/symbol, counts instances and lifespan.",protocol:solana,"[""token_name:string"",""token_symbol:string"",""unique_tokens:number"",""first_created:string"",""last_created:string"",""time_span:number""]","[{""key"": ""lookback_days"", ""type"": ""number"", ""label"": ""Lookback Days"", ""default"": ""30"", ""required"": false}]"
token.early_buyer_pnl,token,holders,early_buyer_pnl,First buyer profitability,Dune dex_solana.trades,Calculates PNL for early buyers with first buy time.,generic,"[""trader_id:string"", ""first_buy_time:timestamp"", ""total_usd_b:number"", ""total_usd_s:number"", ""pnl:number""]","[{""key"": ""contract_address"", ""type"": ""address"", ""label"": ""Contract Address"", ""default"": null, ""required"": true}]"
token.early_buyers_ranker,token,holders,early_buyers_ranker,Early Buyers Leaderboard,dex_solana.trades,Ranks traders by first buy time and aggregates buys.,generic,"[""trader_rank:number"",""trader:string"",""time_of_first_buy:timestamp"",""amount_bought:number"",""buys_count:number""]","[{""key"": ""contract_address"", ""type"": ""address"", ""label"": ""Contract Address"", ""default"": null, ""required"": true}]"
token.early_holder_retention,token,holders,early_holder_retention,Early Buyer Retention,First 100 buyers hold,Analyzes first N buyers' initial buys and current holdings for retention.,generic,"[""address:string"",""initial_balance:number"",""current_hold:number"",""retention:boolean""]","[{""key"": ""contract_address"", ""type"": ""address"", ""label"": ""Contract Address"", ""default"": null, ""required"": true}, {""key"": ""start_slot"", ""type"": ""number"", ""label"": ""\""Start slot\"""", ""default"": null, ""required"": true}, {""key"": ""top_n"", ""type"": ""number"", ""label"": ""Top N"", ""default"": ""100"", ""required"": false}]"
token.early_low_price_accumulators,token,holders,early_low_price_accumulators,Early Whale Buyers,Dune dex.trades,Detects early buyers below price threshold by cohort.,generic,"[""wallet:string"",""total_usd:number"",""total_tokens:number"",""avg_price:number""]","[{""key"": ""contract_address"", ""type"": ""address"", ""label"": ""Contract Address"", ""default"": null, ""required"": true}, {""key"": ""price_threshold"", ""type"": ""number"", ""label"": ""Price Threshold"", ""default"": null, ""required"": true}, {""key"": ""date_range"", ""type"": ""date_range"", ""label"": ""Date Range"", ""default"": {""to"": """", ""from"": """"}, ""required"": true}]"
token.early_token_buyers,token,holders,early_token_buyers,First Token Buyers,Dune dex.trades,Identifies earliest buyers within launch window for accumulation signals.,generic,"[""wallet_address:string"", ""first_buy_time:timestamp"", ""buy_amount:number""]","[{""key"": ""contract_address"", ""type"": ""address"", ""label"": ""Contract Address"", ""default"": null, ""required"": true}, {""key"": ""lookback_days"", ""type"": ""number"", ""label"": ""Lookback Days"", ""default"": ""1"", ""required"": true}]"
token.emerging_token_stats,token,dex,emerging_token_stats,New Token Metrics,Dune dex.trades,"Summarizes trading stats for recently active tokens like traders, volume, lifespan.",generic,"[""token_symbol:string"",""unique_traders:number"",""total_trades:number"",""total_volume:number"",""first_trade:string"",""last_trade:string"",""avg_trade_size:number""]","[{""key"": ""chain"", ""type"": ""chain"", ""label"": ""Chain"", ""default"": null, ""required"": true, ""options"": [{""label"": ""Ethereum"", ""value"": ""ethereum""}, {""label"": ""Base"", ""value"": ""base""}, {""label"": ""Optimism"", ""value"": ""optimism""}, {""label"": ""Arbitrum"", ""value"": ""arbitrum""}, {""label"": ""Polygon"", ""value"": ""polygon""}, {""label"": ""BSC"", ""value"": ""bsc""}, {""label"": ""Avalanche"", ""value"": ""avalanche""}, {""label"": ""Celo"", ""value"": ""celo""}]}, {""key"": ""lookback_days"", ""type"": ""number"", ""label"": ""Lookback Days"", ""default"": ""30"", ""required"": true}, {""key"": ""min_usd"", ""type"": ""number"", ""label"": ""Min USD"", ""default"": ""10"", ""required"": false}]"
token.emerging_token_whale_detector,token,holders,emerging_token_whale_detector,Emerging Token Whales,Dune dex.trades,Detects whales accumulating emerging tokens.,generic,"[""token:string"",""whale_count:number"",""total_usd:number"",""whale_score:number""]","[{""key"": ""lookback_days"", ""type"": ""number"", ""label"": ""Lookback Days"", ""default"": ""30"", ""required"": true}, {""key"": ""min_usd"", ""type"": ""number"", ""label"": ""Min USD"", ""default"": ""1000000"", ""required"": true}, {""key"": ""threshold_usd"", ""type"": ""number"", ""label"": ""Min USD Threshold"", ""default"": ""1000"", ""required"": true}]"
token.erc20_holder_distribution,token,holders,erc20_holder_distribution,Holder Balances,ERC20 transfers,Computes current token balances across all holders with labels.,generic,"[""address:string"",""labels:string"",""balance:number""]","[{""key"": ""contract_address"", ""type"": ""address"", ""label"": ""Contract Address"", ""default"": null, ""required"": true}, {""key"": ""threshold"", ""type"": ""number"", ""label"": ""Min balance"", ""default"": ""0"", ""required"": false}, {""key"": ""decimals"", ""type"": ""number"", ""label"": ""Token decimals"", ""default"": ""18"", ""required"": false}]"
token.erc3643_investor_count,token,holders,erc3643_investor_count,Investors per Token,IdentityRegistry Join,Counts unique investors per ERC-3643 token via registry joins.,protocol:ERC3643,"[""token_address:string"",""investor_count:number"",""registry:string""]","[{""key"": ""date_range"", ""type"": ""date_range"", ""label"": ""Date Range"", ""default"": {""to"": """", ""from"": """"}, ""required"": true}]"
token.ethscription_minter_activity,token,inscription,ethscription_minter_activity,Inscription Mints,Ethereum Transactions,Extracts ERC-20 ethscription mints and transfers.,generic,"[""block_time:timestamp"",""creator:string"",""owner:string""]","[{""key"": ""chain"", ""type"": ""chain"", ""label"": ""Chain"", ""default"": ""ethereum"", ""required"": false, ""options"": [{""label"": ""Ethereum"", ""value"": ""ethereum""}, {""label"": ""Base"", ""value"": ""base""}, {""label"": ""Optimism"", ""value"": ""optimism""}, {""label"": ""Arbitrum"", ""value"": ""arbitrum""}, {""label"": ""Polygon"", ""value"": ""polygon""}, {""label"": ""BSC"", ""value"": ""bsc""}, {""label"": ""Avalanche"", ""value"": ""avalanche""}, {""label"": ""Celo"", ""value"": ""celo""}]}]"
token.first_digit_distribution,token,transfer_analysis,first_digit_distribution,Digit Distribution,ERC20 Transfers,Computes first digit distribution of transfer amounts.,generic,"[""first_digit:string"",""cnt:number""]","[{""key"": ""contract_address"", ""type"": ""address"", ""label"": ""Contract Address"", ""default"": null, ""required"": true}, {""key"": ""date_from"", ""type"": ""date"", ""label"": ""Start Date"", ""default"": null, ""required"": false}]"
token.first_hour_buyers,token,holders,first_hour_buyers,Early buyer volume,DEX trades,Ranks top buyers by volume in first hours post-launch.,generic,"[""taker:string"",""total_purchased:number""]","[{""key"": ""token_symbol"", ""type"": ""text"", ""label"": ""Token Symbol"", ""default"": null, ""required"": true}, {""key"": ""hours"", ""type"": ""number"", ""label"": ""Hours after launch"", ""default"": ""24"", ""required"": false}]"
token.first_time_erc20_recipients,token,holders,first_time_erc20_recipients,New Recipients,Dune Query 5455903,Counts addresses receiving any ERC20 first time.,generic,"[""first_date:date"", ""new_recipient_count:number""]","[{""key"": ""date_to"", ""type"": ""date"", ""label"": ""End Date"", ""default"": null, ""required"": true}]"
token.frequent_trading_pairs,token,wallet,frequent_trading_pairs,High Frequency Pairs,Potential Wash Trading,Detects address pairs with frequent high-value transfers.,generic,"[""sender:string"",""receiver:string"",""tx_count:number"",""total_value:number""]","[{""key"": ""contract_address"", ""type"": ""address"", ""label"": ""Contract Address"", ""default"": null, ""required"": true}, {""key"": ""min_tx_count"", ""type"": ""number"", ""label"": ""Min Transactions"", ""default"": ""10"", ""required"": false}, {""key"": ""min_usd"", ""type"": ""number"", ""label"": ""Min USD"", ""default"": null, ""required"": false}]"
token.hodl_amount_calculator,token,holders,hodl_amount_calculator,Holder Balances,Token transfers,Calculates net hodl amounts excluding liquidity.,generic,"[""sender:string"", ""recipient:string"", ""value:number"", ""utc_time:timestamp""]","[{""key"": ""contract_address"", ""type"": ""address"", ""label"": ""Contract Address"", ""default"": null, ""required"": true}]"
token.hodl_wave_distribution,token,holders,hodl_wave_distribution,Holder Age Distribution,Ethereum Transactions,Estimates HODL waves from sampled recent active holders.,generic,"[""address:string"",""first_tx:string"",""last_tx:string"",""age_days:number""]","[{""key"": ""sample_size"", ""type"": ""number"", ""label"": ""Sample Size"", ""default"": ""1000"", ""required"": false}, {""key"": ""lookback_days"", ""type"": ""number"", ""label"": ""Lookback Days"", ""default"": ""7"", ""required"": false}]"
token.holder_amount_distribution,token,holders,holder_amount_distribution,Percentile balances,ERC20 transfers,Computes holder balance percentiles revealing distribution.,generic,"[""p20:number"",""p40:number"",""p60:number"",""p80:number""]","[{""key"": ""contract_address"", ""type"": ""address"", ""label"": ""Contract Address"", ""default"": null, ""required"": true}, {""key"": ""staking_contract"", ""type"": ""address"", ""label"": ""Staking contract"", ""default"": null, ""required"": false}]"
token.holder_balance_buckets,token,holders,holder_balance_buckets,Balance Tier Counts,Dune query 1979430,Classifies holders into balance tiers revealing distribution.,generic,"[""tier:string"",""holder_count:number""]","[{""key"": ""contract_address"", ""type"": ""address"", ""label"": ""Contract Address"", ""default"": null, ""required"": true}]"
token.holder_balance_timeseries,token,holders,holder_balance_timeseries,Daily Holder Balances,Running wallet balances,Computes cumulative daily balances across all holders.,generic,"[""day:date"",""address:string"",""balance:number""]","[{""key"": ""contract_address"", ""type"": ""address"", ""label"": ""Contract Address"", ""default"": null, ""required"": true}, {""key"": ""date_from"", ""type"": ""date"", ""label"": ""Start Date"", ""default"": null, ""required"": true}]"
token.holder_cohort_analysis,token,holders,holder_cohort_analysis,Holder Cohorts,ERC20 Transfers,Classifies new vs repeat wallets weekly.,generic,"[""week:date"", ""new_wallets:number"", ""repeat_wallets:number"", ""total_wallets:number""]","[{""key"": ""contract_addresses"", ""type"": ""address[]"", ""label"": ""Token Addresses"", ""default"": [], ""required"": true}]"
token.holder_composition_studies,token,holders,holder_composition_studies,LP/aToken composition,Multi-period acted flag,Analyzes holder composition across studies/windows with activity flags.,generic,"[""study:string"",""acted_flag:boolean"",""holder_pct:number""]","[{""key"": ""date_range"", ""type"": ""date_range"", ""label"": ""Date Range"", ""default"": {""to"": """", ""from"": """"}, ""required"": true}]"
token.holder_count_over_time,token,holders,holder_count_over_time,Unique Holders Trend,ERC20 Transfers,Computes daily unique holders with cumulative total and change.,generic,"[""day:date"", ""unique_holders:number"", ""daily_change:number""]","[{""key"": ""lookback_days"", ""type"": ""number"", ""label"": ""Lookback Days"", ""default"": ""30"", ""required"": false}]"
token.holder_count_timeseries,token,holders,holder_count_timeseries,Holder Count Over Time,ERC20 transfers,Computes daily unique holders with positive balance.,generic,"[""day:date"", ""holder_count:number""]","[{""key"": ""contract_address"", ""type"": ""address"", ""label"": ""Contract Address"", ""default"": null, ""required"": true}, {""key"": ""date_range"", ""type"": ""date_range"", ""label"": ""Date Range"", ""default"": {""to"": """", ""from"": """"}, ""required"": true}]"
token.holder_distribution_by_label,token,holders,holder_distribution_by_label,Labeled Holder Breakdown,ERC20 Transfers + Labels,Aggregates top holder balances by entity labels.,generic,"[""label:string"",""balance:number"",""pct:number""]","[{""key"": ""contract_address"", ""type"": ""address"", ""label"": ""Contract Address"", ""default"": null, ""required"": true}, {""key"": ""top_n"", ""type"": ""number"", ""label"": ""Top N"", ""default"": ""200"", ""required"": false}, {""key"": ""decimals"", ""type"": ""number"", ""label"": ""Token Decimals"", ""default"": null, ""required"": true}]"
token.holder_dormancy_analyzer,token,holders,holder_dormancy_analyzer,Dormancy Metrics,Transfer events,Classifies holders by first/last activity timestamps.,generic,"[""holder:string"",""days_since_first:number"",""days_since_last:number"",""is_dormant:boolean""]","[{""key"": ""contract_address"", ""type"": ""address"", ""label"": ""Contract Address"", ""default"": null, ""required"": true}, {""key"": ""lookback_days"", ""type"": ""number"", ""label"": ""Lookback Days"", ""default"": ""365"", ""required"": false}]"
token.holder_dynamics_over_time,token,holders,holder_dynamics_over_time,Holder count evolution,ERC20 transfer events,Tracks daily holder count evolution.,generic,"[""date:date"", ""holder_count:number""]","[{""key"": ""contract_address"", ""type"": ""address"", ""label"": ""Contract Address"", ""default"": null, ""required"": true}, {""key"": ""date_from"", ""type"": ""date"", ""label"": ""Start Date"", ""default"": null, ""required"": false}]"
token.holder_first_seen_cohort,token,holders,holder_first_seen_cohort,First Interaction Day,Dune query 5816897,Identifies first appearance day per holder for cohort retention.,generic,"[""address:string"",""first_seen_day:date""]","[{""key"": ""contract_address"", ""type"": ""address"", ""label"": ""Contract Address"", ""default"": null, ""required"": true}]"
token.holder_growth_rates,token,holders,holder_growth_rates,Growth Metrics,ERC20 Transfers,Computes holder growth rates over 30/60/90-day periods.,generic,"[""day:date"",""holders:number"",""growth_30d:number"",""growth_60d:number"",""growth_90d:number""]","[{""key"": ""contract_address"", ""type"": ""address"", ""label"": ""Contract Address"", ""default"": null, ""required"": true}, {""key"": ""decimals"", ""type"": ""number"", ""label"": ""Token Decimals"", ""default"": ""18"", ""required"": true}, {""key"": ""lookback_days"", ""type"": ""number"", ""label"": ""Lookback Days"", ""default"": ""365"", ""required"": false}]"
token.holder_growth_timeseries,token,holders,holder_growth_timeseries,Holder Count Trend,ERC20 transfers,Tracks daily unique holders with positive balance.,generic,"[""day:date"", ""holders:number""]","[{""key"": ""contract_address"", ""type"": ""address"", ""label"": ""Contract Address"", ""default"": null, ""required"": true}, {""key"": ""lookback_days"", ""type"": ""number"", ""label"": ""Lookback Days"", ""default"": ""30"", ""required"": false}]"
token.holder_growth_tracker,token,holders,holder_growth_tracker,Holders growth 90d,ERC20 transfer events,Tracks daily unique holders with growth metrics.,generic,"[""day:date"", ""holders:number"", ""growth_rate:number""]","[{""key"": ""contract_address"", ""type"": ""address"", ""label"": ""Contract Address"", ""default"": null, ""required"": true}]"
token.holder_overlap_detector,token,holders,holder_overlap_detector,Overlapping Token Holders,tokens_solana.transfers,Identifies wallets receiving multiple specified tokens before cutoff.,generic,"[""wallet:string"",""overlapping_tokens:number"",""first_interaction:date""]","[{""key"": ""contract_address"", ""type"": ""address"", ""label"": ""Contract Address"", ""default"": null, ""required"": true}, {""key"": ""date_to"", ""type"": ""date"", ""label"": ""End Date"", ""default"": null, ""required"": true}]"
token.holder_quantile_distribution,token,holders,holder_quantile_distribution,Holder Distribution,solana.account_activity,Classifies token holders into balance quantiles revealing whale concentration.,generic,"[""quantile_bucket:string"",""holder_count:number"",""total_held:number""]","[{""key"": ""contract_address"", ""type"": ""address"", ""label"": ""Contract Address"", ""default"": null, ""required"": true}]"
token.holder_retention_cohort,token,holders,holder_retention_cohort,Holders >30 Days,First trade to retention check,Classifies holders by retention beyond threshold days.,generic,"[""wallet:string"",""first_trade:date"",""retained:boolean"",""hold_days:number""]","[{""key"": ""contract_address"", ""type"": ""address"", ""label"": ""Contract Address"", ""default"": null, ""required"": true}, {""key"": ""chain"", ""type"": ""chain"", ""label"": ""Chain"", ""default"": null, ""required"": true, ""options"": [{""label"": ""Ethereum"", ""value"": ""ethereum""}, {""label"": ""Base"", ""value"": ""base""}, {""label"": ""Optimism"", ""value"": ""optimism""}, {""label"": ""Arbitrum"", ""value"": ""arbitrum""}, {""label"": ""Polygon"", ""value"": ""polygon""}, {""label"": ""BSC"", ""value"": ""bsc""}, {""label"": ""Avalanche"", ""value"": ""avalanche""}, {""label"": ""Celo"", ""value"": ""celo""}]}, {""key"": ""threshold_days"", ""type"": ""number"", ""label"": ""Retention Days"", ""default"": ""30"", ""required"": false}]"
token.holder_tier_distribution,token,holders,holder_tier_distribution,Holders by balance tiers,Cumulative LP deposits,Distributes holders into balance tiers revealing concentration.,generic,"[""tier:string"",""wallet_count:number"",""total_holdings:number""]","[{""key"": ""contract_address"", ""type"": ""address"", ""label"": ""Contract Address"", ""default"": null, ""required"": true}, {""key"": ""min_holdings"", ""type"": ""number"", ""label"": ""Min Holdings"", ""default"": ""100"", ""required"": false}]"
token.holder_timeseries,token,holders,holder_timeseries,Holder growth,ERC20 transfers,Tracks daily unique holders with net positive balance.,generic,"[""day:date"", ""unique_wallets:number"", ""daily_change:number"", ""cumulative_holders:number""]","[{""key"": ""lookback_days"", ""type"": ""number"", ""label"": ""Lookback Days"", ""default"": ""30"", ""required"": false}]"
token.holder_token_buy_ratio,token,holders,holder_token_buy_ratio,Holder Buy Preference Ratio,Dune dex.trades,Ranks top holders by target token buy volume ratio vs total buys.,generic,"[""holder:string"",""token_buy_ratio:number"",""total_buy_usd:number""]","[{""key"": ""contract_address"", ""type"": ""address"", ""label"": ""Contract Address"", ""default"": null, ""required"": true}, {""key"": ""lookback_days"", ""type"": ""number"", ""label"": ""Lookback Days"", ""default"": ""30"", ""required"": true}, {""key"": ""chain"", ""type"": ""chain"", ""label"": ""Chain"", ""default"": ""ethereum"", ""required"": false, ""options"": [{""label"": ""Ethereum"", ""value"": ""ethereum""}, {""label"": ""Base"", ""value"": ""base""}, {""label"": ""Optimism"", ""value"": ""optimism""}, {""label"": ""Arbitrum"", ""value"": ""arbitrum""}, {""label"": ""Polygon"", ""value"": ""polygon""}, {""label"": ""BSC"", ""value"": ""bsc""}, {""label"": ""Avalanche"", ""value"": ""avalanche""}, {""label"": ""Celo"", ""value"": ""celo""}]}, {""key"": ""top_n"", ""type"": ""number"", ""label"": ""Top N"", ""default"": ""30"", ""required"": false}]"
token.hourly_top_traders,token,wallet,hourly_top_traders,Hourly Top Traders,dex_solana.trades,Ranks traders by volume per hour for given token.,generic,"[""hour:timestamp"", ""trader:string"", ""volume:number"", ""rank:number""]","[{""key"": ""contract_address"", ""type"": ""address"", ""label"": ""Contract Address"", ""default"": null, ""required"": true}, {""key"": ""top_n"", ""type"": ""number"", ""label"": ""Top N"", ""default"": ""5"", ""required"": false}, {""key"": ""date_from"", ""type"": ""date"", ""label"": ""Start Date"", ""default"": null, ""required"": false}]"
token.inscription_holder_ranker,token,holders,inscription_holder_ranker,holder distribution,bnb inscriptions,Ranks wallets by inscription mint count and total amount for BSC-20 tick.,generic,"[""rank:number"",""wallet:string"",""inscriptions:number"",""total_amount:number""]","[{""key"": ""tick"", ""type"": ""text"", ""label"": ""\""BSC-20 Tick\"""", ""default"": null, ""required"": true}, {""key"": ""chain"", ""type"": ""chain"", ""label"": ""Chain"", ""default"": ""bsc"", ""required"": false, ""options"": [{""label"": ""Ethereum"", ""value"": ""ethereum""}, {""label"": ""Base"", ""value"": ""base""}, {""label"": ""Optimism"", ""value"": ""optimism""}, {""label"": ""Arbitrum"", ""value"": ""arbitrum""}, {""label"": ""Polygon"", ""value"": ""polygon""}, {""label"": ""BSC"", ""value"": ""bsc""}, {""label"": ""Avalanche"", ""value"": ""avalanche""}, {""label"": ""Celo"", ""value"": ""celo""}]}, {""key"": ""amt"", ""type"": ""number"", ""label"": ""\""Mint Amount\"""", ""default"": ""1000"", ""required"": false}, {""key"": ""min_date"", ""type"": ""date"", ""label"": ""\""From Date\"""", ""default"": null, ""required"": false}]"
token.inscription_holder_ranking,token,holders,inscription_holder_ranking,PRC-20 holder distribution,Inscription mint parser,Ranks wallets by inscription mint count and total amount.,generic,"[""rank:number"",""wallet_address:string"",""mint_count:number"",""total_amount:number""]","[{""key"": ""data_filter"", ""type"": ""text"", ""label"": ""Mint Data Filter"", ""default"": null, ""required"": true}, {""key"": ""amt"", ""type"": ""number"", ""label"": ""Amount per Mint"", ""default"": ""100"", ""required"": false}, {""key"": ""chain"", ""type"": ""chain"", ""label"": ""Chain"", ""default"": ""polygon"", ""required"": false, ""options"": [{""label"": ""Ethereum"", ""value"": ""ethereum""}, {""label"": ""Base"", ""value"": ""base""}, {""label"": ""Optimism"", ""value"": ""optimism""}, {""label"": ""Arbitrum"", ""value"": ""arbitrum""}, {""label"": ""Polygon"", ""value"": ""polygon""}, {""label"": ""BSC"", ""value"": ""bsc""}, {""label"": ""Avalanche"", ""value"": ""avalanche""}, {""label"": ""Celo"", ""value"": ""celo""}]}]"
token.investor_flow_cohorts,token,holders,investor_flow_cohorts,Inflow by size cohort,ERC20 daily inflows,Aggregates daily inflows by investor size cohorts (whale/retail/small).,generic,"[""date:date"", ""cohort:string"", ""tx_count:number"", ""total_inflow:number""]","[{""key"": ""contract_address"", ""type"": ""address"", ""label"": ""Contract Address"", ""default"": null, ""required"": true}, {""key"": ""to_address"", ""type"": ""address"", ""label"": ""Recipient address"", ""default"": null, ""required"": true}, {""key"": ""date_from"", ""type"": ""date"", ""label"": ""Start Date"", ""default"": null, ""required"": false}]"
token.large_holders_evolution,token,holders,large_holders_evolution,Whale Balances,Dune Query 4103717,Tracks large holder balances daily.,generic,"[""date:date"", ""holder_address:string"", ""balance:number""]","[{""key"": ""contract_address"", ""type"": ""address"", ""label"": ""Contract Address"", ""default"": null, ""required"": true}, {""key"": ""min_balance"", ""type"": ""number"", ""label"": ""Min Balance"", ""default"": ""1000"", ""required"": true}, {""key"": ""date_from"", ""type"": ""date"", ""label"": ""Start Date"", ""default"": null, ""required"": true}]"
token.launch_dominance_daily,token,launchpad,launch_dominance_daily,Pump.fun vs others share,Mint action transfers,Compares daily token launches by pump.fun vs other platforms using approx distinct.,generic,"[""date:date"", ""pumpfun_launches:number"", ""other_launches:number"", ""pump_share:number""]","[{""key"": ""days_lookback"", ""type"": ""number"", ""label"": ""Days back"", ""default"": ""30"", ""required"": true}]"
token.launched_token_volume,token,launchpad,launched_token_volume,Token Launch Volumes,Virtuals Protocol Logs,Tracks daily trading volume for recently launched tokens post-graduation.,protocol:virtuals,"[""day:date"", ""token_address:string"", ""volume:number"", ""launch_time:timestamp""]","[{""key"": ""date_from"", ""type"": ""date"", ""label"": ""Start Date"", ""default"": null, ""required"": true}, {""key"": ""protocol"", ""type"": ""text"", ""label"": ""Protocol"", ""default"": ""virtuals"", ""required"": false}, {""key"": ""top_n"", ""type"": ""number"", ""label"": ""Top N"", ""default"": ""10"", ""required"": false}]"
token.launchpad_daily_graduates,token,launchpad,launchpad_daily_graduates,Daily Token Graduates,Solana memecoin launchpads,Counts distinct tokens graduated daily by launchpad protocol.,generic,"[""day:date"", ""graduates:number"", ""protocol:string""]","[{""key"": ""protocol"", ""type"": ""text"", ""label"": ""Protocol"", ""default"": null, ""required"": true}, {""key"": ""date_range"", ""type"": ""date_range"", ""label"": ""Date Range"", ""default"": {""to"": """", ""from"": """"}, ""required"": false}]"
token.launchpad_daily_launches,token,launchpad,launchpad_daily_launches,Daily Tokens Launched,tokens_solana.transfers,Counts tokens launched daily by launchpad protocol.,protocol:launchpad,"[""date:date"", ""tokens_launched:number"", ""cumulative_launched:number""]","[{""key"": ""protocol"", ""type"": ""text"", ""label"": ""Protocol"", ""default"": null, ""required"": true}, {""key"": ""date_from"", ""type"": ""date"", ""label"": ""Start Date"", ""default"": null, ""required"": false}, {""key"": ""lookback_days"", ""type"": ""number"", ""label"": ""Lookback Days"", ""default"": ""30"", ""required"": false}]"
token.launchpad_daily_launches_graduates,token,lp,launchpad_daily_launches_graduates,Launches & Graduates,Dune tokens_solana.transfers,Counts daily new tokens launched and graduated (burned) on launchpad.,protocol:raydium,"[""block_date:date"", ""tokens_created:number"", ""graduates:number""]","[{""key"": ""outer_executing_account"", ""type"": ""address"", ""label"": ""Launchpad Program"", ""default"": null, ""required"": true}, {""key"": ""lookback_days"", ""type"": ""number"", ""label"": ""Lookback Days"", ""default"": ""30"", ""required"": false}]"
token.launchpad_graduates_pool_type,token,launchpad,launchpad_graduates_pool_type,Graduates by Pool,launchlab migrations,Classifies graduated tokens by pool type (CPMM/CLMM) with token extraction.,protocol:launchlab,"[""day:date"", ""token_address:string"", ""pool_type:string"", ""graduate_count:number""]","[{""key"": ""lookback_days"", ""type"": ""number"", ""label"": ""Lookback Days"", ""default"": ""7"", ""required"": true}]"
token.launchpad_graduation_rate,token,launchpad,launchpad_graduation_rate,Daily Launches vs Graduates,tokens_solana.transfers,Tracks daily tokens launched vs graduated (burn/migrate) on launchpads.,protocol:pumpfun,"[""date:date"",""launched:number"",""graduated:number"",""graduation_rate:number""]","[{""key"": ""protocol"", ""type"": ""text"", ""label"": ""Protocol"", ""default"": ""pumpfun"", ""required"": true}, {""key"": ""lookback_days"", ""type"": ""number"", ""label"": ""Lookback Days"", ""default"": ""30"", ""required"": false}]"
token.launchpad_graduation_rates,token,launchpad,launchpad_graduation_rates,Daily graduated tokens,solana.instruction_calls,Counts daily graduated tokens across launchpads like pump.fun and moonshot.,generic,"[""create_day:date"",""grads_count:number"",""launchpad:string""]","[{""key"": ""protocol"", ""type"": ""text"", ""label"": ""Protocol"", ""default"": ""pumpfun"", ""required"": false}, {""key"": ""lookback_days"", ""type"": ""number"", ""label"": ""Lookback Days"", ""default"": ""7"", ""required"": true}]"
token.launchpad_market_share,token,launchpad,launchpad_market_share,Platform Token Share,Pump vs others,Compares daily token launches across platforms like pump.fun vs total.,generic,"[""date:date"", ""pump_tokens:number"", ""total_tokens:number"", ""pump_share:number""]","[{""key"": ""date_range"", ""type"": ""date_range"", ""label"": ""Date Range"", ""default"": {""to"": """", ""from"": """"}, ""required"": true}]"
token.launchpad_user_cohorts,token,launchpad,launchpad_user_cohorts,New vs Returning Creators,tokens_solana.transfers,"Computes daily new, active, cumulative creators on launchpads like pump.fun.",protocol:pumpfun,"[""date:date"",""new_users:number"",""active_users:number"",""cumulative_users:number""]","[{""key"": ""protocol"", ""type"": ""text"", ""label"": ""Protocol"", ""default"": ""pumpfun"", ""required"": true}, {""key"": ""date_from"", ""type"": ""date"", ""label"": ""Start Date"", ""default"": null, ""required"": false}]"
token.launchpad_user_growth,token,launchpad,launchpad_user_growth,New vs Returning Users,tokens_solana.transfers,Tracks daily new and returning users on launchpads.,protocol:launchpad,"[""date:date"", ""new_users:number"", ""total_users:number"", ""cumulative_users:number""]","[{""key"": ""protocol"", ""type"": ""text"", ""label"": ""Protocol"", ""default"": null, ""required"": true}, {""key"": ""date_from"", ""type"": ""date"", ""label"": ""Start Date"", ""default"": null, ""required"": false}]"
token.locked_stakers_weekly_change,token,holders,locked_stakers_weekly_change,Locked Stakers Growth,Radiant Holders Query,Weekly count of locked RDNT stakers with % change.,protocol:radiant,"[""week:date"", ""locked_holders:number"", ""pct_change:number""]","[{""key"": ""lookback_days"", ""type"": ""number"", ""label"": ""Lookback Days"", ""default"": ""30"", ""required"": false}]"
token.locked_supply_over_time,token,holders,locked_supply_over_time,Cumulative Locked Supply,ERC20 Transfers + Fill,Computes locked token supply with cumulative total over time.,generic,"[""date:date"", ""locked:number"", ""total_locked:number""]","[{""key"": ""contract_address"", ""type"": ""address"", ""label"": ""Contract Address"", ""default"": null, ""required"": true}, {""key"": ""locker_address"", ""type"": ""address"", ""label"": ""Locker Address"", ""default"": null, ""required"": true}, {""key"": ""lookback_days"", ""type"": ""number"", ""label"": ""Lookback Days"", ""default"": ""365"", ""required"": false}]"
token.locked_supply_pct,token,supply,locked_supply_pct,Locked Circulating Supply,PLS Supply Metrics,Computes percentage of circulating supply locked in vault.,protocol:pls,"[""circulating_supply:number"",""locked_supply:number"",""pct_locked:number""]","[{""key"": ""lookback_days"", ""type"": ""number"", ""label"": ""Lookback Days"", ""default"": ""30"", ""required"": false}]"
token.median_stake_per_depositor,token,holders,median_stake_per_depositor,Median Stake Amount,Post-Merge Stakers,Computes median ETH staked per unique depositor.,protocol:Beacon,"[""median:number""]","[{""key"": ""date_from"", ""type"": ""date"", ""label"": ""Start Date"", ""default"": ""2022-09-15"", ""required"": true}]"
token.meme_wallet_trade_classifier,token,wallet,meme_wallet_trade_classifier,Meme Trader Patterns,Buy/sell classification,Classifies wallet trades for meme coins with totals.,generic,"[""wallet_address:string"",""total_trades:number"",""buy_trades:number"",""sell_trades:number""]","[{""key"": ""token_symbols"", ""type"": ""text"", ""label"": ""Meme Tokens"", ""default"": ""SHIB,PEPE,DOGE"", ""required"": true}, {""key"": ""lookback_days"", ""type"": ""number"", ""label"": ""Lookback Days"", ""default"": ""30"", ""required"": true}]"
token.metadata_program_usage,token,metadata,metadata_program_usage,Program usage stats,Token metadata programs,Summarizes token counts and date ranges by metadata program.,protocol:solana,"[""metadata_program:string"", ""inception_date:date"", ""last_used_date:date"", ""token_count:number""]","[{""key"": ""lookback_days"", ""type"": ""number"", ""label"": ""Lookback Days"", ""default"": ""30"", ""required"": false}]"
token.microcap_token_finder,token,holders,microcap_token_finder,Est market caps,Dune dex_solana.trades,Identifies recent microcap tokens with volume-based market cap estimates.,generic,"[""token:string"",""mint:string"",""total_volume_usd:number"",""est_market_cap:number""]","[{""key"": ""days_back"", ""type"": ""number"", ""label"": ""Lookback days"", ""default"": ""1"", ""required"": false}, {""key"": ""min_volume_usd"", ""type"": ""number"", ""label"": ""Min volume"", ""default"": ""10"", ""required"": false}]"
token.monthly_cohort_holders,token,holders,monthly_cohort_holders,Holders by first-seen month,Cumulative cohort retention,Cohorts holders by first interaction month with cumulative counts.,generic,"[""month:date"", ""cohort_count:number"", ""cumulative_holders:number""]","[{""key"": ""contract_address"", ""type"": ""address"", ""label"": ""Contract Address"", ""default"": null, ""required"": true}]"
token.monthly_new_returning_users,token,wallet,monthly_new_returning_users,New vs Returning,Dune tokens_solana.transfers,"Computes monthly total, new, and returning users interacting with token.",generic,"[""month:date"", ""total_users:number"", ""new_users:number""]","[{""key"": ""contract_address"", ""type"": ""address"", ""label"": ""Contract Address"", ""default"": null, ""required"": true}]"
token.monthly_nonzero_holders,token,holders,monthly_nonzero_holders,Holder Growth Trend,ETH balance snapshots,Computes monthly count of addresses holding positive ETH balance from tx flows.,generic,"[""date:date"", ""non_zero_addresses:number""]","[{""key"": ""min_eth"", ""type"": ""number"", ""label"": ""Min Balance"", ""default"": ""0.001"", ""required"": false}]"
token.multi_launch_dev_detector,token,identity,multi_launch_dev_detector,Multi-Launch Devs,Dune tokens_solana.transfers,Detects developers launching multiple tokens on launchpads using latest N per dev.,generic,"[""dev_wallet:string"",""token_count:number"",""bot_score:number""]","[{""key"": ""outer_executing_account"", ""type"": ""address"", ""label"": ""Launchpad Program"", ""default"": null, ""required"": true}, {""key"": ""top_n"", ""type"": ""number"", ""label"": ""Top N"", ""default"": ""3"", ""required"": false}, {""key"": ""lookback_days"", ""type"": ""number"", ""label"": ""Lookback Days"", ""default"": ""30"", ""required"": false}]"
token.multi_token_buyer_overlap,token,holders,multi_token_buyer_overlap,Overlapping Buyers,dex.trades multi-CTE,Finds wallets buying multiple specified tokens above USD thresholds.,generic,"[""wallet:string"",""token1_usd:number"",""token2_usd:number"",""overlap_usd:number""]","[{""key"": ""contract_address"", ""type"": ""address"", ""label"": ""Contract Address"", ""default"": null, ""required"": true}, {""key"": ""min_usd"", ""type"": ""number"", ""label"": ""Min USD"", ""default"": ""10000"", ""required"": true}, {""key"": ""date_range"", ""type"": ""date_range"", ""label"": ""Date Range"", ""default"": {""to"": """", ""from"": """"}, ""required"": true}]"
token.multi_token_common_buyers,token,holders,multi_token_common_buyers,Common buyers across tokens,Dune dex_solana.trades,Identifies wallets buying all specified tokens.,generic,"[""trader_id:string""]","[{""key"": ""token1_address"", ""type"": ""address"", ""label"": ""First token"", ""default"": null, ""required"": true}, {""key"": ""token2_address"", ""type"": ""address"", ""label"": ""Second token"", ""default"": null, ""required"": false}, {""key"": ""token3_address"", ""type"": ""address"", ""label"": ""Third token"", ""default"": null, ""required"": false}]"
token.multi_token_holder_overlap,token,holders,multi_token_holder_overlap,Overlapping holders,ERC20 transfer events,Finds addresses holding multiple specified tokens.,generic,"[""holder:string"",""token_count:number""]","[{""key"": ""token1_address"", ""type"": ""address"", ""label"": ""Token 1"", ""default"": null, ""required"": true}, {""key"": ""token2_address"", ""type"": ""address"", ""label"": ""Token 2"", ""default"": null, ""required"": true}, {""key"": ""token3_address"", ""type"": ""address"", ""label"": ""Token 3"", ""default"": null, ""required"": false}, {""key"": ""token4_address"", ""type"": ""address"", ""label"": ""Token 4"", ""default"": null, ""required"": false}]"
token.multi_token_trader_overlap,token,wallet,multi_token_trader_overlap,Overlapping Traders,Dune dex_solana.trades,Identifies wallets trading multiple tokens in periods.,generic,"[""trader_id:string"",""total_bought_token1:number"",""total_bought_token2:number""]","[{""key"": ""token_address_1"", ""type"": ""address"", ""label"": ""Token 1 Address"", ""default"": null, ""required"": true}, {""key"": ""token_address_2"", ""type"": ""address"", ""label"": ""Token 2 Address"", ""default"": null, ""required"": true}, {""key"": ""date_range"", ""type"": ""date_range"", ""label"": ""Date Range"", ""default"": {""to"": """", ""from"": """"}, ""required"": true}]"
token.multi_token_whale_overlap,token,holders,multi_token_whale_overlap,Overlapping Whale Buyers,Dune dex.trades multi-CTE,Identifies wallets accumulating multiple specified tokens (whale overlap).,generic,"[""wallet:string"",""tokens_bought:string"",""total_usd:number"",""overlap_score:number""]","[{""key"": ""contract_address"", ""type"": ""address"", ""label"": ""Contract Address"", ""default"": null, ""required"": true}, {""key"": ""min_usd"", ""type"": ""number"", ""label"": ""Min USD"", ""default"": ""10000"", ""required"": true}, {""key"": ""date_to"", ""type"": ""date"", ""label"": ""End Date"", ""default"": null, ""required"": false}]"
token.narrative_monthly_returns,token,price,narrative_monthly_returns,Narrative Returns,prices.usd,"Calculates monthly returns for token groups like memes, AI.",generic,"[""symbol:string"", ""month:date"", ""return:number""]","[{""key"": ""symbols_list"", ""type"": ""text"", ""label"": ""Symbols List"", ""default"": null, ""required"": true}]"
token.narrative_weekly_performance,token,price,narrative_weekly_performance,Weekly Basket Returns,Dune prices.usd,Tracks weekly price returns for predefined token narratives like real yield or L2.,protocol:prices.usd,"[""week:date"", ""symbol:string"", ""price_initial:number"", ""price_end:number"", ""return_pct:number""]","[{""key"": ""narrative"", ""type"": ""text"", ""label"": ""Narrative"", ""default"": ""real_yield"", ""required"": true}, {""key"": ""chain"", ""type"": ""chain"", ""label"": ""Chain"", ""default"": ""ethereum"", ""required"": false, ""options"": [{""label"": ""Ethereum"", ""value"": ""ethereum""}, {""label"": ""Base"", ""value"": ""base""}, {""label"": ""Optimism"", ""value"": ""optimism""}, {""label"": ""Arbitrum"", ""value"": ""arbitrum""}, {""label"": ""Polygon"", ""value"": ""polygon""}, {""label"": ""BSC"", ""value"": ""bsc""}, {""label"": ""Avalanche"", ""value"": ""avalanche""}, {""label"": ""Celo"", ""value"": ""celo""}]}]"
token.net_holder_accumulation,token,holders,net_holder_accumulation,Net Positive Holders,Wallet net holdings trends,Computes net token holdings for wallets over time.,generic,"[""series_date:date"", ""net_holding:number""]","[{""key"": ""pool_address"", ""type"": ""address"", ""label"": ""Pool Address"", ""default"": null, ""required"": true}, {""key"": ""token_symbol"", ""type"": ""text"", ""label"": ""Token Symbol"", ""default"": ""SDL"", ""required"": true}, {""key"": ""date_from"", ""type"": ""date"", ""label"": ""Start Date"", ""default"": ""2022-12-05"", ""required"": true}]"
token.net_token_buyers,token,holders,net_token_buyers,Net Token Buyers,dex_solana.trades,Finds wallets that bought but never sold token in period.,generic,"[""wallet:string"",""total_buy_usd:number"",""buy_count:number""]","[{""key"": ""contract_address"", ""type"": ""address"", ""label"": ""Contract Address"", ""default"": null, ""required"": true}, {""key"": ""date_range"", ""type"": ""date_range"", ""label"": ""Date Range"", ""default"": {""to"": """", ""from"": """"}, ""required"": true}, {""key"": ""min_usd"", ""type"": ""number"", ""label"": ""Min USD"", ""default"": ""100"", ""required"": false}]"
token.network_health_metrics,token,network,network_health_metrics,Daily Activity Metrics,ERC20 Transfers,"Calculates daily transfers, unique addresses, volume, average size.",generic,"[""day:date"",""transfers:number"",""unique_senders:number"",""unique_receivers:number"",""total_unique:number"",""volume:number"",""avg_size:number""]","[{""key"": ""contract_address"", ""type"": ""address"", ""label"": ""Contract Address"", ""default"": null, ""required"": true}, {""key"": ""date_from"", ""type"": ""date"", ""label"": ""Start Date"", ""default"": null, ""required"": false}]"
token.never_sold_cohort,token,holders,never_sold_cohort,Retention Cohorts,No-outflow filter,Classifies holders into never-sold vs sellers with balance thresholds.,generic,"[""cohort:string"",""wallet_count:number"",""avg_balance:number"",""total_value:number""]","[{""key"": ""contract_address"", ""type"": ""address"", ""label"": ""Contract Address"", ""default"": null, ""required"": true}, {""key"": ""min_usd"", ""type"": ""number"", ""label"": ""Min USD"", ""default"": ""10"", ""required"": false}]"
token.new_holder_cohort,token,holders,new_holder_cohort,First Activity Cohort,Min tx timestamp grouping,Identifies new holders by first interaction date.,generic,"[""cohort_date:date"",""new_holders:number"",""cumulative_users:number""]","[{""key"": ""contract_address"", ""type"": ""address"", ""label"": ""Contract Address"", ""default"": null, ""required"": true}, {""key"": ""date_to"", ""type"": ""date"", ""label"": ""End Date"", ""default"": null, ""required"": false}]"
token.new_returning_token_traders,token,holders,new_returning_token_traders,Daily New/Returning Traders,dex_solana.trades CTEs,Classifies daily traders as new or returning based on first trade date.,generic,"[""day:date"", ""new:number"", ""returning:number"", ""total:number""]","[{""key"": ""contract_address"", ""type"": ""address"", ""label"": ""Contract Address"", ""default"": null, ""required"": true}, {""key"": ""date_range"", ""type"": ""date_range"", ""label"": ""Date Range"", ""default"": {""to"": """", ""from"": ""\""NOW() - INTERVAL '30' DAY\""""}, ""required"": false}]"
token.new_token_holder_distribution,token,holders,new_token_holder_distribution,New Token Metrics,Launch holder stats,Counts holders and supply for newly launched tokens.,generic,"[""token_address:string"",""holder_count:number"",""initial_supply:number""]","[{""key"": ""lookback_days"", ""type"": ""number"", ""label"": ""Lookback Days"", ""default"": ""30"", ""required"": false}]"
token.new_token_volume_radar,token,dex,new_token_volume_radar,New Token Radar,dex.trades first-trade,Detects and ranks new tokens by first-trade volume in lookback period.,generic,"[""token_address:string"",""first_seen:string"",""volume:number"",""rank:number""]","[{""key"": ""lookback_days"", ""type"": ""number"", ""label"": ""Lookback Days"", ""default"": ""7"", ""required"": true}, {""key"": ""min_usd"", ""type"": ""number"", ""label"": ""Min USD"", ""default"": ""100000"", ""required"": true}]"
token.new_token_volume_spike_detector,token,dex,new_token_volume_spike_detector,Volume Spike Ratio,Recent Token Launches,Detects volume spikes in newly launched tokens relative to baseline periods post-launch.,generic,"[""token:string"", ""launch_time:timestamp"", ""baseline_volume:number"", ""spike_volume:number"", ""spike_ratio:number""]","[{""key"": ""chain"", ""type"": ""chain"", ""label"": ""Chain"", ""default"": ""base"", ""required"": true, ""options"": [{""label"": ""Ethereum"", ""value"": ""ethereum""}, {""label"": ""Base"", ""value"": ""base""}, {""label"": ""Optimism"", ""value"": ""optimism""}, {""label"": ""Arbitrum"", ""value"": ""arbitrum""}, {""label"": ""Polygon"", ""value"": ""polygon""}, {""label"": ""BSC"", ""value"": ""bsc""}, {""label"": ""Avalanche"", ""value"": ""avalanche""}, {""label"": ""Celo"", ""value"": ""celo""}]}, {""key"": ""start"", ""type"": ""number"", ""label"": ""Baseline Start"", ""default"": ""3"", ""required"": true}, {""key"": ""end"", ""type"": ""number"", ""label"": ""Spike End"", ""default"": ""7"", ""required"": true}, {""key"": ""lookback_days"", ""type"": ""number"", ""label"": ""Lookback Days"", ""default"": ""7"", ""required"": true}]"
token.new_vs_returning_stakers,token,holders,new_vs_returning_stakers,Staker Retention,Dune Query 5709238,Analyzes new vs returning depositors.,generic,"[""first_date:date"", ""new_users:number"", ""returning_users:number""]","[{""key"": ""contract_addresses"", ""type"": ""address[]"", ""label"": ""Stake Addresses"", ""default"": [], ""required"": true}]"
token.new_wallet_accumulation,token,holders,new_wallet_accumulation,New Holder Accumulation,Dune erc20 + dex.trades,Tracks token accumulation by new wallets using transfers and price.,generic,"[""time:timestamp"", ""new_holders:number"", ""accumulated_amount:number""]","[{""key"": ""contract_address"", ""type"": ""address"", ""label"": ""Contract Address"", ""default"": null, ""required"": true}, {""key"": ""chain"", ""type"": ""chain"", ""label"": ""Chain"", ""default"": ""ethereum"", ""required"": true, ""options"": [{""label"": ""Ethereum"", ""value"": ""ethereum""}, {""label"": ""Base"", ""value"": ""base""}, {""label"": ""Optimism"", ""value"": ""optimism""}, {""label"": ""Arbitrum"", ""value"": ""arbitrum""}, {""label"": ""Polygon"", ""value"": ""polygon""}, {""label"": ""BSC"", ""value"": ""bsc""}, {""label"": ""Avalanche"", ""value"": ""avalanche""}, {""label"": ""Celo"", ""value"": ""celo""}]}, {""key"": ""lookback_days"", ""type"": ""number"", ""label"": ""Lookback Days"", ""default"": ""30"", ""required"": true}]"
token.non_circulating_supply_tracker,token,holders,non_circulating_supply_tracker,Vested Supply,ERC20 Transfers,Tracks circulating supply excluding foundation/vesting transfers.,generic,"[""day:timestamp"",""circulating_supply:number"",""non_circulating_change:number""]","[{""key"": ""contract_address"", ""type"": ""address"", ""label"": ""Contract Address"", ""default"": null, ""required"": true}, {""key"": ""lookback_days"", ""type"": ""number"", ""label"": ""Lookback Days"", ""default"": ""365"", ""required"": false}]"
token.ohlc_candles,token,price,ohlc_candles,Daily OHLC Price,Dune dex.trades,Generates OHLC price candles from DEX trades.,generic,"[""date:date"", ""open:number"", ""high:number"", ""low:number"", ""close:number""]","[{""key"": ""contract_address"", ""type"": ""address"", ""label"": ""Contract Address"", ""default"": null, ""required"": true}, {""key"": ""interval"", ""type"": ""select"", ""label"": ""Interval"", ""default"": ""day"", ""options"": [{""label"": ""Minute"", ""value"": ""minute""}, {""label"": ""Hour"", ""value"": ""hour""}, {""label"": ""Day"", ""value"": ""day""}, {""label"": ""Week"", ""value"": ""week""}, {""label"": ""Month"", ""value"": ""month""}], ""required"": true}]"
token.overlapping_holders,token,holders,overlapping_holders,Common Token Holders,Transfer log intersection,Identifies wallets ever holding both tokens.,generic,"[""holder_address:string""]","[{""key"": ""contract_address_a"", ""type"": ""address"", ""label"": ""Token A"", ""default"": null, ""required"": true}, {""key"": ""contract_address_b"", ""type"": ""address"", ""label"": ""Token B"", ""default"": null, ""required"": true}]"
token.peg_ratio_calculator,token,price,peg_ratio_calculator,LST Peg Deviation,Dune dex.trades,Computes daily peg ratio (stETH/ETH) from directional DEX trades.,generic,"[""day:date"", ""steth_eth_ratio:number""]","[{""key"": ""token_a"", ""type"": ""address"", ""label"": ""Base token"", ""default"": ""stETH"", ""required"": true}, {""key"": ""token_b"", ""type"": ""address"", ""label"": ""Quote token"", ""default"": ""WETH"", ""required"": true}]"
token.post_airdrop_whale_staking,token,holders,post_airdrop_whale_staking,Whale Staking Patterns,Kaito Airdrop Claims,Detects whale staking activity post-airdrop with accumulation signals.,protocol:kaito,"[""whale_address:string"",""claimed:number"",""staked:number"",""accumulation_score:number""]","[{""key"": ""min_claim"", ""type"": ""number"", ""label"": ""Min Claim Threshold"", ""default"": ""10000"", ""required"": true}, {""key"": ""lookback_days"", ""type"": ""number"", ""label"": ""Lookback Days"", ""default"": ""30"", ""required"": true}]"
token.post_claim_activity_time,token,airdrop,post_claim_activity_time,Reward Activity Gap,ERC20 Transfers,Measures time from claim to first post-claim transaction.,generic,"[""user:string"", ""claim_time:timestamp"", ""first_tx_time:timestamp"", ""days_gap:number""]","[{""key"": ""claim_from"", ""type"": ""address"", ""label"": ""Claim From Address"", ""default"": null, ""required"": true}, {""key"": ""contract_address"", ""type"": ""address"", ""label"": ""Contract Address"", ""default"": null, ""required"": true}, {""key"": ""min_date"", ""type"": ""date"", ""label"": ""Min Claim Date"", ""default"": null, ""required"": true}]"
token.prelaunch_wallet_count,token,holders,prelaunch_wallet_count,Pre-Launch Buyers,Time window counts,Counts unique wallets buying token in pre-launch time windows.,generic,"[""wallets_5min:number"",""wallets_10min:number"",""period:string""]","[{""key"": ""contract_address"", ""type"": ""address"", ""label"": ""Contract Address"", ""default"": null, ""required"": true}, {""key"": ""start_time"", ""type"": ""date"", ""label"": ""Start Time"", ""default"": null, ""required"": true}]"
token.price_performance_multi_period,token,price,price_performance_multi_period,Multi-Period Returns,prices.usd,Computes token price performance across multiple lookback periods.,generic,"[""symbol:string"",""init_30d:number"",""init_6m:number"",""current:number"",""perf_30d:number"",""perf_6m:number""]","[{""key"": ""list_symbols"", ""type"": ""text"", ""label"": ""Symbols List"", ""default"": null, ""required"": true}]"
token.protocol_new_user_cohort,token,holders,protocol_new_user_cohort,New vs total users,Ethereum transactions,Identifies new users vs total active users daily with cohort analysis.,generic,"[""dt:date"", ""new_users:number"", ""total_users:number"", ""retention_rate:number""]","[{""key"": ""contract_address"", ""type"": ""address"", ""label"": ""Contract Address"", ""default"": null, ""required"": true}, {""key"": ""lookback_days"", ""type"": ""number"", ""label"": ""Lookback Days"", ""default"": ""30"", ""required"": false}]"
token.protocol_new_user_cohorts,token,holders,protocol_new_user_cohorts,New User Cohorts,Solana Transactions,Computes daily new users by first interaction date with cumulative totals.,generic,"[""first_time:timestamp"", ""new_users:number"", ""cumulative_users:number""]","[{""key"": ""protocol_address"", ""type"": ""address"", ""label"": ""Protocol Address"", ""default"": null, ""required"": true}, {""key"": ""date_from"", ""type"": ""date"", ""label"": ""Start Date"", ""default"": null, ""required"": true}]"
token.protocol_user_cohorts,token,holders,protocol_user_cohorts,New vs Cumulative Users,Cohort user growth,Computes new users and cumulative growth for any protocol.,protocol,"[""day:date"",""new_users:number"",""cumulative_users:number""]","[{""key"": ""protocol"", ""type"": ""text"", ""label"": ""Protocol"", ""default"": null, ""required"": true}, {""key"": ""lookback_days"", ""type"": ""number"", ""label"": ""Lookback Days"", ""default"": ""30"", ""required"": true}]"
token.pumpfun_creation_trends,token,launchpad,pumpfun_creation_trends,Daily launches & devs,solana.instruction_calls,"Computes daily token launches, dev counts, and 30-day moving averages.",protocol:pumpfun,"[""block_date:date"",""token_cnt:number"",""dev_cnt:number"",""dev_moving_avg:number""]","[{""key"": ""date_range"", ""type"": ""date_range"", ""label"": ""Date Range"", ""default"": {""to"": """", ""from"": """"}, ""required"": true}]"
token.pumpfun_daily_graduates,token,launchpad,pumpfun_daily_graduates,Daily Graduates,pump withdraw events,Counts tokens graduated from pump.fun bonding curves per day.,protocol:pumpfun,"[""day:date"", ""graduate_count:number""]","[{""key"": ""lookback_days"", ""type"": ""number"", ""label"": ""Lookback Days"", ""default"": ""30"", ""required"": true}]"
token.pump_fun_daily_launches,token,launchpad,pump_fun_daily_launches,Daily Token Launches,tokens_solana.transfers pump.fun,Counts distinct new tokens launched daily on pump.fun.,protocol:pumpfun,"[""day:date"", ""tokens_launched:number"", ""cumulative_launches:number""]","[{""key"": ""date_range"", ""type"": ""date_range"", ""label"": ""Date Range"", ""default"": {""to"": """", ""from"": """"}, ""required"": false}]"
token.pumpfun_daily_launches_graduates,token,launchpad,pumpfun_daily_launches_graduates,Daily launch metrics,Pump.fun instructions,Computes daily token launches and graduations.,protocol:pumpfun,"[""date:date"", ""launches:number"", ""graduates:number"", ""graduation_rate:number""]","[{""key"": ""date_range"", ""type"": ""date_range"", ""label"": ""Date Range"", ""default"": {""to"": """", ""from"": """"}, ""required"": true}]"
token.pumpfun_dev_success_rate,token,launchpad,pumpfun_dev_success_rate,Developer success ratio,Pump.fun creates/withdraws,Measures developer success as graduated tokens over created.,protocol:pumpfun,"[""dev_address:string"",""tokens_created:number"",""tokens_graduated:number"",""success_rate:number""]","[{""key"": ""date_from"", ""type"": ""date"", ""label"": ""Start Date"", ""default"": null, ""required"": true}, {""key"": ""min_tokens"", ""type"": ""number"", ""label"": ""Min tokens created"", ""default"": ""1"", ""required"": false}]"
token.reward_recipient_activity,token,wallet,reward_recipient_activity,Post-reward flows,ERC20 transfers,Tracks initial reward recipients and their subsequent token activity.,protocol:ARB,"[""recipient:string"",""first_activity:timestamp"",""total_out:number""]","[{""key"": ""reward_from"", ""type"": ""address"", ""label"": ""Reward distributor address"", ""default"": null, ""required"": true}, {""key"": ""contract_address"", ""type"": ""address"", ""label"": ""Contract Address"", ""default"": ""0x912ce59144191c1204e64559fe8253a0e49e6548"", ""required"": true}, {""key"": ""date_from"", ""type"": ""date"", ""label"": ""Start Date"", ""default"": null, ""required"": true}]"
token.roundtrip_transfer_detector,token,wallet,roundtrip_transfer_detector,Reversal cycles,Transaction self-joins,Identifies circular transfers indicating wash trading.,generic,"[""from_forward:string"",""to_forward:string"",""cycle_count:number"",""total_value:number""]","[{""key"": ""date_from"", ""type"": ""date"", ""label"": ""Start Date"", ""default"": null, ""required"": true}, {""key"": ""min_value"", ""type"": ""number"", ""label"": ""Min value USD"", ""default"": ""0"", ""required"": false}]"
token.sector_weekly_returns,token,price,sector_weekly_returns,Weekly Performance,Multi-token prices,Calculates weekly price changes for sector tokens.,generic,"[""week:date"", ""symbol:string"", ""price_initial:number"", ""price:number"", ""weekly_return:number""]","[{""key"": ""symbols"", ""type"": ""text"", ""label"": ""Token Symbols"", ""default"": null, ""required"": true}]"
token.significant_supply_transfer_detector,token,holders,significant_supply_transfer_detector,Large Supply % Transfers,tokens_solana.transfers,Flags transfers exceeding percentage of total minted supply with confidence.,generic,"[""wallet:string"",""percent_supply:number"",""tx_id:string"",""is_significant:boolean""]","[{""key"": ""contract_address"", ""type"": ""address"", ""label"": ""Contract Address"", ""default"": null, ""required"": true}, {""key"": ""min_percent"", ""type"": ""number"", ""label"": ""Min % Threshold"", ""default"": ""1"", ""required"": false}]"
token.smart_money_early_buyers,token,holders,smart_money_early_buyers,Profit Signals,Profitable wallet screening,Identifies high-PnL wallets accumulating new tokens early.,generic,"[""wallet:string"",""net_pnl:number"",""early_token_count:number"",""win_rate:number""]","[{""key"": ""lookback_days"", ""type"": ""number"", ""label"": ""Lookback Days"", ""default"": ""30"", ""required"": true}, {""key"": ""min_pnl_usd"", ""type"": ""number"", ""label"": ""Min PnL Threshold"", ""default"": ""1000"", ""required"": false}]"
token.smart_wallet_detector,token,holders,smart_wallet_detector,Smart Wallet Metrics,dex_solana.trades,"Classifies smart wallets by 30-day volume, unique tokens bought, and active days with thresholds.",generic,"[""wallet_address:string"",""total_volume_30d:number"",""unique_tokens_bought:number"",""active_days:number""]","[{""key"": ""lookback_days"", ""type"": ""number"", ""label"": ""Lookback Days"", ""default"": ""30"", ""required"": false}, {""key"": ""min_usd"", ""type"": ""number"", ""label"": ""Min USD"", ""default"": ""100"", ""required"": false}]"
token.stablecoin_blacklisted_addresses,token,blacklist,stablecoin_blacklisted_addresses,Blacklisted Addresses,USDC USDT Logs,Tracks addresses blacklisted via Approval events.,generic,"[""block_time:timestamp"", ""address:string""]","[{""key"": ""contract_address"", ""type"": ""address"", ""label"": ""Contract Address"", ""default"": null, ""required"": true}]"
token.stablecoin_blacklist_trend,token,blacklist,stablecoin_blacklist_trend,Monthly Blacklist Counts,USDC/USDT Comparison,Tracks monthly blacklisted wallet counts for USDC/USDT.,"protocol:USDC,USDT","[""month:date"",""usdc_wallets:number"",""usdt_wallets:number""]","[{""key"": ""date_from"", ""type"": ""date"", ""label"": ""Start Date"", ""default"": null, ""required"": false}]"
token.stablecoin_holder_distribution,token,holders,stablecoin_holder_distribution,Holders Above Threshold,Stablecoin net balances,Computes net holder balances and counts above USD thresholds.,protocol:USDT,"[""holder_count:number"",""whale_count:number"",""threshold_usd:number""]","[{""key"": ""contract_address"", ""type"": ""address"", ""label"": ""Contract Address"", ""default"": null, ""required"": true}, {""key"": ""threshold_usd"", ""type"": ""number"", ""label"": ""Min USD Threshold"", ""default"": ""1000"", ""required"": true}]"
token.stablecoin_peg_stats,token,price,stablecoin_peg_stats,Peg Deviation Stats,prices.usd,"Computes min, stddev for multiple stablecoins over time.",generic,"[""usdn_low:number"",""ustc_low:number"",""frax_low:number"",""usdn_sd:number"",""ustc_sd:number"",""frax_sd:number""]","[{""key"": ""date_from"", ""type"": ""date"", ""label"": ""Start Date"", ""default"": null, ""required"": false}]"
token.stablecoin_supply_timeseries,token,stablecoin,stablecoin_supply_timeseries,Circulating supply,ERC20 mint/burn,Calculates daily supply changes for stablecoins excluding burns.,protocol:stablecoin,"[""time:timestamp"", ""supply:number""]","[{""key"": ""contract_address"", ""type"": ""address"", ""label"": ""Contract Address"", ""default"": null, ""required"": true}]"
token.staker_behavior_classifier,token,staking,staker_behavior_classifier,Staker Activity Profile,Stakes to staking contract,"Classifies stakers by stake frequency, size stats, and buckets.",protocol:staking,"[""address:string"",""total_stakes:number"",""avg_stake_size:number"",""bucket:string""]","[{""key"": ""contract_address"", ""type"": ""address"", ""label"": ""Contract Address"", ""default"": null, ""required"": true}, {""key"": ""staking_contract"", ""type"": ""address"", ""label"": ""Staking Contract"", ""default"": null, ""required"": true}, {""key"": ""min_stakes"", ""type"": ""number"", ""label"": ""Min Stakes"", ""default"": ""1"", ""required"": false}]"
token.staking_duration_distribution,token,staking,staking_duration_distribution,Staker Cohort Sizes,Transfer events to staking contract,Buckets stakers by total weeks staked duration.,protocol:staking,"[""days_staked:string"",""staker_count:number""]","[{""key"": ""contract_address"", ""type"": ""address"", ""label"": ""Contract Address"", ""default"": null, ""required"": true}, {""key"": ""staking_contract"", ""type"": ""address"", ""label"": ""Staking Contract"", ""default"": null, ""required"": true}]"
token.successful_early_buyers,token,wallet,successful_early_buyers,Early Buyer ROI,dex_solana.trades,Detects wallets buying new tokens early with high ROI based on inception metrics.,generic,"[""wallet:string"", ""token:string"", ""inception_time:timestamp"", ""roi:number"", ""first_hour_vol:number""]","[{""key"": ""lookback_days"", ""type"": ""number"", ""label"": ""Lookback Days"", ""default"": ""14"", ""required"": true}, {""key"": ""min_roi"", ""type"": ""number"", ""label"": ""\""Min ROI Threshold\"""", ""default"": ""2"", ""required"": false}]"
token.supply_mint_breakdown,token,supply,supply_mint_breakdown,Mint source shares,ERC20 transfers,Breaks down mints by destination categories as % of total supply.,generic,"[""category:string"",""mint_amount:number"",""pct_of_supply:number""]","[{""key"": ""contract_address"", ""type"": ""address"", ""label"": ""Contract Address"", ""default"": null, ""required"": true}]"
token.supply_timeseries,token,supply,supply_timeseries,Daily Supply,ERC20 Transfers,"Computes daily mints, burns, net change, cumulative supply.",generic,"[""date:date"", ""minted:number"", ""burned:number"", ""net_change:number"", ""cumulative:number""]","[{""key"": ""contract_address"", ""type"": ""address"", ""label"": ""Contract Address"", ""default"": null, ""required"": true}, {""key"": ""date_from"", ""type"": ""date"", ""label"": ""Start Date"", ""default"": null, ""required"": false}]"
token.sybil_star_detector,token,identity,sybil_star_detector,Star-pattern sybil detection,Native SOL transfers,Detects sybil wallets via high receiver count in short periods with volume filters.,generic,"[""sender:string"",""receiver_count:number"",""sybil_score:number"",""suspicious:boolean""]","[{""key"": ""date_range"", ""type"": ""date_range"", ""label"": ""Date Range"", ""default"": {""to"": """", ""from"": """"}, ""required"": true}, {""key"": ""min_usd"", ""type"": ""number"", ""label"": ""Min USD"", ""default"": ""0.001"", ""required"": false}]"
token.themed_token_activity,token,identity,themed_token_activity,Meme/AI Token Txs,Name-Based Detection,Detects meme/AI tokens by name patterns in mint/accounts and aggregates activity.,generic,"[""token_mint:string"",""tx_count:number"",""unique_owners:number"",""theme:string""]","[{""key"": ""lookback_days"", ""type"": ""number"", ""label"": ""Lookback Days"", ""default"": null, ""required"": true}, {""key"": ""keywords"", ""type"": ""text"", ""label"": ""Keywords"", ""default"": ""\""ai,meme\"""", ""required"": false}]"
token.token_account_flows,token,transfers,token_account_flows,Inflow Outflow,Token Balances Explode,Calculates token deposits and withdrawals to account.,generic,"[""block_time:timestamp"", ""deposits:number"", ""withdrawals:number""]","[{""key"": ""token_account"", ""type"": ""address"", ""label"": ""Token Account"", ""default"": null, ""required"": true}, {""key"": ""mint_address"", ""type"": ""address"", ""label"": ""Mint Address"", ""default"": null, ""required"": true}, {""key"": ""interval"", ""type"": ""select"", ""label"": ""Interval"", ""default"": ""day"", ""options"": [{""label"": ""Minute"", ""value"": ""minute""}, {""label"": ""Hour"", ""value"": ""hour""}, {""label"": ""Day"", ""value"": ""day""}, {""label"": ""Week"", ""value"": ""week""}, {""label"": ""Month"", ""value"": ""month""}], ""required"": false}]"
token.token_avg_holding_duration,token,holders,token_avg_holding_duration,Avg Holding Duration,Buy-sell time delta,Calculates average holding duration from buy to sell trades.,generic,"[""avg_duration:number"",""trader_count:number""]","[{""key"": ""token_mint"", ""type"": ""address"", ""label"": ""Token Address"", ""default"": null, ""required"": true}, {""key"": ""chain"", ""type"": ""chain"", ""label"": ""Chain"", ""default"": ""ethereum"", ""required"": true, ""options"": [{""label"": ""Ethereum"", ""value"": ""ethereum""}, {""label"": ""Base"", ""value"": ""base""}, {""label"": ""Optimism"", ""value"": ""optimism""}, {""label"": ""Arbitrum"", ""value"": ""arbitrum""}, {""label"": ""Polygon"", ""value"": ""polygon""}, {""label"": ""BSC"", ""value"": ""bsc""}, {""label"": ""Avalanche"", ""value"": ""avalanche""}, {""label"": ""Celo"", ""value"": ""celo""}]}, {""key"": ""lookback_days"", ""type"": ""number"", ""label"": ""Lookback Days"", ""default"": ""365"", ""required"": false}]"
token.token_buyer_seller_ratio,token,holders,token_buyer_seller_ratio,Buyer Seller Ratio,Distinct trader counts,Computes buyer-to-seller ratio per token.,generic,"[""token_symbol:string"",""buyers:number"",""sellers:number"",""ratio:number""]","[{""key"": ""lookback_days"", ""type"": ""number"", ""label"": ""Lookback Days"", ""default"": ""30"", ""required"": true}, {""key"": ""min_trades"", ""type"": ""number"", ""label"": ""Min Traders"", ""default"": ""10"", ""required"": false}]"
token.token_buy_sell_flow,token,dex,token_buy_sell_flow,Buy Sell Net Flow,DEX trades buys/sells,"Aggregates daily buy, sell volumes and net flow for token.",generic,"[""day:date"", ""buy_usd:number"", ""sell_usd:number"", ""net_usd:number""]","[{""key"": ""contract_address"", ""type"": ""address"", ""label"": ""Contract Address"", ""default"": null, ""required"": true}, {""key"": ""chain"", ""type"": ""chain"", ""label"": ""Chain"", ""default"": ""ethereum"", ""required"": true, ""options"": [{""label"": ""Ethereum"", ""value"": ""ethereum""}, {""label"": ""Base"", ""value"": ""base""}, {""label"": ""Optimism"", ""value"": ""optimism""}, {""label"": ""Arbitrum"", ""value"": ""arbitrum""}, {""label"": ""Polygon"", ""value"": ""polygon""}, {""label"": ""BSC"", ""value"": ""bsc""}, {""label"": ""Avalanche"", ""value"": ""avalanche""}, {""label"": ""Celo"", ""value"": ""celo""}]}, {""key"": ""date_range"", ""type"": ""date_range"", ""label"": ""Date Range"", ""default"": {""to"": """", ""from"": """"}, ""required"": false}]"
token.token_buy_sell_pressure,token,dex,token_buy_sell_pressure,Net Buy/Sell Volume,Dune dex.trades,Calculates daily buy/sell volumes and net pressure for tokens.,generic,"[""day:date"", ""buy_volume:number"", ""sell_volume:number"", ""net_pressure:number""]","[{""key"": ""lookback_days"", ""type"": ""number"", ""label"": ""Lookback Days"", ""default"": ""30"", ""required"": false}]"
token.token_circulating_supply,token,holders,token_circulating_supply,Circ Supply,ERC20 Mint/Burn,Tracks circulating supply from mints/burns over time.,generic,"[""day:date"", ""circulating_supply:number""]","[{""key"": ""contract_address"", ""type"": ""address"", ""label"": ""Contract Address"", ""default"": null, ""required"": true}, {""key"": ""interval"", ""type"": ""select"", ""label"": ""Interval"", ""default"": ""day"", ""options"": [{""label"": ""Minute"", ""value"": ""minute""}, {""label"": ""Hour"", ""value"": ""hour""}, {""label"": ""Day"", ""value"": ""day""}, {""label"": ""Week"", ""value"": ""week""}, {""label"": ""Month"", ""value"": ""month""}], ""required"": false}]"
token.token_circulating_supply_timeseries,token,supply,token_circulating_supply_timeseries,Circulating Supply,ERC20 mint-burn cumulative,Computes daily circulating supply from mint and burn events.,generic,"[""day:date"", ""supply:number""]","[{""key"": ""contract_address"", ""type"": ""address"", ""label"": ""Contract Address"", ""default"": null, ""required"": true}]"
token.token_cohort_new_returning,token,holders,token_cohort_new_returning,Weekly Cohort Metrics,Solana transfers,Computes weekly new and returning users via first interaction cohort.,generic,"[""week:date"", ""new_users:number"", ""returning_users:number"", ""total_users:number""]","[{""key"": ""contract_address"", ""type"": ""address"", ""label"": ""Contract Address"", ""default"": null, ""required"": true}, {""key"": ""lookback_days"", ""type"": ""number"", ""label"": ""Lookback Days"", ""default"": ""90"", ""required"": false}]"
token.token_cohort_retention,token,holders,token_cohort_retention,User Retention by Cohort,ERC20 transfer cohorts,Computes new user cohorts and retention rates from token transfers.,generic,"[""cohort_date:date"", ""retention:number"", ""cohort_size:number"", ""returning_users:number""]","[{""key"": ""contract_address"", ""type"": ""address"", ""label"": ""Contract Address"", ""default"": null, ""required"": true}, {""key"": ""date_range"", ""type"": ""date_range"", ""label"": ""Date Range"", ""default"": {""to"": """", ""from"": """"}, ""required"": true}]"
token.token_cumulative_holders,token,holders,token_cumulative_holders,Holder Growth,ERC20 Transfers,Computes daily new and cumulative unique holders.,generic,"[""date:date"", ""daily_new:number"", ""cumulative_holders:number""]","[{""key"": ""contract_address"", ""type"": ""address"", ""label"": ""Contract Address"", ""default"": null, ""required"": true}, {""key"": ""date_from"", ""type"": ""date"", ""label"": ""Start Date"", ""default"": null, ""required"": false}]"
token.token_cumulative_holders_timeseries,token,holders,token_cumulative_holders_timeseries,Holder Growth,ERC20 Transfers,Computes cumulative unique holders over time.,generic,"[""date:date"", ""cumulative_holders:number""]","[{""key"": ""contract_address"", ""type"": ""address"", ""label"": ""Contract Address"", ""default"": null, ""required"": true}]"
token.token_daily_new_holders,token,holders,token_daily_new_holders,New Holders Daily,ERC20 Transfers,Counts daily new token holders based on first receive or send.,generic,"[""date:date"", ""new_holders:number""]","[{""key"": ""contract_address"", ""type"": ""address"", ""label"": ""Contract Address"", ""default"": null, ""required"": true}, {""key"": ""interval"", ""type"": ""select"", ""label"": ""Interval"", ""default"": ""day"", ""options"": [{""label"": ""Minute"", ""value"": ""minute""}, {""label"": ""Hour"", ""value"": ""hour""}, {""label"": ""Day"", ""value"": ""day""}, {""label"": ""Week"", ""value"": ""week""}, {""label"": ""Month"", ""value"": ""month""}], ""required"": false}]"
token.token_dca_performance,token,price,token_dca_performance,DCA Return,prices.usd,Calculates dollar-cost averaging returns over periodic buys.,generic,"[""dt:date"", ""avg_price:number"", ""current_price:number"", ""dca_return:number""]","[{""key"": ""contract_address"", ""type"": ""address"", ""label"": ""Contract Address"", ""default"": null, ""required"": true}, {""key"": ""interval"", ""type"": ""select"", ""label"": ""Interval"", ""default"": ""day"", ""options"": [{""label"": ""Minute"", ""value"": ""minute""}, {""label"": ""Hour"", ""value"": ""hour""}, {""label"": ""Day"", ""value"": ""day""}, {""label"": ""Week"", ""value"": ""week""}, {""label"": ""Month"", ""value"": ""month""}], ""required"": true}, {""key"": ""date_from"", ""type"": ""date"", ""label"": ""Start Date"", ""default"": null, ""required"": true}]"
token.token_dex_buy_sell_stats,token,dex,token_dex_buy_sell_stats,Buy/Sell Metrics,Trader/volume breakdown,"Breaks down buys, sells, traders, and directional volumes per token on DEX.",generic,"[""trades:number"",""buys:number"",""sells:number"",""traders:number"",""buyers:number"",""sellers:number"",""volume:number"",""buy_volume:number"",""sell_volume:number""]","[{""key"": ""contract_address"", ""type"": ""address"", ""label"": ""Contract Address"", ""default"": null, ""required"": true}, {""key"": ""protocol"", ""type"": ""text"", ""label"": ""Protocol"", ""default"": null, ""required"": false}, {""key"": ""date_range"", ""type"": ""date_range"", ""label"": ""Date Range"", ""default"": {""to"": """", ""from"": """"}, ""required"": true}]"
token.token_dex_user_cohorts,token,dex,token_dex_user_cohorts,New vs Returning Users,Dune dex.trades,Computes new and returning users trading specific token on DEXes by time period.,generic,"[""time:timestamp"", ""new:number"", ""returning:number""]","[{""key"": ""contract_address"", ""type"": ""address"", ""label"": ""Contract Address"", ""default"": null, ""required"": true}, {""key"": ""interval"", ""type"": ""select"", ""label"": ""Interval"", ""default"": ""week"", ""options"": [{""label"": ""Minute"", ""value"": ""minute""}, {""label"": ""Hour"", ""value"": ""hour""}, {""label"": ""Day"", ""value"": ""day""}, {""label"": ""Week"", ""value"": ""week""}, {""label"": ""Month"", ""value"": ""month""}], ""required"": false}]"
token.token_gini_coefficient,token,holders,token_gini_coefficient,Gini Index,ERC20 transfers,Computes holder concentration Gini coefficient.,generic,"[""gini:number"",""holders:number"",""top_holder_pct:number""]","[{""key"": ""contract_address"", ""type"": ""address"", ""label"": ""Contract Address"", ""default"": null, ""required"": true}]"
token.token_health_metrics,token,holders,token_health_metrics,Trading Health Score,dex_solana.trades,"Aggregates unique traders, trades, volume trends, buy/sell pressure for token vitality.",generic,"[""unique_traders:number"",""total_volume_usd:number"",""buy_pressure:number"",""today_volume:number""]","[{""key"": ""contract_address"", ""type"": ""address"", ""label"": ""Contract Address"", ""default"": null, ""required"": true}]"
token.token_holder_balances,token,holders,token_holder_balances,Holder balances,ERC20 transfers,Computes current balances across all token holders.,generic,"[""address:string"",""balance:number""]","[{""key"": ""contract_address"", ""type"": ""address"", ""label"": ""Contract Address"", ""default"": null, ""required"": true}, {""key"": ""min_balance"", ""type"": ""number"", ""label"": ""Min balance threshold"", ""default"": ""0"", ""required"": false}]"
token.token_holder_cohort_timeseries,token,holders,token_holder_cohort_timeseries,Holder cohorts,First hold date,Tracks cumulative holders by first interaction date.,generic,"[""address:string"", ""first_date:date"", ""balance:number""]","[{""key"": ""contract_address"", ""type"": ""address"", ""label"": ""Contract Address"", ""default"": null, ""required"": true}]"
token.token_holder_count,token,holders,token_holder_count,Total Holders,ERC20 transfers,Counts distinct non-zero balance holders.,generic,"[""hold:number""]","[{""key"": ""chain"", ""type"": ""chain"", ""label"": ""Chain"", ""default"": null, ""required"": true, ""options"": [{""label"": ""Ethereum"", ""value"": ""ethereum""}, {""label"": ""Base"", ""value"": ""base""}, {""label"": ""Optimism"", ""value"": ""optimism""}, {""label"": ""Arbitrum"", ""value"": ""arbitrum""}, {""label"": ""Polygon"", ""value"": ""polygon""}, {""label"": ""BSC"", ""value"": ""bsc""}, {""label"": ""Avalanche"", ""value"": ""avalanche""}, {""label"": ""Celo"", ""value"": ""celo""}]}, {""key"": ""contract_address"", ""type"": ""address"", ""label"": ""Contract Address"", ""default"": null, ""required"": true}]"
token.token_holder_count_historical,token,holders,token_holder_count_historical,Holder Count Over Time,Cumulative balance snapshots,Computes historical holder counts using cumulative balances.,generic,"[""date:date"", ""holder_count:number""]","[{""key"": ""contract_address"", ""type"": ""address"", ""label"": ""Contract Address"", ""default"": null, ""required"": true}, {""key"": ""interval"", ""type"": ""select"", ""label"": ""Interval"", ""default"": ""day"", ""options"": [{""label"": ""Minute"", ""value"": ""minute""}, {""label"": ""Hour"", ""value"": ""hour""}, {""label"": ""Day"", ""value"": ""day""}, {""label"": ""Week"", ""value"": ""week""}, {""label"": ""Month"", ""value"": ""month""}], ""required"": false}]"
token.token_holder_distribution,token,holders,token_holder_distribution,Balance Buckets,ERC20 Transfers,Buckets current holder balances into tiers.,generic,"[""bucket:string"",""holder_count:number"",""total_supply_pct:number""]","[{""key"": ""contract_address"", ""type"": ""address"", ""label"": ""Contract Address"", ""default"": null, ""required"": true}]"
token.token_holder_growth,token,holders,token_holder_growth,Holder count over time,ERC20 transfers,Computes daily holder count with growth rate.,generic,"[""day:date"", ""unique_wallets:number"", ""daily_change:number""]","[{""key"": ""contract_address"", ""type"": ""address"", ""label"": ""Contract Address"", ""default"": null, ""required"": true}, {""key"": ""date_from"", ""type"": ""date"", ""label"": ""Start Date"", ""default"": null, ""required"": false}, {""key"": ""interval"", ""type"": ""select"", ""label"": ""Interval"", ""default"": ""day"", ""options"": [{""label"": ""Minute"", ""value"": ""minute""}, {""label"": ""Hour"", ""value"": ""hour""}, {""label"": ""Day"", ""value"": ""day""}, {""label"": ""Week"", ""value"": ""week""}, {""label"": ""Month"", ""value"": ""month""}], ""required"": false}]"
token.token_holder_growth_over_time,token,holders,token_holder_growth_over_time,Holder Growth,ERC20 Transfers,Tracks cumulative unique token holders over time from first transfer interaction.,generic,"[""date:date"", ""daily_new:number"", ""cumulative_holders:number""]","[{""key"": ""contract_address"", ""type"": ""address"", ""label"": ""Contract Address"", ""default"": null, ""required"": true}]"
token.token_holder_leaderboard,token,holders,token_holder_leaderboard,Top Holders by Balance,ERC20 net balances,Ranks addresses by net token balance.,generic,"[""rank:number"",""address:string"",""balance:number""]","[{""key"": ""contract_address"", ""type"": ""address"", ""label"": ""Contract Address"", ""default"": null, ""required"": true}]"
token.token_holder_net,token,holders,token_holder_net,Net Holder Balances,ERC20 transfer logs,Computes net token balances for all holders.,generic,"[""holder:string"",""net_balance:number""]","[{""key"": ""contract_address"", ""type"": ""address"", ""label"": ""Contract Address"", ""default"": null, ""required"": true}]"
token.token_holder_net_balance,token,holders,token_holder_net_balance,Top Holders Balance,ERC20 Transfers,Computes net token balances for top holders excluding treasury flows.,generic,"[""address:string"",""net_balance:number"",""rank:number""]","[{""key"": ""contract_address"", ""type"": ""address"", ""label"": ""Contract Address"", ""default"": null, ""required"": true}, {""key"": ""top_n"", ""type"": ""number"", ""label"": ""Top N"", ""default"": ""100"", ""required"": false}, {""key"": ""exclude_treasury"", ""type"": ""text"", ""label"": ""Exclude Treasury"", ""default"": ""true"", ""required"": false}]"
token.token_holder_overlap,token,holders,token_holder_overlap,Overlapping holders,ERC20 transfers,Counts holders common to two tokens and overlap percentage.,generic,"[""overlap_count:number"",""holders_token1:number"",""holders_token2:number"",""overlap_pct:number""]","[{""key"": ""token_address1"", ""type"": ""address"", ""label"": ""Token 1 Address"", ""default"": null, ""required"": true}, {""key"": ""token_address2"", ""type"": ""address"", ""label"": ""Token 2 Address"", ""default"": null, ""required"": true}]"
token.token_holder_ranking,token,holders,token_holder_ranking,Top holders,transfers net balance,Ranks wallets by net token balance from inflows minus outflows.,generic,"[""holder:string"",""token_balance:number""]","[{""key"": ""contract_address"", ""type"": ""address"", ""label"": ""Contract Address"", ""default"": null, ""required"": true}, {""key"": ""top_n"", ""type"": ""number"", ""label"": ""Top N"", ""default"": ""20"", ""required"": false}]"
token.token_holders_growth,token,holders,token_holders_growth,Holder Growth,ERC20 Transfers,Tracks cumulative and daily new token holders.,generic,"[""date:date"", ""new_holders:number"", ""total_holders:number""]","[{""key"": ""contract_address"", ""type"": ""address"", ""label"": ""Contract Address"", ""default"": null, ""required"": true}]"
token.token_holders_over_time,token,holders,token_holders_over_time,Holders Over Time,ERC20 transfers,Computes daily unique holders with net change.,generic,"[""day:date"", ""unique_wallets:number"", ""daily_change:number""]","[{""key"": ""contract_address"", ""type"": ""address"", ""label"": ""Contract Address"", ""default"": null, ""required"": true}, {""key"": ""date_from"", ""type"": ""date"", ""label"": ""Start Date"", ""default"": null, ""required"": false}]"
token.token_holders_timeseries,token,holders,token_holders_timeseries,Holders count daily,Cumulative balance,Counts daily unique holders using cumulative net balances over time.,generic,"[""date:date"", ""daily_holders:number"", ""cumulative_holders:number""]","[{""key"": ""contract_address"", ""type"": ""address"", ""label"": ""Contract Address"", ""default"": null, ""required"": true}]"
token.token_investor_count,token,holders,token_investor_count,investor leaderboard,erc3643 factory logs,Counts distinct investors per token contract.,protocol:trex,"[""token_address:string"",""investor_count:number""]","[{""key"": ""contract_address"", ""type"": ""address"", ""label"": ""Contract Address"", ""default"": null, ""required"": true}]"
token.token_lifespan_analyzer,token,dex,token_lifespan_analyzer,Token Lifespan Buckets,Dune dex.trades,Buckets tokens by trading lifespan days with trade counts.,generic,"[""blockchain:string"",""lifespan_bucket:string"",""trades:number"",""first_trade:date"",""last_trade:date""]","[{""key"": ""lookback_days"", ""type"": ""number"", ""label"": ""Lookback Days"", ""default"": ""30"", ""required"": false}]"
token.token_long_short_ratio,token,dex,token_long_short_ratio,Long/Short ratio,Dune dex.trades,Computes hourly long/short positions and ratio per trader.,generic,"[""hour:timestamp"", ""trader:string"", ""net_position:number"", ""ratio:number""]","[{""key"": ""contract_address"", ""type"": ""address"", ""label"": ""Contract Address"", ""default"": null, ""required"": true}, {""key"": ""start_timestamp"", ""type"": ""date"", ""label"": ""Start timestamp"", ""default"": null, ""required"": true}]"
token.token_net_accumulator_count,token,holders,token_net_accumulator_count,Accumulator Count,dex.trades large buys,Counts wallets net accumulating a token via large trades excluding stables.,generic,"[""token_address:string"",""token_symbol:string"",""accumulator_count:number""]","[{""key"": ""chain"", ""type"": ""chain"", ""label"": ""Chain"", ""default"": null, ""required"": true, ""options"": [{""label"": ""Ethereum"", ""value"": ""ethereum""}, {""label"": ""Base"", ""value"": ""base""}, {""label"": ""Optimism"", ""value"": ""optimism""}, {""label"": ""Arbitrum"", ""value"": ""arbitrum""}, {""label"": ""Polygon"", ""value"": ""polygon""}, {""label"": ""BSC"", ""value"": ""bsc""}, {""label"": ""Avalanche"", ""value"": ""avalanche""}, {""label"": ""Celo"", ""value"": ""celo""}]}, {""key"": ""lookback_days"", ""type"": ""number"", ""label"": ""Lookback Days"", ""default"": ""7"", ""required"": true}, {""key"": ""min_usd"", ""type"": ""number"", ""label"": ""Min USD"", ""default"": ""10000"", ""required"": true}]"
token.token_net_balance_tiers,token,holders,token_net_balance_tiers,Whale Holder Tiers,Dune dex.trades net flows,Calculates wallet counts in net balance tiers from buy/sell trades.,generic,"[""tier:string"",""wallet_count:number"",""min_balance:number"",""max_balance:number""]","[{""key"": ""contract_address"", ""type"": ""address"", ""label"": ""Contract Address"", ""default"": null, ""required"": true}, {""key"": ""chain"", ""type"": ""chain"", ""label"": ""Chain"", ""default"": ""ethereum"", ""required"": true, ""options"": [{""label"": ""Ethereum"", ""value"": ""ethereum""}, {""label"": ""Base"", ""value"": ""base""}, {""label"": ""Optimism"", ""value"": ""optimism""}, {""label"": ""Arbitrum"", ""value"": ""arbitrum""}, {""label"": ""Polygon"", ""value"": ""polygon""}, {""label"": ""BSC"", ""value"": ""bsc""}, {""label"": ""Avalanche"", ""value"": ""avalanche""}, {""label"": ""Celo"", ""value"": ""celo""}]}, {""key"": ""date_from"", ""type"": ""date"", ""label"": ""Start Date"", ""default"": null, ""required"": false}, {""key"": ""min_usd"", ""type"": ""number"", ""label"": ""Min USD"", ""default"": ""5000"", ""required"": false}]"
token.token_new_holders_daily,token,holders,token_new_holders_daily,New holders per period,ERC20 transfers,Counts first-time token holders per time period.,generic,"[""period:string"",""new_holders:number""]","[{""key"": ""contract_address"", ""type"": ""address"", ""label"": ""Contract Address"", ""default"": null, ""required"": true}, {""key"": ""interval"", ""type"": ""select"", ""label"": ""Interval"", ""default"": ""day"", ""options"": [{""label"": ""Minute"", ""value"": ""minute""}, {""label"": ""Hour"", ""value"": ""hour""}, {""label"": ""Day"", ""value"": ""day""}, {""label"": ""Week"", ""value"": ""week""}, {""label"": ""Month"", ""value"": ""month""}], ""required"": true}]"
token.token_new_returning_traders,token,wallet,token_new_returning_traders,New vs Returning,dex.trades cohort,Computes daily new and returning traders for token.,generic,"[""time:timestamp"", ""new:number"", ""returning:number""]","[{""key"": ""contract_address"", ""type"": ""address"", ""label"": ""Contract Address"", ""default"": null, ""required"": true}, {""key"": ""interval"", ""type"": ""select"", ""label"": ""Interval"", ""default"": ""day"", ""options"": [{""label"": ""Minute"", ""value"": ""minute""}, {""label"": ""Hour"", ""value"": ""hour""}, {""label"": ""Day"", ""value"": ""day""}, {""label"": ""Week"", ""value"": ""week""}, {""label"": ""Month"", ""value"": ""month""}], ""required"": false}]"
token.token_price_correlation,token,price,token_price_correlation,Price Correlation,Dune prices.usd,Computes rolling correlation of daily prices between two tokens.,generic,"[""date:date"", ""token1_price:number"", ""token2_price:number"", ""correlation:number""]","[{""key"": ""token1"", ""type"": ""text"", ""label"": ""First Token"", ""default"": null, ""required"": true}, {""key"": ""token2"", ""type"": ""text"", ""label"": ""Second Token"", ""default"": null, ""required"": true}]"
token.token_price_ratio,token,price,token_price_ratio,Token Ratio,prices.usd,Computes price ratio between two tokens over time.,generic,"[""time:timestamp"", ""ratio:number""]","[{""key"": ""symbol_a"", ""type"": ""text"", ""label"": ""Token A"", ""default"": null, ""required"": true}, {""key"": ""symbol_b"", ""type"": ""text"", ""label"": ""Token B"", ""default"": null, ""required"": true}, {""key"": ""interval"", ""type"": ""select"", ""label"": ""Interval"", ""default"": ""day"", ""options"": [{""label"": ""Minute"", ""value"": ""minute""}, {""label"": ""Hour"", ""value"": ""hour""}, {""label"": ""Day"", ""value"": ""day""}, {""label"": ""Week"", ""value"": ""week""}, {""label"": ""Month"", ""value"": ""month""}], ""required"": true}]"
token.token_recycling_detector,token,holders,token_recycling_detector,Token reuse patterns,Self-join transfers,Detects token recycling via transfer reuse timing.,generic,"[""time_diff_hours:number"",""reuse_count:number"",""suspicious_transfers:boolean""]","[{""key"": ""contract_address"", ""type"": ""address"", ""label"": ""Contract Address"", ""default"": null, ""required"": true}, {""key"": ""min_usd"", ""type"": ""number"", ""label"": ""Min USD"", ""default"": ""1000"", ""required"": false}]"
token.token_risk_metrics,token,price,token_risk_metrics,Sharpe Sortino Calmar,Multi-token price stats,"Calculates Sharpe, Sortino, Calmar ratios for tokens.",generic,"[""token:string"",""sharpe:number"",""sortino:number"",""calmar:number"",""stdev:number""]","[{""key"": ""lookback_days"", ""type"": ""number"", ""label"": ""Lookback Days"", ""default"": ""365"", ""required"": true}]"
token.token_sharpe_ratio,token,price,token_sharpe_ratio,Risk-Adjusted Returns,Daily returns volatility,Computes Sharpe ratio from daily returns.,generic,"[""sharpe:number"",""sortino:number"",""calmar:number""]","[{""key"": ""token_symbol"", ""type"": ""text"", ""label"": ""Token Symbol"", ""default"": null, ""required"": true}, {""key"": ""lookback_days"", ""type"": ""number"", ""label"": ""Lookback Days"", ""default"": ""365"", ""required"": true}]"
token.token_spend_on_contract,token,transfers,token_spend_on_contract,Spend on Target,Milk Pet Supplies,Aggregates token spend on target contract via tx joins.,generic,"[""day:date"",""value:number""]","[{""key"": ""chain"", ""type"": ""chain"", ""label"": ""Chain"", ""default"": ""polygon"", ""required"": true, ""options"": [{""label"": ""Ethereum"", ""value"": ""ethereum""}, {""label"": ""Base"", ""value"": ""base""}, {""label"": ""Optimism"", ""value"": ""optimism""}, {""label"": ""Arbitrum"", ""value"": ""arbitrum""}, {""label"": ""Polygon"", ""value"": ""polygon""}, {""label"": ""BSC"", ""value"": ""bsc""}, {""label"": ""Avalanche"", ""value"": ""avalanche""}, {""label"": ""Celo"", ""value"": ""celo""}]}, {""key"": ""token_contract"", ""type"": ""address"", ""label"": ""Token Contract"", ""default"": null, ""required"": true}, {""key"": ""target_contract"", ""type"": ""address"", ""label"": ""Target Contract"", ""default"": null, ""required"": true}, {""key"": ""topic0_transfer"", ""type"": ""text"", ""label"": ""Transfer Topic"", ""default"": ""0xddf252ad1be2c89b69c2b068fc378daa952ba7f163c4a11628f55a4df523b3ef"", ""required"": false}, {""key"": ""date_to"", ""type"": ""date"", ""label"": ""End Date"", ""default"": null, ""required"": false}]"
token.token_supply_change,token,supply,token_supply_change,Supply Dynamics,solana.account_activity,"Computes daily minted, burned, and cumulative circulating supply changes.",generic,"[""day:date"",""daily_minted:number"",""daily_burned:number"",""cumulative_supply:number""]","[{""key"": ""contract_address"", ""type"": ""address"", ""label"": ""Contract Address"", ""default"": null, ""required"": true}, {""key"": ""date_from"", ""type"": ""date"", ""label"": ""Start Date"", ""default"": ""\""365 days ago\"""", ""required"": false}]"
token.token_supply_timeseries,token,holders,token_supply_timeseries,Cumulative Supply,ERC20 Transfers,Tracks mint/burn net supply over time.,generic,"[""day:date"", ""supply:number"", ""minted:number"", ""burned:number""]","[{""key"": ""contract_address"", ""type"": ""address"", ""label"": ""Contract Address"", ""default"": null, ""required"": true}, {""key"": ""interval"", ""type"": ""select"", ""label"": ""Interval"", ""default"": ""day"", ""options"": [{""label"": ""Minute"", ""value"": ""minute""}, {""label"": ""Hour"", ""value"": ""hour""}, {""label"": ""Day"", ""value"": ""day""}, {""label"": ""Week"", ""value"": ""week""}, {""label"": ""Month"", ""value"": ""month""}], ""required"": false}]"
token.token_top_holders,token,holders,token_top_holders,Top Token Holders,ERC20 Transfers,Ranks top holders by net balance.,generic,"[""address:string"",""balance:number"",""rank:number""]","[{""key"": ""contract_address"", ""type"": ""address"", ""label"": ""Contract Address"", ""default"": null, ""required"": true}, {""key"": ""top_n"", ""type"": ""number"", ""label"": ""Top N"", ""default"": ""100"", ""required"": false}, {""key"": ""min_balance"", ""type"": ""number"", ""label"": ""Min Balance (wei)"", ""default"": ""0"", ""required"": false}]"
token.token_transfer_path_tracer,token,transfers,token_transfer_path_tracer,Transfer paths,Recursive transfer tracing,Traces multi-hop transfer paths for a token from starting address.,generic,"[""level:number"",""tx_hash:string"",""from:string"",""to:string"",""value:number""]","[{""key"": ""contract_address"", ""type"": ""address"", ""label"": ""Contract Address"", ""default"": null, ""required"": true}, {""key"": ""start_address"", ""type"": ""address"", ""label"": ""Start Address"", ""default"": null, ""required"": true}]"
token.token_user_cohort,token,wallet,token_user_cohort,New vs returning,dex.trades cohort,Computes daily new vs returning users trading token.,generic,"[""time:timestamp"", ""new_users:number"", ""returning_users:number""]","[{""key"": ""contract_address"", ""type"": ""address"", ""label"": ""Contract Address"", ""default"": null, ""required"": true}, {""key"": ""interval"", ""type"": ""select"", ""label"": ""Interval"", ""default"": ""day"", ""options"": [{""label"": ""Minute"", ""value"": ""minute""}, {""label"": ""Hour"", ""value"": ""hour""}, {""label"": ""Day"", ""value"": ""day""}, {""label"": ""Week"", ""value"": ""week""}, {""label"": ""Month"", ""value"": ""month""}], ""required"": false}]"
token.token_velocity,token,transfer,token_velocity,Transfer Velocity,ERC20 Transfers,"Computes daily transferred volume, tx count, cumulative.",generic,"[""day:date"",""daily_volume:number"",""tx_count:number"",""cumulative_volume:number""]","[{""key"": ""contract_address"", ""type"": ""address"", ""label"": ""Contract Address"", ""default"": null, ""required"": true}, {""key"": ""decimals"", ""type"": ""number"", ""label"": ""Decimals"", ""default"": null, ""required"": true}, {""key"": ""days_limit"", ""type"": ""number"", ""label"": ""Days Limit"", ""default"": null, ""required"": false}]"
token.token_version_shares,token,standards,token_version_shares,Standard adoption rates,SPL vs Token-2022,Aggregates creations by token version with daily/weekly shares.,protocol:solana,"[""period:string"",""token_version:string"",""tokens_created:number"",""share:number""]","[{""key"": ""lookback_days"", ""type"": ""number"", ""label"": ""Lookback Days"", ""default"": ""30"", ""required"": false}]"
token.token_wallet_pnl,token,wallet,token_wallet_pnl,Per-Wallet Profit Loss,Dune dex.trades,Calculates net PNL for wallets trading a token.,generic,"[""wallet:string"",""buy_usd:number"",""sell_usd:number"",""net_pnl:number"",""token_held:number""]","[{""key"": ""contract_address"", ""type"": ""address"", ""label"": ""Contract Address"", ""default"": null, ""required"": true}, {""key"": ""date_from"", ""type"": ""date"", ""label"": ""Start Date"", ""default"": null, ""required"": false}]"
token.token_whale_accumulations,token,holders,token_whale_accumulations,Whale Accumulation Rank,Solana transfers,Ranks tokens by daily whale accumulation events using 99th percentile threshold.,generic,"[""day:date"", ""token_mint_address:string"", ""whale_count:number""]","[{""key"": ""threshold_percentile"", ""type"": ""number"", ""label"": ""Whale Percentile"", ""default"": ""0.99"", ""required"": false}, {""key"": ""date_range"", ""type"": ""date_range"", ""label"": ""Date Range"", ""default"": {""to"": """", ""from"": """"}, ""required"": true}, {""key"": ""top_n"", ""type"": ""number"", ""label"": ""Top N"", ""default"": ""10"", ""required"": false}]"
token.token_whale_holders,token,holders,token_whale_holders,Whale Count,ERC20 Transfers,Counts holders above balance threshold.,generic,"[""whale_count:number"",""threshold:string""]","[{""key"": ""contract_address"", ""type"": ""address"", ""label"": ""Contract Address"", ""default"": null, ""required"": true}, {""key"": ""min_balance"", ""type"": ""number"", ""label"": ""Min Balance"", ""default"": ""1000"", ""required"": true}]"
token.top_counterparties,token,holders,top_counterparties,Top counterparties by net flow,ERC20 transfers,Ranks counterparties by net received/sent volume over lookback.,generic,"[""address:string"",""net_flow:number"",""direction:string""]","[{""key"": ""contract_address"", ""type"": ""address"", ""label"": ""Contract Address"", ""default"": null, ""required"": true}, {""key"": ""lookback_days"", ""type"": ""number"", ""label"": ""Lookback Days"", ""default"": ""30"", ""required"": true}, {""key"": ""decimals"", ""type"": ""number"", ""label"": ""Token Decimals"", ""default"": ""18"", ""required"": true}]"
token.top_holder_monthly_volume,token,holders,top_holder_monthly_volume,Top Holder Monthly Flows,Holder-specific volume aggregation,Aggregates monthly sent/received volumes for top token holders.,generic,"[""month:date"", ""holder:string"", ""sent:number"", ""received:number""]","[{""key"": ""contract_address"", ""type"": ""address"", ""label"": ""Contract Address"", ""default"": null, ""required"": true}, {""key"": ""top_n"", ""type"": ""number"", ""label"": ""Top N"", ""default"": ""10"", ""required"": false}]"
token.top_holders,token,holders,top_holders,Top token holders,ERC20 transfer balances,Computes net balances and ranks top holders for any token.,generic,"[""rank:number"",""address:string"",""balance:number""]","[{""key"": ""contract_address"", ""type"": ""address"", ""label"": ""Contract Address"", ""default"": null, ""required"": true}, {""key"": ""top_n"", ""type"": ""number"", ""label"": ""Top N"", ""default"": ""20"", ""required"": false}]"
token.top_holders_balances,token,holders,top_holders_balances,Holder Balances,Latest snapshot,Ranks wallets by most recent token balance.,generic,"[""owner:string"",""token_balance:number""]","[{""key"": ""lookback_days"", ""type"": ""number"", ""label"": ""Lookback Days"", ""default"": ""30"", ""required"": false}]"
token.top_holders_by_balance,token,holders,top_holders_by_balance,Top holders ranked,Latest balances,Ranks wallets by latest known token balance using most recent activity.,generic,"[""rank:number"",""address:string"",""balance:number""]","[{""key"": ""contract_address"", ""type"": ""address"", ""label"": ""Contract Address"", ""default"": null, ""required"": true}, {""key"": ""top_n"", ""type"": ""number"", ""label"": ""Top N"", ""default"": ""100"", ""required"": false}]"
token.top_holders_distribution,token,holders,top_holders_distribution,Top Holders Percent,Balance Percentiles,Ranks top holders by balance share with percentiles.,generic,"[""address:string"",""balance:number"",""share:number"",""rank:number""]","[{""key"": ""contract_address"", ""type"": ""address"", ""label"": ""Contract Address"", ""default"": null, ""required"": true}, {""key"": ""top_n"", ""type"": ""number"", ""label"": ""Top N"", ""default"": ""100"", ""required"": false}]"
token.top_holders_holdings_change,token,holders,top_holders_holdings_change,Top holders change,Dune query 3073653,Computes percentage change in holdings for top holders across periods.,generic,"[""holder_address:string"",""current_hold:number"",""previous_hold:number"",""pct_change:number""]","[{""key"": ""contract_address"", ""type"": ""address"", ""label"": ""Contract Address"", ""default"": null, ""required"": true}, {""key"": ""date_from"", ""type"": ""date"", ""label"": ""Start Date"", ""default"": null, ""required"": true}, {""key"": ""top_n"", ""type"": ""number"", ""label"": ""Top N"", ""default"": ""1000"", ""required"": false}, {""key"": ""min_usd"", ""type"": ""number"", ""label"": ""Min USD"", ""default"": ""1000"", ""required"": false}]"
token.top_holders_net_balance,token,holders,top_holders_net_balance,Top Holders Balance,tokens_solana.transfers net flows,Ranks wallets by net token balance using inflows minus outflows.,generic,"[""wallet:string"",""net_balance:number"",""rank:number""]","[{""key"": ""contract_address"", ""type"": ""address"", ""label"": ""Contract Address"", ""default"": null, ""required"": true}, {""key"": ""date_from"", ""type"": ""date"", ""label"": ""Start Date"", ""default"": null, ""required"": true}, {""key"": ""top_n"", ""type"": ""number"", ""label"": ""Top N"", ""default"": ""10"", ""required"": false}]"
token.top_interactive_wallets,token,wallet,top_interactive_wallets,Interaction Leaders,Send/Receive Counts,Ranks wallets by total send+receive tx using NTILE for top quintile.,generic,"[""participant:string"",""transaction_count:number""]","[{""key"": ""top_n"", ""type"": ""number"", ""label"": ""Top N"", ""default"": ""50"", ""required"": false}]"
token.top_minters_leaderboard,token,holders,top_minters_leaderboard,Minter Rankings,Mint Events,Ranks minters by total minted with timestamps.,generic,"[""minter_address:string"",""total_minted:number"",""first_mint:date""]","[{""key"": ""contract_address"", ""type"": ""address"", ""label"": ""Contract Address"", ""default"": null, ""required"": true}, {""key"": ""top_n"", ""type"": ""number"", ""label"": ""Top N"", ""default"": ""100"", ""required"": false}]"
token.top_net_accumulators,token,holders,top_net_accumulators,Net accumulation rank,Inflow minus outflow,Ranks wallets by net token buys over lookback.,generic,"[""wallet:string"",""net:number"",""inflows:number"",""outflows:number""]","[{""key"": ""contract_address"", ""type"": ""address"", ""label"": ""Contract Address"", ""default"": null, ""required"": true}, {""key"": ""lookback_days"", ""type"": ""number"", ""label"": ""Lookback Days"", ""default"": ""30"", ""required"": false}]"
token.top_net_inflow_wallets,token,holders,top_net_inflow_wallets,Net Inflow Ranking,DEX trades analysis,Ranks wallets by net USD inflow for token over time window.,generic,"[""trader_id:string"",""net_usd:number"",""inflow_usd:number"",""outflow_usd:number""]","[{""key"": ""contract_address"", ""type"": ""address"", ""label"": ""Contract Address"", ""default"": null, ""required"": true}, {""key"": ""date_range"", ""type"": ""date_range"", ""label"": ""Date Range"", ""default"": {""to"": """", ""from"": """"}, ""required"": true}]"
token.top_token_accumulators,token,holders,top_token_accumulators,Top inflows,Recent accumulators,Ranks top net accumulators over lookback period.,generic,"[""wallet:string"",""net_inflow:number"",""rank:number""]","[{""key"": ""contract_address"", ""type"": ""address"", ""label"": ""Contract Address"", ""default"": null, ""required"": true}, {""key"": ""lookback_days"", ""type"": ""number"", ""label"": ""Lookback Days"", ""default"": ""30"", ""required"": true}, {""key"": ""top_n"", ""type"": ""number"", ""label"": ""Top N"", ""default"": ""100"", ""required"": false}]"
token.top_token_holders,token,holders,top_token_holders,Holder Ranking Snapshot,ERC20 transfer balances,Ranks top holders by token balance at snapshot date.,generic,"[""rank:number"",""address:string"",""holding:number""]","[{""key"": ""chain"", ""type"": ""chain"", ""label"": ""Chain"", ""default"": null, ""required"": true, ""options"": [{""label"": ""Ethereum"", ""value"": ""ethereum""}, {""label"": ""Base"", ""value"": ""base""}, {""label"": ""Optimism"", ""value"": ""optimism""}, {""label"": ""Arbitrum"", ""value"": ""arbitrum""}, {""label"": ""Polygon"", ""value"": ""polygon""}, {""label"": ""BSC"", ""value"": ""bsc""}, {""label"": ""Avalanche"", ""value"": ""avalanche""}, {""label"": ""Celo"", ""value"": ""celo""}]}, {""key"": ""contract_address"", ""type"": ""address"", ""label"": ""Contract Address"", ""default"": null, ""required"": true}, {""key"": ""top_n"", ""type"": ""number"", ""label"": ""Top N"", ""default"": ""100"", ""required"": false}, {""key"": ""date_to"", ""type"": ""date"", ""label"": ""End Date"", ""default"": null, ""required"": false}]"
token.trader_cluster_detector,token,wallet,trader_cluster_detector,Inter-Trader Connections,tokens_solana.transfers,Detects clusters of traders exchanging tokens among themselves from protocol activity.,protocol:pump.fun,"[""wallet:string"",""cluster_size:number"",""connections:number""]","[{""key"": ""protocol"", ""type"": ""text"", ""label"": ""Protocol"", ""default"": ""pump.fun"", ""required"": false}, {""key"": ""lookback_days"", ""type"": ""number"", ""label"": ""Lookback Days"", ""default"": ""30"", ""required"": false}]"
token.trader_size_classification,token,wallet,trader_size_classification,Whale Dolphin Segmentation,dex_solana.trades,"Classifies traders by average USD volume per trade into whale, dolphin, fish, shrimp.",generic,"[""trader_id:string"",""classification:string"",""avg_usd_vol:number""]","[{""key"": ""contract_address"", ""type"": ""address"", ""label"": ""Contract Address"", ""default"": null, ""required"": true}]"
token.trading_hour_distribution,token,dex,trading_hour_distribution,Hourly Trade Patterns,Time-based anomaly detection,Reveals trade concentration by hour/minute for potential bot patterns.,generic,"[""hour_minute:string"",""trades_count:number"",""days_active:number""]","[{""key"": ""contract_address"", ""type"": ""address"", ""label"": ""Contract Address"", ""default"": null, ""required"": true}]"
token.transfer_graph,token,wallet,transfer_graph,Transfer Tracing,Recursive transfers,Traces multi-level token transfers from a starting wallet.,generic,"[""level:number"",""from:string"",""to:string"",""value:number""]","[{""key"": ""wallet_address"", ""type"": ""address"", ""label"": ""Wallet Address"", ""default"": null, ""required"": true}, {""key"": ""contract_address"", ""type"": ""address"", ""label"": ""Contract Address"", ""default"": null, ""required"": true}, {""key"": ""max_levels"", ""type"": ""number"", ""label"": ""Max Depth"", ""default"": ""5"", ""required"": false}]"
token.transfer_parent_origins,token,transfer,transfer_parent_origins,Transfer Caller Breakdown,Parent Trace Analysis,Classifies ERC20 transfers by originating parent trace caller.,generic,"[""time:timestamp"", ""caller:string"", ""calls:number"", ""volume:number""]","[{""key"": ""lookback_days"", ""type"": ""number"", ""label"": ""Lookback Days"", ""default"": ""30"", ""required"": false}]"
token.user_cohort_analyzer,token,wallet,user_cohort_analyzer,New vs Returning Users,Dune dex_solana.trades,Analyzes new vs returning user cohorts over time for token.,generic,"[""cohort_date:date"", ""new_users:number"", ""returning_users:number"", ""retention:number""]","[{""key"": ""contract_address"", ""type"": ""address"", ""label"": ""Contract Address"", ""default"": null, ""required"": true}, {""key"": ""lookback_days"", ""type"": ""number"", ""label"": ""Lookback Days"", ""default"": ""30"", ""required"": true}]"
token.user_cohorts,token,holders,user_cohorts,Cohort Counts,Dune Query 5928321,Classifies users by first interaction block.,generic,"[""cohort:string"",""user_count:number"",""first_block:number""]","[{""key"": ""contract_address"", ""type"": ""address"", ""label"": ""Contract Address"", ""default"": null, ""required"": true}, {""key"": ""cohort_blocks"", ""type"": ""text"", ""label"": ""Cohort Blocks"", ""default"": null, ""required"": false}]"
token.variant_token_ranker,token,dex,variant_token_ranker,Variant token volume,DEX trades,Ranks tokens matching symbol pattern by recent volume.,generic,"[""symbol:string"",""volume:number""]","[{""key"": ""base_symbol"", ""type"": ""text"", ""label"": ""Base symbol"", ""default"": ""BTC"", ""required"": false}, {""key"": ""lookback_days"", ""type"": ""number"", ""label"": ""Lookback Days"", ""default"": ""30"", ""required"": false}]"
token.voter_participation_rate,token,holders,voter_participation_rate,Voter vs Holder Share,On-chain governance metrics,Calculates unique voters share among total holders at snapshots.,protocol:uniswap,"[""snapshot:string"",""total_holders:number"",""unique_voters:number"",""share_voters:number""]","[{""key"": ""contract_address"", ""type"": ""address"", ""label"": ""Contract Address"", ""default"": null, ""required"": true}]"
token.wallet_accumulator,token,holders,wallet_accumulator,Net Accumulation,Buy minus sell volume,Identifies wallets with net accumulation exceeding threshold.,generic,"[""net_usd:number"",""is_accumulating:boolean""]","[{""key"": ""contract_address"", ""type"": ""address"", ""label"": ""Contract Address"", ""default"": null, ""required"": true}, {""key"": ""lookback_days"", ""type"": ""number"", ""label"": ""Lookback Days"", ""default"": ""7"", ""required"": true}, {""key"": ""threshold_usd"", ""type"": ""number"", ""label"": ""Min USD Threshold"", ""default"": ""500"", ""required"": false}]"
token.wallet_cohort_first_seen,token,wallet,wallet_cohort_first_seen,First activity cohort,ERC20 transfers,Identifies first interaction day per wallet for cohort analysis.,generic,"[""wallet:string"", ""first_seen_day:date"", ""total_activity:number""]","[{""key"": ""contract_address"", ""type"": ""address"", ""label"": ""Contract Address"", ""default"": null, ""required"": true}, {""key"": ""min_activity"", ""type"": ""number"", ""label"": ""Min transfers"", ""default"": ""1"", ""required"": false}]"
token.wallet_cohort_growth,token,holders,wallet_cohort_growth,New vs Returning,ERC20 transfers Dune,"Tracks weekly new, returning, and total active wallets.",generic,"[""week:date"", ""new_wallets:number"", ""returning_wallets:number"", ""total_wallets:number""]","[{""key"": ""contract_address"", ""type"": ""address"", ""label"": ""Contract Address"", ""default"": null, ""required"": true}, {""key"": ""interval"", ""type"": ""select"", ""label"": ""Interval"", ""default"": ""week"", ""options"": [{""label"": ""Minute"", ""value"": ""minute""}, {""label"": ""Hour"", ""value"": ""hour""}, {""label"": ""Day"", ""value"": ""day""}, {""label"": ""Week"", ""value"": ""week""}, {""label"": ""Month"", ""value"": ""month""}], ""required"": false}]"
token.wallet_native_balance_usd,token,wallet,wallet_native_balance_usd,Native Balance USD,Ethereum transactions + prices,Computes net native token balance in USD for wallet.,generic,"[""balance:number"",""token_price:number"",""balance_usd:number""]","[{""key"": ""chain"", ""type"": ""chain"", ""label"": ""Chain"", ""default"": null, ""required"": true, ""options"": [{""label"": ""Ethereum"", ""value"": ""ethereum""}, {""label"": ""Base"", ""value"": ""base""}, {""label"": ""Optimism"", ""value"": ""optimism""}, {""label"": ""Arbitrum"", ""value"": ""arbitrum""}, {""label"": ""Polygon"", ""value"": ""polygon""}, {""label"": ""BSC"", ""value"": ""bsc""}, {""label"": ""Avalanche"", ""value"": ""avalanche""}, {""label"": ""Celo"", ""value"": ""celo""}]}, {""key"": ""native_token"", ""type"": ""text"", ""label"": ""Native Token"", ""default"": null, ""required"": true}, {""key"": ""wallet_address"", ""type"": ""address"", ""label"": ""Wallet Address"", ""default"": null, ""required"": true}]"
token.wallet_netflow_daily,token,wallet,wallet_netflow_daily,Wallet Netflow,Ethereum Transactions,"Calculates daily inflows, outflows, netflow for wallet.",generic,"[""day:date"", ""inflow:number"", ""outflow:number"", ""netflow:number""]","[{""key"": ""wallet_address"", ""type"": ""address"", ""label"": ""Wallet Address"", ""default"": null, ""required"": true}, {""key"": ""date_from"", ""type"": ""date"", ""label"": ""Start Date"", ""default"": null, ""required"": false}]"
token.wallet_net_position,token,holders,wallet_net_position,Net buy/sell per wallet,ERC20 transfers,Computes net token buys minus sells for wallets over period.,generic,"[""wallet:string"",""token_bought:number"",""token_sold:number"",""net_position:number""]","[{""key"": ""contract_address"", ""type"": ""address"", ""label"": ""Contract Address"", ""default"": null, ""required"": true}, {""key"": ""date_from"", ""type"": ""date"", ""label"": ""Start Date"", ""default"": null, ""required"": true}]"
token.wallet_net_token_balance,token,holders,wallet_net_token_balance,Net Token Holdings,erc20 transfers union,Computes net token balance (bought - sold) for wallets across multiple chains.,generic,"[""wallet:string"",""net_balance:number""]","[{""key"": ""chain1"", ""type"": ""chain"", ""label"": ""Chain 1"", ""default"": ""ethereum"", ""required"": true, ""options"": [{""label"": ""Ethereum"", ""value"": ""ethereum""}, {""label"": ""Base"", ""value"": ""base""}, {""label"": ""Optimism"", ""value"": ""optimism""}, {""label"": ""Arbitrum"", ""value"": ""arbitrum""}, {""label"": ""Polygon"", ""value"": ""polygon""}, {""label"": ""BSC"", ""value"": ""bsc""}, {""label"": ""Avalanche"", ""value"": ""avalanche""}, {""label"": ""Celo"", ""value"": ""celo""}]}, {""key"": ""chain2"", ""type"": ""chain"", ""label"": ""Chain 2"", ""default"": ""polygon"", ""required"": true, ""options"": [{""label"": ""Ethereum"", ""value"": ""ethereum""}, {""label"": ""Base"", ""value"": ""base""}, {""label"": ""Optimism"", ""value"": ""optimism""}, {""label"": ""Arbitrum"", ""value"": ""arbitrum""}, {""label"": ""Polygon"", ""value"": ""polygon""}, {""label"": ""BSC"", ""value"": ""bsc""}, {""label"": ""Avalanche"", ""value"": ""avalanche""}, {""label"": ""Celo"", ""value"": ""celo""}]}, {""key"": ""contract_address"", ""type"": ""address"", ""label"": ""Contract Address"", ""default"": null, ""required"": true}]"
token.wallet_realized_cap,token,holders,wallet_realized_cap,Realized Cap,Dune dex.trades,Computes net held amount weighted by average buy price per wallet.,generic,"[""wallet_address:string"",""realized_cap:number"",""avg_buy_price:number""]","[{""key"": ""contract_address"", ""type"": ""address"", ""label"": ""Contract Address"", ""default"": null, ""required"": true}]"
token.wallet_realized_pnl,token,wallet,wallet_realized_pnl,Wallet PnL and Win Rate,tokens_solana.transfers,"Calculates realized PnL, win-rate for wallets trading token over period.",generic,"[""wallet:string"",""pnl_usd:number"",""win_rate:number"",""buy_volume:number""]","[{""key"": ""contract_address"", ""type"": ""address"", ""label"": ""Contract Address"", ""default"": null, ""required"": true}, {""key"": ""lookback_days"", ""type"": ""number"", ""label"": ""Lookback Days"", ""default"": ""30"", ""required"": true}]"
token.wallet_retention_cohort,token,holders,wallet_retention_cohort,Retention Metrics,Daily vs total wallets,Tracks daily unique wallets relative to total for retention analysis.,generic,"[""day:date"", ""unique_wallets:number"", ""total_unique:number"", ""retention_rate:number""]","[{""key"": ""contract_address"", ""type"": ""address"", ""label"": ""Contract Address"", ""default"": null, ""required"": true}, {""key"": ""lookback_days"", ""type"": ""number"", ""label"": ""Lookback Days"", ""default"": ""200"", ""required"": true}]"
token.wallet_token_flow_timeseries,token,wallet,wallet_token_flow_timeseries,Daily inflow/outflow,ERC20 transfers,Computes daily net token inflows and outflows for a specific wallet.,generic,"[""time:timestamp"", ""category:string"", ""raw_amt:number""]","[{""key"": ""token_contract"", ""type"": ""address"", ""label"": ""Token contract"", ""default"": null, ""required"": true}, {""key"": ""wallet_address"", ""type"": ""address"", ""label"": ""Wallet Address"", ""default"": null, ""required"": true}, {""key"": ""token_decimals"", ""type"": ""number"", ""label"": ""Token decimals"", ""default"": ""18"", ""required"": true}]"
token.wallet_token_netflow,token,wallet,wallet_token_netflow,Net In/Out Flow,ERC20 wallet deltas,Computes hourly net token flow for wallet.,generic,"[""period:string"",""inflow:number"",""outflow:number"",""netflow:number""]","[{""key"": ""contract_address"", ""type"": ""address"", ""label"": ""Contract Address"", ""default"": null, ""required"": true}, {""key"": ""wallet_address"", ""type"": ""address"", ""label"": ""Wallet Address"", ""default"": null, ""required"": true}, {""key"": ""interval"", ""type"": ""select"", ""label"": ""Interval"", ""default"": ""hour"", ""options"": [{""label"": ""Minute"", ""value"": ""minute""}, {""label"": ""Hour"", ""value"": ""hour""}, {""label"": ""Day"", ""value"": ""day""}, {""label"": ""Week"", ""value"": ""week""}, {""label"": ""Month"", ""value"": ""month""}], ""required"": false}]"
token.wallet_volume_leaderboard,token,wallet,wallet_volume_leaderboard,Top Wallet Volumes,Dune dex.trades + prices,"Ranks wallets by daily volume, trades, buys/sells, and tokens traded.",generic,"[""wallet:string"",""total_volume_usd:number"",""daily_trades:number"",""daily_buys:number"",""daily_sells:number""]","[{""key"": ""protocol"", ""type"": ""text"", ""label"": ""Protocol"", ""default"": null, ""required"": true}, {""key"": ""date_from"", ""type"": ""date"", ""label"": ""Start Date"", ""default"": null, ""required"": true}, {""key"": ""top_n"", ""type"": ""number"", ""label"": ""Top N"", ""default"": ""100"", ""required"": false}]"
token.wallet_winrate_calculator,token,wallet,wallet_winrate_calculator,FIFO Winrate,dex_solana.trades,"Computes FIFO-based win-rate, realized ROI, and PNL for wallet batches on input tokens.",generic,"[""wallet:string"",""winrate:number"",""roi:number"",""total_pnl:number"",""trade_count:number""]","[{""key"": ""query_id"", ""type"": ""number"", ""label"": ""\""Input Pairs Query ID\"""", ""default"": null, ""required"": true}, {""key"": ""days_back"", ""type"": ""number"", ""label"": ""\""Days Back\"""", ""default"": ""30"", ""required"": true}, {""key"": ""min_cost_usd"", ""type"": ""number"", ""label"": ""\""Min Cost USD\"""", ""default"": ""1e-6"", ""required"": false}]"
token.weekly_holder_growth,token,holders,weekly_holder_growth,Holder Count Trend,Cumulative Balance Calc,Computes weekly holder growth via net balance changes.,generic,"[""week:date"",""holder_count:number"",""growth_rate:number""]","[{""key"": ""contract_address"", ""type"": ""address"", ""label"": ""Contract Address"", ""default"": null, ""required"": true}, {""key"": ""date_from"", ""type"": ""date"", ""label"": ""Start Date"", ""default"": null, ""required"": false}]"
token.whale_activity_tracker,token,holders,whale_activity_tracker,Whale Buy/Sell Activity,tokens_solana.transfers,Classifies large transfers as whale buys or sells exceeding average size threshold.,generic,"[""date:date"", ""wallet:string"", ""amount:number"", ""action:string""]","[{""key"": ""contract_address"", ""type"": ""address"", ""label"": ""Contract Address"", ""default"": null, ""required"": true}, {""key"": ""threshold_multiplier"", ""type"": ""number"", ""label"": ""Threshold Multiplier"", ""default"": ""10"", ""required"": false}]"
token.whale_balance_activity,token,holders,whale_balance_activity,Whale balance vs activity,Solana transfers table,Computes final token balances and correlates with trading volume/activity for whale identification.,generic,"[""wallet:string"",""final_balance:number"",""volume_out:number"",""holder_score:number""]","[{""key"": ""contract_address"", ""type"": ""address"", ""label"": ""Contract Address"", ""default"": null, ""required"": true}, {""key"": ""min_balance"", ""type"": ""number"", ""label"": ""Min balance USD"", ""default"": ""10000"", ""required"": false}]"
token.whale_buy_sell_hold,token,holders,whale_buy_sell_hold,Whale Portfolio,Buy/sell net hold,Detects whales with buy/sell volumes and current net holdings.,generic,"[""address:string"",""total_bought:number"",""total_sold:number"",""net_hold:number""]","[{""key"": ""contract_address"", ""type"": ""address"", ""label"": ""Contract Address"", ""default"": null, ""required"": true}, {""key"": ""date_from"", ""type"": ""date"", ""label"": ""Start Date"", ""default"": null, ""required"": true}, {""key"": ""min_usd"", ""type"": ""number"", ""label"": ""Min USD"", ""default"": ""1000"", ""required"": true}]"
token.whale_exchange_flows,token,holders,whale_exchange_flows,Whale Deposits to Exchanges,Ethereum Transactions,Detects whale transfers to exchanges.,generic,"[""from_address:string"",""to_address:string"",""eth_amount:number"",""block_time:timestamp"",""transaction_hash:string""]","[{""key"": ""threshold_eth"", ""type"": ""number"", ""label"": ""Minimum ETH threshold"", ""default"": null, ""required"": true}, {""key"": ""date_to"", ""type"": ""date"", ""label"": ""End Date"", ""default"": null, ""required"": false}, {""key"": ""chain"", ""type"": ""chain"", ""label"": ""Chain"", ""default"": ""ethereum"", ""required"": false, ""options"": [{""label"": ""Ethereum"", ""value"": ""ethereum""}, {""label"": ""Base"", ""value"": ""base""}, {""label"": ""Optimism"", ""value"": ""optimism""}, {""label"": ""Arbitrum"", ""value"": ""arbitrum""}, {""label"": ""Polygon"", ""value"": ""polygon""}, {""label"": ""BSC"", ""value"": ""bsc""}, {""label"": ""Avalanche"", ""value"": ""avalanche""}, {""label"": ""Celo"", ""value"": ""celo""}]}]"
token.whale_holder_count,token,holders,whale_holder_count,Whale Holders,ERC20 Transfers,Counts holders above balance threshold.,generic,"[""whale_count:number"",""total_holders:number"",""whale_pct:number""]","[{""key"": ""contract_address"", ""type"": ""address"", ""label"": ""Contract Address"", ""default"": null, ""required"": true}, {""key"": ""threshold"", ""type"": ""number"", ""label"": ""Min Balance"", ""default"": ""1"", ""required"": true}]"
token.whale_holder_distribution,token,holders,whale_holder_distribution,Holder Balance Buckets,ERC20 transfers,Distributes holders into balance tiers revealing whale concentration.,generic,"[""bucket:string"",""holder_count:number"",""total_balance:number"",""pct_holders:number""]","[{""key"": ""contract_address"", ""type"": ""address"", ""label"": ""Contract Address"", ""default"": null, ""required"": true}, {""key"": ""threshold_usd"", ""type"": ""number"", ""label"": ""Min USD Threshold"", ""default"": ""1000"", ""required"": false}]"
token.whale_inflow_detector,token,holders,whale_inflow_detector,Whale inflows hourly,Dune query 5541546,Detects whales accumulating via large hourly inflows.,generic,"[""whale_address:string"",""hour_bucket:string"",""total_inflow:number"",""transfer_count:number""]","[{""key"": ""contract_address"", ""type"": ""address"", ""label"": ""Contract Address"", ""default"": null, ""required"": true}, {""key"": ""threshold_usd"", ""type"": ""number"", ""label"": ""Min USD Threshold"", ""default"": ""100000"", ""required"": true}, {""key"": ""date_from"", ""type"": ""date"", ""label"": ""Start Date"", ""default"": null, ""required"": true}]"
token.whale_net_stakers,token,holders,whale_net_stakers,Net Whale Stakes,Stake minus withdraw logs,Computes net stake balances for top whales.,generic,"[""user:string"",""net_amount:number""]","[{""key"": ""contract_address"", ""type"": ""address"", ""label"": ""Contract Address"", ""default"": null, ""required"": true}, {""key"": ""top_n"", ""type"": ""number"", ""label"": ""Top N"", ""default"": ""100"", ""required"": false}, {""key"": ""min_usd"", ""type"": ""number"", ""label"": ""Min USD"", ""default"": null, ""required"": false}]"
token.whale_outflow_summary,token,holders,whale_outflow_summary,Whale Transfer Out Summary,Ethereum transactions,Summarizes whale outflows post threshold.,generic,"[""total_amount:number"",""max_amount:number"",""tx_count:number"",""distinct_receivers:number""]","[{""key"": ""date_from"", ""type"": ""date"", ""label"": ""Start Date"", ""default"": null, ""required"": true}, {""key"": ""wallet_address"", ""type"": ""address"", ""label"": ""Wallet Address"", ""default"": null, ""required"": true}, {""key"": ""min_eth"", ""type"": ""number"", ""label"": ""Min ETH"", ""default"": ""1"", ""required"": true}]"
token.whale_retail_holder_distribution,token,holders,whale_retail_holder_distribution,Whale vs Retail Holders,ERC20 balance aggregation,Classifies holders as whales or retail with counts and percentages.,generic,"[""holder_type:string"",""number_of_holders:number"",""total_balance:number"",""percentage:number""]","[{""key"": ""contract_address"", ""type"": ""address"", ""label"": ""Contract Address"", ""default"": null, ""required"": true}, {""key"": ""threshold_usd"", ""type"": ""number"", ""label"": ""Min USD Threshold"", ""default"": ""1000000"", ""required"": false}]"
token.whale_retail_volume_split,token,dex,whale_retail_volume_split,Whale vs retail by period,Dune dex_solana.trades,Splits buy/sell volume by whale (>threshold) vs retail.,generic,"[""date:date"", ""user_type:string"", ""buy_volume:number"", ""sell_volume:number""]","[{""key"": ""contract_address"", ""type"": ""address"", ""label"": ""Contract Address"", ""default"": null, ""required"": true}, {""key"": ""interval"", ""type"": ""select"", ""label"": ""Interval"", ""default"": ""day"", ""options"": [{""label"": ""Minute"", ""value"": ""minute""}, {""label"": ""Hour"", ""value"": ""hour""}, {""label"": ""Day"", ""value"": ""day""}, {""label"": ""Week"", ""value"": ""week""}, {""label"": ""Month"", ""value"": ""month""}], ""required"": true}, {""key"": ""threshold_usd"", ""type"": ""number"", ""label"": ""Min USD Threshold"", ""default"": ""10000"", ""required"": true}]"
token.whale_transfers_leaderboard,token,whale,whale_transfers_leaderboard,Whale ETH Transfers,Threshold filter,Leaderboard of large ETH transfers by recipient daily.,generic,"[""day:date"", ""to_address:string"", ""total_eth:number"", ""tx_count:number""]","[{""key"": ""min_usd"", ""type"": ""number"", ""label"": ""Min USD"", ""default"": ""1000000"", ""required"": true}, {""key"": ""date_from"", ""type"": ""date"", ""label"": ""Start Date"", ""default"": ""7"", ""required"": false}, {""key"": ""top_n"", ""type"": ""number"", ""label"": ""Top N"", ""default"": ""100"", ""required"": false}]"
token.whale_transfer_volume,token,holders,whale_transfer_volume,Monthly Whale Transfers,Ethereum Transactions,Aggregates large ETH transfers into whale categories monthly.,generic,"[""month:date"", ""whale_category:string"", ""num_transactions:number"", ""eth_transfer:number""]","[{""key"": ""date_from"", ""type"": ""date"", ""label"": ""Start Date"", ""default"": null, ""required"": true}, {""key"": ""min_eth"", ""type"": ""number"", ""label"": ""Min ETH threshold"", ""default"": ""1000"", ""required"": false}]"
token.wrapped_token_price_ratio,token,price,wrapped_token_price_ratio,Wrapped Price Ratio,Wrap transfer join,Derives wrapped token price from underlying/wrapped transfer ratios on same tx.,generic,"[""time:timestamp"", ""ratio:number"", ""wrapped_amount:number"", ""underlying_amount:number""]","[{""key"": ""wrapped_contract"", ""type"": ""address"", ""label"": ""Wrapped Token"", ""default"": null, ""required"": true}, {""key"": ""underlying_contract"", ""type"": ""address"", ""label"": ""Underlying Token"", ""default"": null, ""required"": true}]"
wallet.activity_timeline,wallet,activity,activity_timeline,Activity timeline,Wallet transaction timeline,Daily transaction activity for a wallet — identifies active periods and dormancy.,generic,[],"[{""key"": ""chain"", ""type"": ""chain"", ""label"": ""Chain"", ""default"": ""ethereum"", ""options"": [{""label"": ""Ethereum"", ""value"": ""ethereum""}, {""label"": ""Base"", ""value"": ""base""}, {""label"": ""Optimism"", ""value"": ""optimism""}, {""label"": ""Arbitrum"", ""value"": ""arbitrum""}, {""label"": ""Polygon"", ""value"": ""polygon""}, {""label"": ""BSC"", ""value"": ""bsc""}, {""label"": ""Avalanche"", ""value"": ""avalanche""}, {""label"": ""Celo"", ""value"": ""celo""}], ""required"": true}, {""key"": ""wallet"", ""type"": ""address"", ""label"": ""Wallet address"", ""required"": true, ""placeholder"": ""0x...""}, {""key"": ""days"", ""type"": ""select"", ""label"": ""Time range"", ""default"": ""365"", ""options"": [{""label"": ""Last 7 days"", ""value"": ""7""}, {""label"": ""Last 30 days"", ""value"": ""30""}, {""label"": ""Last 90 days"", ""value"": ""90""}, {""label"": ""Last 180 days"", ""value"": ""180""}, {""label"": ""Last year"", ""value"": ""365""}, {""label"": ""All time"", ""value"": ""all""}], ""required"": true}]"
wallet.bot_activity_detector,wallet,identity,bot_activity_detector,Bot Activity Score,5min tx bursts,Detects potential bots via average transactions per signer in 5-minute intervals.,generic,"[""month:date"", ""signer:string"", ""bot_score:number""]","[{""key"": ""date_range"", ""type"": ""date_range"", ""label"": ""Date Range"", ""default"": {""to"": """", ""from"": """"}, ""required"": true}]"
wallet.bot_nonbot_daily_fees,wallet,gas,bot_nonbot_daily_fees,Bot vs Non-Bot Fees,Dune Solana Txs,Classifies wallets as bots (100+ daily txs) vs non-bots and splits fees/volume by day.,generic,"[""day:date"", ""bot_fees:number"", ""nonbot_fees:number"", ""bot_txs:number"", ""nonbot_txs:number""]","[{""key"": ""lookback_days"", ""type"": ""number"", ""label"": ""Lookback Days"", ""default"": ""30"", ""required"": false}, {""key"": ""bot_threshold"", ""type"": ""number"", ""label"": ""Bot Tx Threshold"", ""default"": ""100"", ""required"": false}]"
wallet.cex_interactions,wallet,cex,cex_interactions,CEX interaction detector,Known CEX hot wallet labels,Deposits and withdrawals to/from known centralised exchange hot wallets.,generic,[],"[{""key"": ""chain"", ""type"": ""chain"", ""label"": ""Chain"", ""default"": ""ethereum"", ""options"": [{""label"": ""Ethereum"", ""value"": ""ethereum""}, {""label"": ""Base"", ""value"": ""base""}, {""label"": ""Optimism"", ""value"": ""optimism""}, {""label"": ""Arbitrum"", ""value"": ""arbitrum""}, {""label"": ""Polygon"", ""value"": ""polygon""}, {""label"": ""BSC"", ""value"": ""bsc""}, {""label"": ""Avalanche"", ""value"": ""avalanche""}, {""label"": ""Celo"", ""value"": ""celo""}], ""required"": true}, {""key"": ""wallet"", ""type"": ""address"", ""label"": ""Wallet address"", ""required"": true, ""placeholder"": ""0x...""}, {""key"": ""days"", ""type"": ""select"", ""label"": ""Time range"", ""default"": ""90"", ""options"": [{""label"": ""Last 7 days"", ""value"": ""7""}, {""label"": ""Last 30 days"", ""value"": ""30""}, {""label"": ""Last 90 days"", ""value"": ""90""}, {""label"": ""Last 180 days"", ""value"": ""180""}, {""label"": ""Last year"", ""value"": ""365""}, {""label"": ""All time"", ""value"": ""all""}], ""required"": true}]"
wallet.cohort_retention_rate,wallet,cohort,cohort_retention_rate,Retention Rate,User Retention,Computes retention rate for defined user cohort over period.,generic,"[""initial_users:number"",""retained_users:number"",""retention_rate:number""]","[{""key"": ""date_range_1"", ""type"": ""date_range"", ""label"": ""Date Range 1"", ""default"": {""to"": """", ""from"": """"}, ""required"": true}, {""key"": ""date_range_2"", ""type"": ""date_range"", ""label"": ""Date Range 2"", ""default"": {""to"": """", ""from"": """"}, ""required"": true}]"
wallet.cohort_user_retention,wallet,retention,cohort_user_retention,Weekly Retention Rates,Cohort analysis,Computes retention rates by cohort week and subsequent weeks.,generic,"[""cohort_week:date"",""week_number:number"",""active_wallets:number"",""retention_rate:number""]","[{""key"": ""lookback_days"", ""type"": ""number"", ""label"": ""Lookback Days"", ""default"": ""365"", ""required"": true}]"
wallet.common_funder,wallet,identity,common_funder,Common funder / clustering,Common-input funding heuristic,Finds wallets that funded a set of addresses — common-input heuristic for clustering.,generic,[],"[{""key"": ""chain"", ""type"": ""chain"", ""label"": ""Chain"", ""default"": ""ethereum"", ""options"": [{""label"": ""Ethereum"", ""value"": ""ethereum""}, {""label"": ""Base"", ""value"": ""base""}, {""label"": ""Optimism"", ""value"": ""optimism""}, {""label"": ""Arbitrum"", ""value"": ""arbitrum""}, {""label"": ""Polygon"", ""value"": ""polygon""}, {""label"": ""BSC"", ""value"": ""bsc""}, {""label"": ""Avalanche"", ""value"": ""avalanche""}, {""label"": ""Celo"", ""value"": ""celo""}], ""required"": true}, {""key"": ""wallets"", ""type"": ""address[]"", ""label"": ""Target addresses"", ""required"": true, ""placeholder"": ""0x...""}, {""key"": ""days"", ""type"": ""select"", ""label"": ""Look-back window"", ""default"": ""365"", ""options"": [{""label"": ""Last 7 days"", ""value"": ""7""}, {""label"": ""Last 30 days"", ""value"": ""30""}, {""label"": ""Last 90 days"", ""value"": ""90""}, {""label"": ""Last 180 days"", ""value"": ""180""}, {""label"": ""Last year"", ""value"": ""365""}, {""label"": ""All time"", ""value"": ""all""}], ""required"": true}]"
wallet.contract_stickiness_score,wallet,retention,contract_stickiness_score,Stickiness Metrics,DAU/MAU Analysis,Measures contract interaction stickiness via DAU/MAU ratios.,generic,"[""contract:string"",""dau:number"",""mau:number"",""stickiness_ratio:number""]","[{""key"": ""date_from"", ""type"": ""date"", ""label"": ""Start Date"", ""default"": null, ""required"": true}]"
wallet.counterparty_frequency,wallet,identity,counterparty_frequency,Counterparty frequency,Wallet counterparty frequency,Most frequent addresses a wallet interacts with — surfaces key relationships.,generic,[],"[{""key"": ""chain"", ""type"": ""chain"", ""label"": ""Chain"", ""default"": ""ethereum"", ""options"": [{""label"": ""Ethereum"", ""value"": ""ethereum""}, {""label"": ""Base"", ""value"": ""base""}, {""label"": ""Optimism"", ""value"": ""optimism""}, {""label"": ""Arbitrum"", ""value"": ""arbitrum""}, {""label"": ""Polygon"", ""value"": ""polygon""}, {""label"": ""BSC"", ""value"": ""bsc""}, {""label"": ""Avalanche"", ""value"": ""avalanche""}, {""label"": ""Celo"", ""value"": ""celo""}], ""required"": true}, {""key"": ""wallet"", ""type"": ""address"", ""label"": ""Wallet address"", ""required"": true, ""placeholder"": ""0x...""}, {""key"": ""days"", ""type"": ""select"", ""label"": ""Time range"", ""default"": ""90"", ""options"": [{""label"": ""Last 7 days"", ""value"": ""7""}, {""label"": ""Last 30 days"", ""value"": ""30""}, {""label"": ""Last 90 days"", ""value"": ""90""}, {""label"": ""Last 180 days"", ""value"": ""180""}, {""label"": ""Last year"", ""value"": ""365""}, {""label"": ""All time"", ""value"": ""all""}], ""required"": true}, {""key"": ""top_n"", ""type"": ""select"", ""label"": ""Top N counterparties"", ""default"": ""25"", ""options"": [{""label"": ""Top 10"", ""value"": ""10""}, {""label"": ""Top 25"", ""value"": ""25""}, {""label"": ""Top 50"", ""value"": ""50""}, {""label"": ""Top 100"", ""value"": ""100""}], ""required"": true}]"
wallet.counterparty_network_size,wallet,identity,counterparty_network_size,Avg Interaction Degree,Wallet graph analysis,Averages distinct senders interacting with a wallet's counterparties.,generic,"[""avg_degree:number""]","[{""key"": ""wallet_address"", ""type"": ""address"", ""label"": ""Wallet Address"", ""default"": null, ""required"": true}]"
wallet.cumulative_new_protocol_users,wallet,identity,cumulative_new_protocol_users,Cumulative new users,transactions first tx cohort,Computes daily new users by first interaction date and cumulative total.,protocol,"[""date:date"", ""new_users:number"", ""cumulative_users:number""]","[{""key"": ""protocol"", ""type"": ""text"", ""label"": ""Protocol"", ""default"": null, ""required"": true}, {""key"": ""date_from"", ""type"": ""date"", ""label"": ""Start Date"", ""default"": null, ""required"": false}]"
wallet.daily_new_vs_existing_users,wallet,cohort,daily_new_vs_existing_users,User Segmentation,Deposit Transactions,Segments daily users into new and returning based on first interaction.,generic,"[""time:timestamp"", ""new:number"", ""existing:number""]","[{""key"": ""protocol_address"", ""type"": ""address"", ""label"": ""\""Protocol Address\"""", ""default"": null, ""required"": true}, {""key"": ""lookback_days"", ""type"": ""number"", ""label"": ""Lookback Days"", ""default"": ""60"", ""required"": false}]"
wallet.daily_tx_cohort_contract_calls,wallet,cohort,daily_tx_cohort_contract_calls,Cohort Contract Calls,tx cohorts + labels,Classifies users into daily transaction volume cohorts and counts their contract calls.,generic,"[""block_date:date"",""cohort:string"",""contract:string"",""call_count:number""]","[{""key"": ""chain"", ""type"": ""chain"", ""label"": ""Chain"", ""default"": null, ""required"": true, ""options"": [{""label"": ""Ethereum"", ""value"": ""ethereum""}, {""label"": ""Base"", ""value"": ""base""}, {""label"": ""Optimism"", ""value"": ""optimism""}, {""label"": ""Arbitrum"", ""value"": ""arbitrum""}, {""label"": ""Polygon"", ""value"": ""polygon""}, {""label"": ""BSC"", ""value"": ""bsc""}, {""label"": ""Avalanche"", ""value"": ""avalanche""}, {""label"": ""Celo"", ""value"": ""celo""}]}, {""key"": ""date_range"", ""type"": ""date_range"", ""label"": ""Date Range"", ""default"": {""to"": """", ""from"": """"}, ""required"": true}, {""key"": ""tx_success"", ""type"": ""text"", ""label"": ""Success Only"", ""default"": ""true"", ""required"": false}]"
wallet.daily_user_cohorts,wallet,wallet,daily_user_cohorts,New vs returning users,Polygon tx analysis,"Computes daily new, returning, and total active users.",generic,"[""date:date"", ""new_users:number"", ""returning_users:number"", ""total_users:number""]","[{""key"": ""protocol"", ""type"": ""text"", ""label"": ""Protocol"", ""default"": null, ""required"": true}, {""key"": ""date_from"", ""type"": ""date"", ""label"": ""Start Date"", ""default"": null, ""required"": true}, {""key"": ""interval"", ""type"": ""select"", ""label"": ""Interval"", ""default"": ""day"", ""options"": [{""label"": ""Minute"", ""value"": ""minute""}, {""label"": ""Hour"", ""value"": ""hour""}, {""label"": ""Day"", ""value"": ""day""}, {""label"": ""Week"", ""value"": ""week""}, {""label"": ""Month"", ""value"": ""month""}], ""required"": false}]"
wallet.dex_whale_profit_ranks,wallet,dex,dex_whale_profit_ranks,Whale Profit Ranking,Dune dex.trades,Ranks top wallets by estimated profit from stablecoin trades.,generic,"[""wallet:string"",""total_volume:number"",""total_trades:number"",""profit_usd:number""]","[{""key"": ""chain"", ""type"": ""chain"", ""label"": ""Chain"", ""default"": ""ethereum"", ""required"": true, ""options"": [{""label"": ""Ethereum"", ""value"": ""ethereum""}, {""label"": ""Base"", ""value"": ""base""}, {""label"": ""Optimism"", ""value"": ""optimism""}, {""label"": ""Arbitrum"", ""value"": ""arbitrum""}, {""label"": ""Polygon"", ""value"": ""polygon""}, {""label"": ""BSC"", ""value"": ""bsc""}, {""label"": ""Avalanche"", ""value"": ""avalanche""}, {""label"": ""Celo"", ""value"": ""celo""}]}, {""key"": ""min_usd"", ""type"": ""number"", ""label"": ""Min USD"", ""default"": ""100000"", ""required"": false}]"
wallet.dormant_wallet_reawakening,wallet,wallet,dormant_wallet_reawakening,Reawakened Wallets,Ethereum Transactions,Identifies wallets dormant over 30 days now active.,generic,"[""wallet:string"",""days_dormant:number""]","[{""key"": ""lookback_days"", ""type"": ""number"", ""label"": ""Lookback Days"", ""default"": ""30"", ""required"": true}]"
wallet.first_funder_detection,wallet,identity,first_funder_detection,First Funder Analysis,New Address Funding,Identifies first funder for recently created addresses.,generic,"[""block_time:timestamp"", ""sender_address:string"", ""recipient_address:string"", ""amount:number"", ""tx_hash:string""]","[{""key"": ""lookback_days"", ""type"": ""number"", ""label"": ""Lookback Days"", ""default"": ""30"", ""required"": true}]"
wallet.first_interactor_rank,wallet,identity,first_interactor_rank,First TX Senders,Ethereum first payers,Ranks addresses by count of first transactions to contracts.,generic,"[""from_address:string"",""num_first_txs:number""]","[{""key"": ""min_value"", ""type"": ""number"", ""label"": ""Min Value USD"", ""default"": ""0"", ""required"": false}]"
wallet.fund_flow_trace,wallet,identity,fund_flow_trace,Fund flow trace,Multi-hop flow tracing,Multi-hop ETH and token flows from an address — follow money N hops deep.,generic,[],"[{""key"": ""chain"", ""type"": ""chain"", ""label"": ""Chain"", ""default"": ""ethereum"", ""options"": [{""label"": ""Ethereum"", ""value"": ""ethereum""}, {""label"": ""Base"", ""value"": ""base""}, {""label"": ""Optimism"", ""value"": ""optimism""}, {""label"": ""Arbitrum"", ""value"": ""arbitrum""}, {""label"": ""Polygon"", ""value"": ""polygon""}, {""label"": ""BSC"", ""value"": ""bsc""}, {""label"": ""Avalanche"", ""value"": ""avalanche""}, {""label"": ""Celo"", ""value"": ""celo""}], ""required"": true}, {""key"": ""wallet"", ""type"": ""address"", ""label"": ""Starting address"", ""required"": true, ""placeholder"": ""0x...""}, {""key"": ""hops"", ""type"": ""select"", ""label"": ""Hops depth"", ""default"": ""2"", ""options"": [{""label"": ""1 hop"", ""value"": ""1""}, {""label"": ""2 hops"", ""value"": ""2""}, {""label"": ""3 hops"", ""value"": ""3""}, {""label"": ""5 hops"", ""value"": ""5""}], ""required"": true}, {""key"": ""min_eth"", ""type"": ""select"", ""label"": ""Min transfer value (ETH)"", ""default"": ""0.1"", ""options"": [{""label"": ""Any"", ""value"": ""0""}, {""label"": ""> 0.01 ETH"", ""value"": ""0.01""}, {""label"": ""> 0.1 ETH"", ""value"": ""0.1""}, {""label"": ""> 1 ETH"", ""value"": ""1""}], ""required"": true}, {""key"": ""days"", ""type"": ""select"", ""label"": ""Time range"", ""default"": ""30"", ""options"": [{""label"": ""Last 7 days"", ""value"": ""7""}, {""label"": ""Last 30 days"", ""value"": ""30""}, {""label"": ""Last 90 days"", ""value"": ""90""}, {""label"": ""Last 180 days"", ""value"": ""180""}, {""label"": ""Last year"", ""value"": ""365""}, {""label"": ""All time"", ""value"": ""all""}], ""required"": true}]"
wallet.high_freq_transfer_detector,wallet,bot,high_freq_transfer_detector,Bot signals,Rolling transfers,Detects wallets with >=3000 transfers to same address in rolling 1-day window.,generic,"[""wallet:string"",""recipient:string"",""transfers:number""]","[{""key"": ""date_range"", ""type"": ""date_range"", ""label"": ""Date Range"", ""default"": {""to"": """", ""from"": """"}, ""required"": true}, {""key"": ""threshold number of transfers"", ""type"": ""number"", ""label"": ""Threshold Number Of Transfers"", ""default"": ""3000"", ""required"": false}]"
wallet.high_volume_trader_contracts,wallet,whale,high_volume_trader_contracts,Whale Contract Leaderboard,Ethereum Txs,Ranks contracts by interactions from high-volume ETH traders.,generic,"[""contract_address:string"",""interaction_count:number"",""unique_traders:number"",""total_value_eth:number""]","[{""key"": ""date_from"", ""type"": ""date"", ""label"": ""Start Date"", ""default"": null, ""required"": true}, {""key"": ""lookback_days"", ""type"": ""number"", ""label"": ""Lookback Days"", ""default"": ""30"", ""required"": true}, {""key"": ""threshold_usd"", ""type"": ""number"", ""label"": ""Min USD Threshold"", ""default"": ""2000000"", ""required"": true}]"
wallet.investor_category_volume,wallet,wallet,investor_category_volume,Tx by Category,Ethereum Transactions,Categorizes transactions by investor size thresholds.,generic,"[""category:string"",""tx_count:number""]","[{""key"": ""date_from"", ""type"": ""date"", ""label"": ""Start Date"", ""default"": null, ""required"": true}, {""key"": ""min_usd"", ""type"": ""number"", ""label"": ""Min USD"", ""default"": ""1000"", ""required"": false}]"
wallet.monthly_new_addresses,wallet,cohort,monthly_new_addresses,New Addresses Monthly,First appearance union,Counts unique addresses by month of first transaction appearance.,generic,"[""month:date"", ""new_addresses:number""]","[{""key"": ""lookback_days"", ""type"": ""number"", ""label"": ""Lookback Days"", ""default"": ""30"", ""required"": false}]"
wallet.monthly_top_outbound_recipients,wallet,transfers,monthly_top_outbound_recipients,Monthly outbound ranking,Ethereum traces,Ranks top ETH outbound recipient addresses monthly by volume.,generic,"[""month:date"",""to_address:string"",""eth_out:number"",""tx_count:number"",""rank:number""]","[{""key"": ""wallet_address"", ""type"": ""address"", ""label"": ""Wallet Address"", ""default"": null, ""required"": true}, {""key"": ""date_from"", ""type"": ""date"", ""label"": ""Start Date"", ""default"": null, ""required"": true}]"
wallet.multi_wallet_compare,wallet,cohort,multi_wallet_compare,Multi-wallet comparison,Wallet cohort comparison,Side-by-side activity metrics for a set of wallets — cohort and team analysis.,generic,[],"[{""key"": ""chain"", ""type"": ""chain"", ""label"": ""Chain"", ""default"": ""ethereum"", ""options"": [{""label"": ""Ethereum"", ""value"": ""ethereum""}, {""label"": ""Base"", ""value"": ""base""}, {""label"": ""Optimism"", ""value"": ""optimism""}, {""label"": ""Arbitrum"", ""value"": ""arbitrum""}, {""label"": ""Polygon"", ""value"": ""polygon""}, {""label"": ""BSC"", ""value"": ""bsc""}, {""label"": ""Avalanche"", ""value"": ""avalanche""}, {""label"": ""Celo"", ""value"": ""celo""}], ""required"": true}, {""key"": ""wallets"", ""type"": ""address[]"", ""label"": ""Wallet addresses"", ""required"": true, ""placeholder"": ""0x...""}, {""key"": ""days"", ""type"": ""select"", ""label"": ""Time range"", ""default"": ""30"", ""options"": [{""label"": ""Last 7 days"", ""value"": ""7""}, {""label"": ""Last 30 days"", ""value"": ""30""}, {""label"": ""Last 90 days"", ""value"": ""90""}, {""label"": ""Last 180 days"", ""value"": ""180""}, {""label"": ""Last year"", ""value"": ""365""}, {""label"": ""All time"", ""value"": ""all""}], ""required"": true}]"
wallet.new_existing_user_split,wallet,cohort,new_existing_user_split,New vs returning DAU,solana.transactions cohort CTE,Splits daily active users into new and returning cohorts.,generic,"[""time:timestamp"", ""new:number"", ""existing:number"", ""dau:number""]","[{""key"": ""protocol"", ""type"": ""text"", ""label"": ""Protocol"", ""default"": null, ""required"": true}, {""key"": ""lookback_days"", ""type"": ""number"", ""label"": ""Lookback Days"", ""default"": ""90"", ""required"": false}]"
wallet.new_user_first_method,wallet,wallet,new_user_first_method,New User Methods,Ethereum Transactions,Counts first method calls by new addresses.,generic,"[""methodId:string"",""tx_count:number""]","[{""key"": ""date_from"", ""type"": ""date"", ""label"": ""Start Date"", ""default"": ""90"", ""required"": false}]"
wallet.new_users_monthly,wallet,wallet,new_users_monthly,Monthly New Users,Ethereum Transactions,Counts monthly new users based on first transaction.,generic,"[""month:date"", ""new_users:number""]","[{""key"": ""months"", ""type"": ""number"", ""label"": ""Months Back"", ""default"": null, ""required"": true}]"
wallet.new_vs_returning_daily_users,wallet,wallet,new_vs_returning_daily_users,User cohort analysis,ethereum.transactions,Counts new users and total active users daily.,generic,"[""date:date"", ""new_users:number"", ""total_active_users:number""]","[{""key"": ""lookback_days"", ""type"": ""number"", ""label"": ""Lookback Days"", ""default"": null, ""required"": true}]"
wallet.pnl,wallet,pnl,pnl,Wallet PnL tracker,ERC20 buy/sell cost basis,Realised profit/loss for a wallet across all ERC20 tokens in a time window.,generic,[],"[{""key"": ""chain"", ""type"": ""chain"", ""label"": ""Chain"", ""default"": ""ethereum"", ""options"": [{""label"": ""Ethereum"", ""value"": ""ethereum""}, {""label"": ""Base"", ""value"": ""base""}, {""label"": ""Optimism"", ""value"": ""optimism""}, {""label"": ""Arbitrum"", ""value"": ""arbitrum""}, {""label"": ""Polygon"", ""value"": ""polygon""}, {""label"": ""BSC"", ""value"": ""bsc""}, {""label"": ""Avalanche"", ""value"": ""avalanche""}, {""label"": ""Celo"", ""value"": ""celo""}], ""required"": true}, {""key"": ""wallet"", ""type"": ""address"", ""label"": ""Wallet address"", ""required"": true, ""placeholder"": ""0x...""}, {""key"": ""days"", ""type"": ""select"", ""label"": ""Time range"", ""default"": ""30"", ""options"": [{""label"": ""Last 7 days"", ""value"": ""7""}, {""label"": ""Last 30 days"", ""value"": ""30""}, {""label"": ""Last 90 days"", ""value"": ""90""}, {""label"": ""Last 180 days"", ""value"": ""180""}, {""label"": ""Last year"", ""value"": ""365""}, {""label"": ""All time"", ""value"": ""all""}], ""required"": true}]"
wallet.portfolio_snapshot,wallet,balance,portfolio_snapshot,Portfolio snapshot,Current ERC20 holdings,Current ERC20 token holdings for a wallet with USD values.,generic,[],"[{""key"": ""chain"", ""type"": ""chain"", ""label"": ""Chain"", ""default"": ""ethereum"", ""options"": [{""label"": ""Ethereum"", ""value"": ""ethereum""}, {""label"": ""Base"", ""value"": ""base""}, {""label"": ""Optimism"", ""value"": ""optimism""}, {""label"": ""Arbitrum"", ""value"": ""arbitrum""}, {""label"": ""Polygon"", ""value"": ""polygon""}, {""label"": ""BSC"", ""value"": ""bsc""}, {""label"": ""Avalanche"", ""value"": ""avalanche""}, {""label"": ""Celo"", ""value"": ""celo""}], ""required"": true}, {""key"": ""wallet"", ""type"": ""address"", ""label"": ""Wallet address"", ""required"": true, ""placeholder"": ""0x...""}]"
wallet.protocol_cohort_retention,wallet,retention,protocol_cohort_retention,Retention Rates,Transaction Cohorts,Computes weekly cohort retention for protocol users.,protocol,"[""cohort_week:number"",""retention_day:number"",""active_users:number"",""retention_rate:number""]","[{""key"": ""contract_address"", ""type"": ""address"", ""label"": ""Contract Address"", ""default"": null, ""required"": true}, {""key"": ""lookback_days"", ""type"": ""number"", ""label"": ""Lookback Days"", ""default"": ""35"", ""required"": false}]"
wallet.protocol_dau_moving_average,wallet,wallet,protocol_dau_moving_average,DAU Moving Avg,Ethereum Transactions,Calculates DAU with rolling 7-day average.,generic,"[""day:date"", ""daily_active_users:number"", ""avg_dau_7d:number""]","[{""key"": ""contract_address"", ""type"": ""address"", ""label"": ""Contract Address"", ""default"": null, ""required"": true}, {""key"": ""lookback_days"", ""type"": ""number"", ""label"": ""Lookback Days"", ""default"": ""365"", ""required"": true}]"
wallet.realized_unrealized_gains,wallet,pnl,realized_unrealized_gains,Realised vs unrealised gains,Cost basis vs current value,Token-level cost basis vs current value — which positions are in profit.,generic,[],"[{""key"": ""chain"", ""type"": ""chain"", ""label"": ""Chain"", ""default"": ""ethereum"", ""options"": [{""label"": ""Ethereum"", ""value"": ""ethereum""}, {""label"": ""Base"", ""value"": ""base""}, {""label"": ""Optimism"", ""value"": ""optimism""}, {""label"": ""Arbitrum"", ""value"": ""arbitrum""}, {""label"": ""Polygon"", ""value"": ""polygon""}, {""label"": ""BSC"", ""value"": ""bsc""}, {""label"": ""Avalanche"", ""value"": ""avalanche""}, {""label"": ""Celo"", ""value"": ""celo""}], ""required"": true}, {""key"": ""wallet"", ""type"": ""address"", ""label"": ""Wallet address"", ""required"": true, ""placeholder"": ""0x...""}]"
wallet.reverse_tx_detector,wallet,identity,reverse_tx_detector,Paired reverse transfers,Circular flow signals,Detects A-to-B followed by B-to-A tx pairs as potential cycles.,generic,"[""wallet:string"",""pair_count:number""]","[{""key"": ""lookback_days"", ""type"": ""number"", ""label"": ""Lookback Days"", ""default"": ""30"", ""required"": false}]"
wallet.single_contract_loyalty,wallet,identity,single_contract_loyalty,Single Contract Users,Ethereum Transactions,Counts monthly users loyal to one contract.,generic,"[""month_start:date"", ""single_contract_users:number""]","[{""key"": ""lookback_days"", ""type"": ""number"", ""label"": ""Lookback Days"", ""default"": ""365"", ""required"": false}]"
wallet.single_protocol_loyal_users,wallet,identity,single_protocol_loyal_users,Loyal User Leaderboard,User-Contract Interactions,Ranks protocols by exclusive high-activity users.,generic,"[""contract:string"",""loyal_users:number"",""total_txs:number""]","[{""key"": ""date_from"", ""type"": ""date"", ""label"": ""Start Date"", ""default"": ""1 year ago"", ""required"": false}, {""key"": ""min_txs"", ""type"": ""number"", ""label"": ""Min Tx Threshold"", ""default"": ""10"", ""required"": false}]"
wallet.smart_money,wallet,whale,smart_money,Smart money tracker,Early-trader profit ranking,Top profitable wallets trading a token — find who's consistently early.,generic,[],"[{""key"": ""chain"", ""type"": ""chain"", ""label"": ""Chain"", ""default"": ""ethereum"", ""options"": [{""label"": ""Ethereum"", ""value"": ""ethereum""}, {""label"": ""Base"", ""value"": ""base""}, {""label"": ""Optimism"", ""value"": ""optimism""}, {""label"": ""Arbitrum"", ""value"": ""arbitrum""}, {""label"": ""Polygon"", ""value"": ""polygon""}, {""label"": ""BSC"", ""value"": ""bsc""}, {""label"": ""Avalanche"", ""value"": ""avalanche""}, {""label"": ""Celo"", ""value"": ""celo""}], ""required"": true}, {""key"": ""token_address"", ""type"": ""token_address"", ""label"": ""Token address"", ""required"": true, ""placeholder"": ""0x...""}, {""key"": ""days"", ""type"": ""select"", ""label"": ""Time range"", ""default"": ""30"", ""options"": [{""label"": ""Last 7 days"", ""value"": ""7""}, {""label"": ""Last 30 days"", ""value"": ""30""}, {""label"": ""Last 90 days"", ""value"": ""90""}, {""label"": ""Last 180 days"", ""value"": ""180""}, {""label"": ""Last year"", ""value"": ""365""}, {""label"": ""All time"", ""value"": ""all""}], ""required"": true}, {""key"": ""top_n"", ""type"": ""select"", ""label"": ""Top N wallets"", ""default"": ""25"", ""options"": [{""label"": ""Top 10"", ""value"": ""10""}, {""label"": ""Top 25"", ""value"": ""25""}, {""label"": ""Top 50"", ""value"": ""50""}, {""label"": ""Top 100"", ""value"": ""100""}], ""required"": true}]"
wallet.stack_wallet_usage_classifier,wallet,stack,stack_wallet_usage_classifier,Wallet Activity Score,Post-Creation Events,Classifies Stack wallet usage by post-creation events like liquidations and supplies.,protocol:stack,"[""wallet:string"", ""creation_time:timestamp"", ""activity_score:number"", ""signals:string""]","[{""key"": ""top_n"", ""type"": ""number"", ""label"": ""Top N"", ""default"": ""250"", ""required"": false}, {""key"": ""lookback_days"", ""type"": ""number"", ""label"": ""Lookback Days"", ""default"": ""30"", ""required"": true}]"
wallet.sustained_activity_bots,wallet,bot,sustained_activity_bots,Bot Detection,Hourly activity threshold,Flags addresses with sustained high activity (12+ hours/day).,generic,"[""address:string"",""active_hours:number"",""bot_score:number""]","[{""key"": ""date_from"", ""type"": ""date"", ""label"": ""Start Date"", ""default"": null, ""required"": true}, {""key"": ""threshold_hours"", ""type"": ""number"", ""label"": ""Min Hours/Day"", ""default"": ""12"", ""required"": false}]"
wallet.top_balance_increasers,wallet,whales,top_balance_increasers,Top Gainers,solana.account_activity,Ranks wallets by net positive SOL balance change since date.,generic,"[""address:string"",""balance_change:number"",""link:string""]","[{""key"": ""date_from"", ""type"": ""date"", ""label"": ""Start Date"", ""default"": null, ""required"": true}, {""key"": ""top_n"", ""type"": ""number"", ""label"": ""Top N"", ""default"": ""1000"", ""required"": false}]"
wallet.tx_count_cdf,wallet,activity,tx_count_cdf,Activity Distribution,Wallet Cohorts,Computes cumulative distribution of wallet transaction counts.,generic,"[""total_txs:number"",""addresses:number"",""percentile:number""]","[{""key"": ""lookback_days"", ""type"": ""number"", ""label"": ""Lookback Days"", ""default"": ""365"", ""required"": false}]"
wallet.tx_flow_tracer,wallet,identity,tx_flow_tracer,multi-hop tracer,address path analysis,Traces transaction flows from start wallet through intermediate hops to target.,generic,"[""block_time:timestamp"", ""from:string"", ""to:string"", ""value:number"", ""hop:number""]","[{""key"": ""start_wallet"", ""type"": ""address"", ""label"": ""\""Start Wallet\"""", ""default"": null, ""required"": true}, {""key"": ""target_contract"", ""type"": ""address"", ""label"": ""\""Target Contract\"""", ""default"": null, ""required"": true}, {""key"": ""max_hops"", ""type"": ""number"", ""label"": ""\""Max Hops\"""", ""default"": ""5"", ""required"": false}]"
wallet.tx_frequency_distribution,wallet,activity,tx_frequency_distribution,Transaction Frequency Buckets,Ethereum Transactions,Buckets wallets by transaction count in lookback period revealing power user distribution.,generic,"[""bucket:string"",""wallet_count:number""]","[{""key"": ""lookback_days"", ""type"": ""number"", ""label"": ""Lookback Days"", ""default"": ""30"", ""required"": true}]"
wallet.user_activity_cohort,wallet,behavior,user_activity_cohort,User Activity Buckets,Transaction frequency cohorts,Classifies users into cohorts by lifetime transaction count.,protocol:bridge,"[""cohort:string"",""address_count:number""]","[{""key"": ""date_from"", ""type"": ""date"", ""label"": ""Start Date"", ""default"": null, ""required"": true}]"
wallet.user_cohort_activity,wallet,cohort,user_cohort_activity,Cohort metrics,Monthly user summary,"Computes monthly cohort metrics by initial active date: avg txs, gas, ETH transferred.",generic,"[""block_date:date"", ""user_count:number"", ""avg_tx_count:number"", ""avg_gas:number""]","[{""key"": ""date_from"", ""type"": ""date"", ""label"": ""Start Date"", ""default"": null, ""required"": true}]"
wallet.user_tx_bucket_distribution,wallet,retention,user_tx_bucket_distribution,Power User Buckets,Lifetime tx cohorts,Classifies users into transaction volume buckets for power law analysis.,generic,"[""bucket:string"",""user_count:number"",""pct_users:number""]","[{""key"": ""date_from"", ""type"": ""date"", ""label"": ""Start Date"", ""default"": null, ""required"": true}]"
wallet.user_tx_frequency_buckets,wallet,wallet,user_tx_frequency_buckets,User Frequency Buckets,Dune Solana Transactions,Buckets daily active users by transaction frequency.,generic,"[""block_date:date"",""bucket:string"",""user_count:number"",""sol_balance:number""]","[{""key"": ""date_range"", ""type"": ""date_range"", ""label"": ""Date Range"", ""default"": {""to"": """", ""from"": """"}, ""required"": true}]"
wallet.wallet_activity_cdf,wallet,wallet,wallet_activity_cdf,Activity Distribution,Ethereum Transactions,Computes PDF/CDF of wallets by active days.,generic,"[""days:number"",""pdf:number"",""cdf:number""]","[{""key"": ""lookback_days"", ""type"": ""number"", ""label"": ""Lookback Days"", ""default"": ""365"", ""required"": false}]"
wallet.wallet_activity_cohorts,wallet,activity,wallet_activity_cohorts,DAU/WAU/MAU,ethereum.traces unique callers,Computes daily/weekly/monthly active unique wallets.,protocol,"[""period:string"",""dau:number"",""wau:number"",""mau:number""]","[{""key"": ""contract_address"", ""type"": ""address"", ""label"": ""Contract Address"", ""default"": null, ""required"": true}, {""key"": ""date_from"", ""type"": ""date"", ""label"": ""Start Date"", ""default"": null, ""required"": true}]"
wallet.wallet_activity_summary,wallet,activity,wallet_activity_summary,Lifetime Metrics,solana.account_activity,"Summarizes total transactions, activity span, and current balance.",generic,"[""total_transactions:number"",""first_activity:date"",""last_activity:date"",""current_balance_sol:number""]","[{""key"": ""wallet_address"", ""type"": ""address"", ""label"": ""Wallet Address"", ""default"": null, ""required"": true}, {""key"": ""lookback_days"", ""type"": ""number"", ""label"": ""Lookback Days"", ""default"": ""7"", ""required"": false}]"
wallet.wallet_age,wallet,wallet,wallet_age,Wallet age & first activity,First transaction date lookup,"First transaction date, wallet age in days, and first counterparty.",generic,[],"[{""key"": ""chain"", ""type"": ""chain"", ""label"": ""Chain"", ""default"": ""ethereum"", ""options"": [{""label"": ""Ethereum"", ""value"": ""ethereum""}, {""label"": ""Base"", ""value"": ""base""}, {""label"": ""Optimism"", ""value"": ""optimism""}, {""label"": ""Arbitrum"", ""value"": ""arbitrum""}, {""label"": ""Polygon"", ""value"": ""polygon""}, {""label"": ""BSC"", ""value"": ""bsc""}, {""label"": ""Avalanche"", ""value"": ""avalanche""}, {""label"": ""Celo"", ""value"": ""celo""}], ""required"": true}, {""key"": ""wallet"", ""type"": ""address"", ""label"": ""Wallet address"", ""required"": true, ""placeholder"": ""0x...""}]"
wallet.wallet_age_calculator,wallet,wallet,wallet_age_calculator,Wallet Age Metrics,ethereum.transactions,"Computes wallet creation date, age in days, and inactivity period.",generic,"[""wallet_address:string"", ""first_transaction_date:date"", ""wallet_age_days:number"", ""inactive_since_in_days:number""]","[{""key"": ""wallet_address"", ""type"": ""address"", ""label"": ""Wallet Address"", ""default"": null, ""required"": true}]"
wallet.wallet_age_distribution,wallet,cohort,wallet_age_distribution,Age cohorts,First tx cohort,Classifies wallets into age cohorts based on days since first transaction.,generic,"[""cohort:string"",""wallet_count:number""]","[{""key"": ""date_to"", ""type"": ""date"", ""label"": ""End Date"", ""default"": null, ""required"": true}]"
wallet.wallet_behavior_metrics,wallet,behavior,wallet_behavior_metrics,Behavioral stats,transfer patterns,Aggregates transaction patterns for wallet classification.,generic,"[""wallet:string"",""total_transactions:number"",""active_days:number"",""total_volume_usd:number"",""bot_score:number""]","[{""key"": ""wallet_address"", ""type"": ""address"", ""label"": ""Wallet Address"", ""default"": null, ""required"": false}, {""key"": ""date_from"", ""type"": ""date"", ""label"": ""Start Date"", ""default"": null, ""required"": true}, {""key"": ""lookback_days"", ""type"": ""number"", ""label"": ""Lookback Days"", ""default"": ""30"", ""required"": false}]"
wallet.wallet_creation_timeseries,wallet,identity,wallet_creation_timeseries,Wallet Creations,Ethereum Traces,Counts wallet creations over time from deployers.,generic,"[""month:date"", ""created_wallets:number"", ""cumulative_wallets:number""]","[{""key"": ""deployers"", ""type"": ""address"", ""label"": ""Deployer Addresses"", ""default"": null, ""required"": true}, {""key"": ""interval"", ""type"": ""select"", ""label"": ""Interval"", ""default"": ""month"", ""options"": [{""label"": ""Minute"", ""value"": ""minute""}, {""label"": ""Hour"", ""value"": ""hour""}, {""label"": ""Day"", ""value"": ""day""}, {""label"": ""Week"", ""value"": ""week""}, {""label"": ""Month"", ""value"": ""month""}], ""required"": true}]"
wallet.wallet_cumulative_gas_fees,wallet,gas,wallet_cumulative_gas_fees,Cumulative Gas Fees,Wallet Transactions,Cumulative ETH spent on gas fees by wallet over time.,generic,"[""block_time:timestamp"",""cumulative_eth:number""]","[{""key"": ""lookback_days"", ""type"": ""number"", ""label"": ""Lookback Days"", ""default"": ""30"", ""required"": false}]"
wallet.wallet_daily_net_flow,wallet,balance,wallet_daily_net_flow,Daily net ETH flow,Ethereum traces,"Computes daily net ETH inflow, outflow, and balance change per wallet.",generic,"[""wallet_address:string"",""day:date"",""inflow:number"",""outflow:number"",""net:number""]","[{""key"": ""date_range"", ""type"": ""date_range"", ""label"": ""Date Range"", ""default"": {""to"": """", ""from"": """"}, ""required"": true}, {""key"": ""wallet_address"", ""type"": ""address"", ""label"": ""Wallet Address"", ""default"": null, ""required"": false}]"
wallet.wallet_flow_hops,wallet,identity,wallet_flow_hops,money flow paths,recursive tx tracing,Traces multi-hop ETH flows from starting wallet.,generic,"[""block_time:timestamp"", ""sender:string"", ""recipient:string"", ""eth_value:number"", ""hop:number""]","[{""key"": ""wallet_address"", ""type"": ""address"", ""label"": ""Wallet Address"", ""default"": null, ""required"": true}]"
wallet.wallet_inflow_outflow,wallet,wallet,wallet_inflow_outflow,Inflow/Outflow Summary,Ethereum transactions,Computes inflows and outflows for specified wallet over date range.,generic,"[""type:string"",""count:number"",""sum_value:number""]","[{""key"": ""wallet_address"", ""type"": ""address"", ""label"": ""Wallet Address"", ""default"": null, ""required"": true}, {""key"": ""date_range"", ""type"": ""date_range"", ""label"": ""Date Range"", ""default"": {""to"": """", ""from"": """"}, ""required"": true}]"
wallet.wallet_inflow_timeseries,wallet,inflows,wallet_inflow_timeseries,Daily Inflows,solana.account_activity,Aggregates daily incoming transactions and SOL volume for wallet.,generic,"[""day:date"",""daily_in_txs:number"",""daily_in_sol:number""]","[{""key"": ""wallet_address"", ""type"": ""address"", ""label"": ""Wallet Address"", ""default"": null, ""required"": true}, {""key"": ""date_from"", ""type"": ""date"", ""label"": ""Start Date"", ""default"": ""\""365 days ago\"""", ""required"": false}]"
wallet.wallet_nonce_distribution,wallet,bridge,wallet_nonce_distribution,User Experience Tiers,Bridge tx nonce analysis,Classifies bridge users into tiers by maximum nonce revealing tx sophistication levels.,generic,"[""nonce_range:string"",""wallet_count:number""]","[{""key"": ""contract_address"", ""type"": ""address"", ""label"": ""Contract Address"", ""default"": null, ""required"": true}, {""key"": ""lookback_days"", ""type"": ""number"", ""label"": ""Lookback Days"", ""default"": ""365"", ""required"": false}]"
wallet.weekly_user_retention_cohort,wallet,cohort,weekly_user_retention_cohort,Weekly Retention Matrix,Ethereum Txs,Computes weekly cohort retention for active users.,generic,"[""cohort_week:date"", ""activity_week:date"", ""retention_rate:number""]","[{""key"": ""date_from"", ""type"": ""date"", ""label"": ""Start Date"", ""default"": null, ""required"": true}, {""key"": ""lookback_days"", ""type"": ""number"", ""label"": ""Lookback Days"", ""default"": ""90"", ""required"": true}]"
wallet.whale_top_destinations,wallet,whale,whale_top_destinations,Whale Counterparties,Top spenders top tos,Identifies top N value-sending wallets in period and ranks their top M destinations by total value.,generic,"[""whale_from:string"",""top_to:string"",""total_value:number"",""destination_rank:number""]","[{""key"": ""date_from"", ""type"": ""date"", ""label"": ""Start Date"", ""default"": null, ""required"": true}, {""key"": ""top_n_whales"", ""type"": ""number"", ""label"": ""Top Whale Tx Count"", ""default"": ""10"", ""required"": false}, {""key"": ""top_n_dests"", ""type"": ""number"", ""label"": ""Top Dest per Whale"", ""default"": ""5"", ""required"": false}]"
wallet.whale_watcher,wallet,whale,whale_watcher,Whale watcher,Large transfer threshold alerts,Large token transfers above a USD threshold — whale movement for any token.,generic,[],"[{""key"": ""chain"", ""type"": ""chain"", ""label"": ""Chain"", ""default"": ""ethereum"", ""options"": [{""label"": ""Ethereum"", ""value"": ""ethereum""}, {""label"": ""Base"", ""value"": ""base""}, {""label"": ""Optimism"", ""value"": ""optimism""}, {""label"": ""Arbitrum"", ""value"": ""arbitrum""}, {""label"": ""Polygon"", ""value"": ""polygon""}, {""label"": ""BSC"", ""value"": ""bsc""}, {""label"": ""Avalanche"", ""value"": ""avalanche""}, {""label"": ""Celo"", ""value"": ""celo""}], ""required"": true}, {""key"": ""token_address"", ""type"": ""token_address"", ""label"": ""Token address"", ""required"": true, ""placeholder"": ""0x...""}, {""key"": ""min_usd"", ""type"": ""select"", ""label"": ""Min transfer value"", ""default"": ""100000"", ""options"": [{""label"": ""> $10,000"", ""value"": ""10000""}, {""label"": ""> $100,000"", ""value"": ""100000""}, {""label"": ""> $1,000,000"", ""value"": ""1000000""}, {""label"": ""> $10,000,000"", ""value"": ""10000000""}], ""required"": true}, {""key"": ""days"", ""type"": ""select"", ""label"": ""Time range"", ""default"": ""7"", ""options"": [{""label"": ""Last 7 days"", ""value"": ""7""}, {""label"": ""Last 30 days"", ""value"": ""30""}, {""label"": ""Last 90 days"", ""value"": ""90""}, {""label"": ""Last 180 days"", ""value"": ""180""}, {""label"": ""Last year"", ""value"": ""365""}, {""label"": ""All time"", ""value"": ""all""}], ""required"": true}]"
